0,hold,19.6
1,hold,20.2
2,hold,21.5
3,hold,21.1
4,hold,21.0
5,hold,19.9
6,hold,19.3
7,hold,19.7
8,hold,19.2
9,hold,19.2
10,hold,18.6
11,hold,19.0
12,hold,19.5
13,buy,19.6
14,hold,20.9
15,hold,22.1
16,hold,20.6
17,hold,19.2
18,hold,17.9
19,sell,17.1
20,hold,17.1
21,hold,18.2
22,hold,18.7
23,hold,19.1
24,hold,18.9
25,hold,19.0
26,hold,19.1
27,hold,18.8
28,hold,18.5
29,hold,18.3
30,hold,17.7
31,hold,18.5
32,hold,18.7
33,hold,18.8
34,hold,18.3
35,hold,18.7
36,hold,18.9
37,hold,18.8
38,hold,18.3
39,hold,17.9
40,hold,17.6
41,hold,16.5
42,hold,15.9
43,hold,16.2
44,hold,15.5
45,hold,14.45
46,hold,13.6
47,hold,14.55
48,hold,13.55
49,hold,13.9
50,hold,14.85
51,hold,13.9
52,hold,14.35
53,hold,14.5
54,hold,14.6
55,hold,14.0
56,hold,13.5
57,hold,14.1
58,hold,15.0
59,hold,15.0
60,hold,15.0
61,hold,14.8
62,hold,14.4
63,hold,14.45
64,hold,14.45
65,hold,14.8
66,hold,14.25
67,hold,14.45
68,hold,14.2
69,hold,13.7
70,hold,13.95
71,hold,14.4
72,hold,14.65
73,hold,14.95
74,hold,14.5
75,hold,14.2
76,hold,13.65
77,hold,14.0
78,hold,13.75
79,hold,14.25
80,hold,14.0
81,hold,14.25
82,hold,14.7
83,hold,14.7
84,buy,14.95
85,hold,14.45
86,hold,14.6
87,hold,15.0
88,hold,14.95
89,hold,14.55
90,hold,14.6
91,hold,14.9
92,hold,14.7
93,hold,14.55
94,hold,14.7
95,hold,15.1
96,hold,14.95
97,hold,14.65
98,hold,14.7
99,hold,14.55
100,hold,14.65
101,hold,14.4
102,sell,14.65
103,hold,14.6
104,hold,14.55
105,hold,14.65
106,hold,14.85
107,buy,15.0
108,hold,14.75
109,hold,15.0
110,hold,14.85
111,hold,15.3
112,hold,15.2
113,hold,15.2
114,hold,14.85
115,hold,14.65
116,hold,14.85
117,hold,14.65
118,sell,14.15
119,hold,14.35
120,hold,14.4
121,hold,14.25
122,hold,14.55
123,hold,15.1
124,hold,15.0
125,buy,14.9
126,hold,15.3
127,hold,15.3
128,hold,15.6
129,hold,15.8
130,hold,15.6
131,hold,15.6
132,hold,15.5
133,hold,15.5
134,hold,15.9
135,hold,15.7
136,hold,15.5
137,hold,15.5
138,hold,15.8
139,hold,15.6
140,hold,15.2
141,hold,15.1
142,hold,14.75
143,sell,15.2
144,hold,15.8
145,buy,15.5
146,hold,15.5
147,hold,15.6
148,hold,15.7
149,hold,15.8
150,hold,16.4
151,hold,16.5
152,hold,16.5
153,hold,16.4
154,hold,16.7
155,hold,16.8
156,hold,16.8
157,hold,16.6
158,hold,16.2
159,hold,15.9
160,hold,15.4
161,sell,15.6
162,hold,15.6
163,hold,15.8
164,hold,15.7
165,hold,15.5
166,hold,15.2
167,hold,14.9
168,hold,15.2
169,hold,15.2
170,hold,15.4
171,hold,15.2
172,hold,15.3
173,hold,15.7
174,hold,15.3
175,hold,16.2
176,buy,16.5
177,hold,16.4
178,hold,16.0
179,hold,16.0
180,hold,16.2
181,hold,16.4
182,hold,16.4
183,hold,16.6
184,hold,16.5
185,hold,16.3
186,hold,15.9
187,hold,15.9
188,hold,16.0
189,hold,16.0
190,hold,15.7
191,sell,15.4
192,hold,15.9
193,hold,15.6
194,hold,15.8
195,hold,16.1
196,hold,16.2
197,buy,16.2
198,hold,16.3
199,hold,16.5
200,hold,16.5
201,hold,16.5
202,hold,16.3
203,hold,16.4
204,hold,16.1
205,hold,16.1
206,hold,16.4
207,hold,16.2
208,hold,16.1
209,hold,16.4
210,hold,16.1
211,hold,16.0
212,sell,16.1
213,hold,16.4
214,buy,16.5
215,hold,16.6
216,hold,16.8
217,hold,16.4
218,hold,16.1
219,hold,16.0
220,sell,15.8
221,hold,15.9
222,hold,16.1
223,hold,15.7
224,hold,15.7
225,hold,15.8
226,hold,15.9
227,hold,15.9
228,hold,15.8
229,hold,15.7
230,hold,15.4
231,hold,15.0
232,hold,15.0
233,hold,15.1
234,hold,14.9
235,hold,14.75
236,hold,15.0
237,hold,15.0
238,hold,14.9
239,hold,15.0
240,hold,15.0
241,hold,15.3
242,hold,15.8
243,hold,15.5
244,buy,15.4
245,hold,15.5
246,hold,15.4
247,hold,15.3
248,sell,15.4
249,buy,15.7
250,hold,15.75
251,hold,15.5
252,hold,15.5
253,hold,15.45
254,hold,15.75
255,hold,15.8
256,hold,15.5
257,hold,15.4
258,hold,15.45
259,hold,15.45
260,sell,15.35
261,hold,15.3
262,hold,15.15
263,hold,14.9
264,hold,14.95
265,hold,14.85
266,hold,15.0
267,hold,15.05
268,hold,15.05
269,hold,14.95
270,hold,14.85
271,hold,14.65
272,hold,14.6
273,hold,14.85
274,hold,14.95
275,hold,14.8
276,hold,14.55
277,hold,14.7
278,hold,14.6
279,hold,14.35
280,hold,14.7
281,hold,14.45
282,hold,14.2
283,hold,13.45
284,hold,13.2
285,hold,13.0
286,hold,13.25
287,hold,13.45
288,hold,13.55
289,hold,13.75
290,hold,13.35
291,hold,13.75
292,hold,14.1
293,hold,14.05
294,hold,14.1
295,hold,14.3
296,buy,14.35
297,hold,14.25
298,hold,14.25
299,hold,14.35
300,hold,14.4
301,hold,14.9
302,hold,14.7
303,hold,14.55
304,hold,14.0
305,hold,14.55
306,hold,14.65
307,hold,14.45
308,hold,14.35
309,hold,14.25
310,hold,14.5
311,hold,14.6
312,hold,14.7
313,hold,14.2
314,hold,14.15
315,sell,14.15
316,hold,14.4
317,hold,14.45
318,buy,14.25
319,sell,14.35
320,hold,14.8
321,buy,15.1
322,hold,15.0
323,hold,14.95
324,hold,15.0
325,hold,14.95
326,hold,14.9
327,hold,14.75
328,hold,14.7
329,hold,15.05
330,hold,14.95
331,hold,14.75
332,hold,15.0
333,hold,15.05
334,hold,14.85
335,hold,14.9
336,hold,14.8
337,hold,14.6
338,hold,14.55
339,sell,14.35
340,hold,14.5
341,hold,14.45
342,hold,14.6
343,hold,14.6
344,hold,14.75
345,hold,14.75
346,hold,14.75
347,buy,14.8
348,hold,15.0
349,hold,14.6
350,hold,15.3
351,hold,15.05
352,hold,14.85
353,hold,14.55
354,hold,14.55
355,sell,14.35
356,hold,14.1
357,hold,14.1
358,hold,14.2
359,hold,13.95
360,hold,13.8
361,hold,13.65
362,hold,13.85
363,hold,13.8
364,hold,13.9
365,hold,13.5
366,hold,13.25
367,hold,13.25
368,hold,13.0
369,hold,12.95
370,hold,13.1
371,hold,13.1
372,hold,12.9
373,hold,12.8
374,hold,12.35
375,hold,12.05
376,hold,11.9
377,hold,12.25
378,hold,12.7
379,hold,12.8
380,hold,12.95
381,hold,12.9
382,hold,12.8
383,hold,12.85
384,hold,12.9
385,hold,13.0
386,hold,13.05
387,hold,13.05
388,hold,13.05
389,buy,13.35
390,hold,13.3
391,hold,13.2
392,hold,13.35
393,hold,13.2
394,hold,13.15
395,hold,13.15
396,hold,13.25
397,hold,13.2
398,hold,13.35
399,hold,13.3
400,hold,13.45
401,hold,13.45
402,hold,13.55
403,hold,13.65
404,hold,13.7
405,hold,13.55
406,hold,13.5
407,hold,13.3
408,hold,13.1
409,hold,13.15
410,sell,13.1
411,hold,13.4
412,hold,13.45
413,buy,13.2
414,sell,13.35
415,hold,13.45
416,buy,13.4
417,hold,13.0
418,sell,12.9
419,hold,13.05
420,hold,13.3
421,hold,13.15
422,hold,13.3
423,hold,13.3
424,hold,13.3
425,buy,13.6
426,hold,13.6
427,hold,13.8
428,hold,13.85
429,hold,13.8
430,hold,13.9
431,hold,13.75
432,hold,13.85
433,hold,13.85
434,hold,13.7
435,hold,13.9
436,hold,13.85
437,hold,13.75
438,hold,14.1
439,hold,14.0
440,hold,14.2
441,hold,14.2
442,hold,14.3
443,hold,14.65
444,hold,14.7
445,hold,14.6
446,hold,14.5
447,hold,14.3
448,hold,14.3
449,hold,14.5
450,hold,14.5
451,hold,14.7
452,hold,15.1
453,hold,15.6
454,hold,15.6
455,hold,16.15
456,hold,15.8
457,hold,16.0
458,hold,15.6
459,hold,15.5
460,hold,15.6
461,hold,15.75
462,hold,15.6
463,hold,14.8
464,hold,14.9
465,hold,15.2
466,hold,15.75
467,hold,16.2
468,hold,16.1
469,hold,16.1
470,hold,16.35
471,hold,17.45
472,hold,18.0
473,hold,17.95
474,hold,18.0
475,hold,17.25
476,hold,17.5
477,hold,17.4
478,hold,17.1
479,hold,17.85
480,hold,18.0
481,hold,18.0
482,hold,19.05
483,hold,18.8
484,hold,18.8
485,hold,18.8
486,hold,18.95
487,hold,18.7
488,hold,18.5
489,hold,18.05
490,hold,18.3
491,hold,18.2
492,hold,18.25
493,hold,18.0
494,hold,18.0
495,hold,18.15
496,hold,18.5
497,hold,18.5
498,hold,19.75
499,hold,19.45
500,hold,19.4
501,hold,19.45
502,hold,19.7
503,hold,20.3
504,hold,20.0
505,hold,19.85
506,hold,19.85
507,hold,19.45
508,hold,19.45
509,hold,19.7
510,hold,19.9
511,hold,19.75
512,hold,19.45
513,hold,19.95
514,hold,19.75
515,hold,20.0
516,hold,19.75
517,hold,19.55
518,hold,19.7
519,hold,19.75
520,hold,19.8
521,hold,20.05
522,hold,20.0
523,hold,20.15
524,hold,20.0
525,hold,20.05
526,hold,20.0
527,hold,20.2
528,hold,20.2
529,hold,20.5
530,hold,21.9
531,hold,21.7
532,hold,22.45
533,hold,22.5
534,hold,21.85
535,hold,23.0
536,hold,23.5
537,hold,24.3
538,hold,23.5
539,hold,24.05
540,hold,24.05
541,hold,25.7
542,hold,27.0
543,hold,26.3
544,hold,26.7
545,hold,26.15
546,hold,26.3
547,hold,26.25
548,hold,25.8
549,hold,25.2
550,hold,23.45
551,hold,25.05
552,hold,24.8
553,hold,24.3
554,hold,23.55
555,sell,22.8
556,hold,24.3
557,hold,24.9
558,hold,24.8
559,buy,24.45
560,hold,23.5
561,sell,23.4
562,hold,24.0
563,hold,23.85
564,hold,23.75
565,hold,23.75
566,hold,23.7
567,hold,25.0
568,buy,25.85
569,hold,26.15
570,hold,26.35
571,hold,26.0
572,hold,27.1
573,hold,28.75
574,hold,27.5
575,hold,26.0
576,hold,26.05
577,hold,27.1
578,hold,27.7
579,hold,27.9
580,hold,27.8
581,hold,28.1
582,hold,28.2
583,hold,28.05
584,hold,26.5
585,hold,26.55
586,hold,26.8
587,hold,25.95
588,hold,26.05
589,sell,26.35
590,hold,26.5
591,hold,26.6
592,hold,25.8
593,hold,24.0
594,hold,23.0
595,hold,24.15
596,hold,25.8
597,hold,25.55
598,hold,25.8
599,hold,26.15
600,hold,25.45
601,hold,25.8
602,hold,26.2
603,buy,25.8
604,hold,25.5
605,sell,25.5
606,hold,24.7
607,hold,24.35
608,hold,23.95
609,hold,24.5
610,hold,25.1
611,hold,25.0
612,hold,24.35
613,hold,24.35
614,hold,24.3
615,hold,26.0
616,hold,26.55
617,buy,26.0
618,hold,25.0
619,hold,26.0
620,hold,26.3
621,hold,25.9
622,hold,25.85
623,hold,25.0
624,hold,25.0
625,sell,26.0
626,buy,25.1
627,sell,25.35
628,hold,26.1
629,buy,26.1
630,hold,25.8
631,hold,26.05
632,hold,26.5
633,hold,26.05
634,hold,25.2
635,hold,25.9
636,hold,25.95
637,hold,26.25
638,hold,27.7
639,hold,28.95
640,hold,28.95
641,hold,30.4
642,hold,29.7
643,hold,29.85
644,hold,29.5
645,hold,29.4
646,hold,28.8
647,hold,29.1
648,hold,30.4
649,hold,30.3
650,hold,29.9
651,hold,30.4
652,hold,32.15
653,hold,31.4
654,hold,31.2
655,hold,31.2
656,hold,30.75
657,hold,30.95
658,hold,29.65
659,hold,29.4
660,hold,29.6
661,hold,29.25
662,hold,29.9
663,hold,29.2
664,sell,29.65
665,hold,29.15
666,hold,28.5
667,hold,29.6
668,hold,29.0
669,hold,29.1
670,hold,30.35
671,buy,30.45
672,hold,30.1
673,hold,29.7
674,hold,30.0
675,hold,29.8
676,hold,29.9
677,hold,30.4
678,hold,29.95
679,hold,30.2
680,hold,30.1
681,hold,29.95
682,hold,29.65
683,hold,29.5
684,sell,30.0
685,buy,30.0
686,hold,30.15
687,hold,31.3
688,hold,31.75
689,hold,31.6
690,hold,32.0
691,hold,33.1
692,hold,31.7
693,hold,32.25
694,hold,32.25
695,hold,32.2
696,hold,31.55
697,hold,30.85
698,hold,30.85
699,hold,30.6
700,sell,30.85
701,hold,30.95
702,hold,30.3
703,hold,30.85
704,hold,31.0
705,hold,30.45
706,hold,31.2
707,hold,32.0
708,buy,32.3
709,hold,32.0
710,hold,32.5
711,hold,32.7
712,hold,32.0
713,hold,32.6
714,hold,31.5
715,hold,31.15
716,hold,31.0
717,sell,30.4
718,hold,29.5
719,hold,31.0
720,hold,29.75
721,hold,29.8
722,hold,30.25
723,hold,30.25
724,hold,30.0
725,hold,31.55
726,hold,31.85
727,buy,32.05
728,hold,31.05
729,hold,30.8
730,hold,30.5
731,sell,30.5
732,hold,30.0
733,hold,29.75
734,hold,29.85
735,hold,30.2
736,hold,30.2
737,hold,31.1
738,hold,31.1
739,buy,31.5
740,hold,31.5
741,hold,31.65
742,hold,31.7
743,hold,32.3
744,hold,32.2
745,hold,31.25
746,hold,30.9
747,hold,30.5
748,sell,28.4
749,hold,29.0
750,hold,29.35
751,hold,30.5
752,hold,30.0
753,hold,30.0
754,hold,29.45
755,hold,29.05
756,hold,29.35
757,hold,30.2
758,hold,30.6
759,hold,31.15
760,buy,31.0
761,hold,31.6
762,hold,31.85
763,hold,31.55
764,hold,30.6
765,hold,30.85
766,hold,31.55
767,hold,31.7
768,hold,31.5
769,hold,31.75
770,hold,31.5
771,hold,31.9
772,hold,31.95
773,hold,31.25
774,hold,31.25
775,hold,30.9
776,hold,31.5
777,hold,32.0
778,hold,32.1
779,hold,33.3
780,hold,32.8
781,hold,33.4
782,hold,33.55
783,hold,34.3
784,hold,34.0
785,hold,33.45
786,hold,32.4
787,hold,32.9
788,hold,32.3
789,hold,31.45
790,sell,31.65
791,hold,32.3
792,hold,32.0
793,hold,31.9
794,hold,31.7
795,hold,31.0
796,hold,31.5
797,hold,31.3
798,hold,31.6
799,hold,31.9
800,hold,31.85
801,hold,31.85
802,hold,32.25
803,hold,32.55
804,buy,31.7
805,hold,31.7
806,sell,31.95
807,hold,32.05
808,buy,31.9
809,sell,31.4
810,hold,31.55
811,hold,31.4
812,hold,30.8
813,hold,31.5
814,hold,31.65
815,hold,31.4
816,hold,31.35
817,hold,31.6
818,hold,31.7
819,hold,32.05
820,buy,32.15
821,hold,32.75
822,hold,32.7
823,hold,32.6
824,hold,32.5
825,hold,33.05
826,hold,33.25
827,hold,32.8
828,hold,33.15
829,hold,32.9
830,hold,33.6
831,hold,34.9
832,hold,35.6
833,hold,35.7
834,hold,35.6
835,hold,35.6
836,hold,35.3
837,hold,34.7
838,hold,34.55
839,hold,34.75
840,hold,35.3
841,hold,35.35
842,hold,37.6
843,hold,38.3
844,hold,38.05
845,hold,37.8
846,hold,37.8
847,hold,37.95
848,hold,37.05
849,hold,34.95
850,hold,34.55
851,hold,35.45
852,hold,33.05
853,sell,33.1
854,hold,33.95
855,hold,33.35
856,hold,33.4
857,hold,35.7
858,hold,35.95
859,hold,34.2
860,hold,34.6
861,hold,34.8
862,hold,33.5
863,hold,28.9
864,hold,27.5
865,hold,29.4
866,hold,31.45
867,hold,33.65
868,hold,33.4
869,hold,34.2
870,hold,33.7
871,hold,34.15
872,buy,33.9
873,hold,36.25
874,hold,38.25
875,hold,38.5
876,hold,37.55
877,hold,38.3
878,hold,38.9
879,hold,38.3
880,hold,37.75
881,hold,38.0
882,hold,38.5
883,hold,37.55
884,hold,39.7
885,hold,41.45
886,hold,43.5
887,hold,43.65
888,hold,44.0
889,hold,47.05
890,hold,47.4
891,hold,50.0
892,hold,51.4
893,hold,52.0
894,hold,51.0
895,hold,50.0
896,hold,47.15
897,hold,50.4
898,hold,51.4
899,hold,50.9
900,hold,51.0
901,hold,49.4
902,hold,49.9
903,hold,52.0
904,hold,51.1
905,hold,52.1
906,hold,51.0
907,hold,48.6
908,hold,47.2
909,hold,47.7
910,hold,49.0
911,hold,48.35
912,hold,49.05
913,hold,48.5
914,hold,46.45
915,sell,45.5
916,hold,44.15
917,hold,45.15
918,hold,45.95
919,hold,46.5
920,hold,45.6
921,hold,46.6
922,hold,43.35
923,hold,41.6
924,hold,44.5
925,hold,47.6
926,hold,46.85
927,hold,45.6
928,hold,47.0
929,hold,43.75
930,hold,42.0
931,hold,39.1
932,hold,39.3
933,hold,37.0
934,hold,37.5
935,hold,40.05
936,hold,41.75
937,hold,40.7
938,hold,41.3
939,hold,40.6
940,hold,39.9
941,hold,39.5
942,hold,37.7
943,hold,37.7
944,hold,37.95
945,hold,35.4
946,hold,37.85
947,hold,35.25
948,hold,36.0
949,hold,37.6
950,hold,36.3
951,hold,36.05
952,hold,38.55
953,hold,39.9
954,hold,39.7
955,hold,41.0
956,buy,42.35
957,hold,43.9
958,hold,42.0
959,hold,43.9
960,hold,45.25
961,hold,43.6
962,hold,45.0
963,hold,44.8
964,hold,43.9
965,hold,42.5
966,hold,45.05
967,hold,48.05
968,hold,46.0
969,hold,42.85
970,hold,40.9
971,hold,41.1
972,sell,38.25
973,hold,39.75
974,hold,40.9
975,hold,41.8
976,hold,39.9
977,hold,40.4
978,hold,40.0
979,hold,39.05
980,hold,41.7
981,hold,42.6
982,hold,42.15
983,buy,43.2
984,hold,42.95
985,hold,43.5
986,hold,43.6
987,hold,42.7
988,hold,43.4
989,hold,43.4
990,hold,44.6
991,hold,45.0
992,hold,45.8
993,hold,45.7
994,hold,46.65
995,hold,47.4
996,hold,48.9
997,hold,48.0
998,hold,45.8
999,hold,43.2
1000,hold,44.0
1001,hold,44.15
1002,hold,43.1
1003,sell,42.6
1004,hold,42.05
1005,hold,41.75
1006,hold,42.15
1007,hold,44.4
1008,hold,44.8
1009,hold,47.2
1010,buy,46.05
1011,hold,46.5
1012,hold,45.7
1013,hold,47.3
1014,hold,45.05
1015,hold,44.3
1016,hold,44.75
1017,hold,43.2
1018,sell,44.0
1019,hold,44.3
1020,hold,45.7
1021,buy,45.55
1022,hold,45.95
1023,hold,45.2
1024,hold,44.9
1025,hold,45.45
1026,hold,45.2
1027,hold,44.8
1028,hold,44.5
1029,sell,44.25
1030,hold,43.9
1031,hold,45.0
1032,hold,44.55
1033,hold,45.05
1034,hold,44.0
1035,hold,43.6
1036,hold,43.6
1037,hold,42.9
1038,hold,42.05
1039,hold,43.0
1040,hold,42.2
1041,hold,42.4
1042,hold,42.5
1043,hold,43.5
1044,hold,43.5
1045,hold,44.0
1046,hold,43.2
1047,hold,43.0
1048,hold,42.25
1049,hold,42.0
1050,hold,42.1
1051,hold,41.8
1052,hold,41.4
1053,hold,42.0
1054,hold,41.55
1055,hold,43.5
1056,hold,42.95
1057,hold,43.4
1058,buy,42.7
1059,sell,42.5
1060,hold,42.35
1061,hold,42.5
1062,hold,41.3
1063,hold,41.0
1064,hold,41.05
1065,hold,40.2
1066,hold,41.7
1067,hold,42.35
1068,hold,41.6
1069,hold,41.2
1070,hold,39.8
1071,hold,39.1
1072,hold,39.2
1073,hold,38.0
1074,hold,37.85
1075,hold,38.0
1076,hold,37.1
1077,hold,36.5
1078,hold,36.05
1079,hold,36.5
1080,hold,36.95
1081,hold,36.5
1082,hold,37.0
1083,hold,36.4
1084,hold,37.95
1085,hold,39.85
1086,hold,41.0
1087,buy,40.0
1088,hold,38.3
1089,hold,39.2
1090,hold,40.2
1091,hold,39.0
1092,hold,40.4
1093,hold,40.15
1094,hold,40.7
1095,hold,40.95
1096,hold,40.45
1097,hold,40.05
1098,hold,40.45
1099,hold,40.95
1100,hold,41.2
1101,hold,41.0
1102,hold,38.15
1103,hold,37.15
1104,sell,38.35
1105,hold,39.05
1106,hold,40.0
1107,hold,38.95
1108,hold,39.3
1109,hold,36.45
1110,hold,35.1
1111,hold,33.9
1112,hold,35.4
1113,hold,35.2
1114,hold,34.1
1115,hold,31.75
1116,hold,33.75
1117,hold,33.15
1118,hold,34.15
1119,hold,34.25
1120,hold,34.3
1121,hold,33.5
1122,hold,33.2
1123,hold,30.9
1124,hold,28.75
1125,hold,29.6
1126,hold,31.65
1127,hold,30.9
1128,hold,30.0
1129,hold,28.6
1130,hold,29.8
1131,hold,28.1
1132,hold,26.15
1133,hold,27.0
1134,hold,27.0
1135,hold,28.75
1136,hold,28.7
1137,hold,28.85
1138,hold,28.25
1139,hold,29.2
1140,hold,28.55
1141,hold,28.3
1142,hold,28.55
1143,hold,28.6
1144,hold,29.4
1145,hold,28.85
1146,hold,30.0
1147,hold,28.9
1148,hold,29.1
1149,hold,29.0
1150,hold,30.95
1151,buy,30.25
1152,hold,29.2
1153,hold,29.2
1154,hold,29.05
1155,sell,29.05
1156,hold,29.05
1157,hold,28.05
1158,hold,27.1
1159,hold,25.25
1160,hold,25.25
1161,hold,25.25
1162,hold,26.25
1163,hold,28.0
1164,hold,29.0
1165,hold,29.75
1166,buy,30.05
1167,hold,28.5
1168,hold,29.2
1169,hold,30.95
1170,hold,30.3
1171,hold,30.3
1172,hold,30.3
1173,hold,30.5
1174,hold,32.0
1175,hold,32.0
1176,hold,32.0
1177,hold,30.3
1178,hold,31.3
1179,hold,31.9
1180,hold,31.9
1181,hold,32.25
1182,hold,32.45
1183,hold,31.95
1184,hold,33.5
1185,hold,33.5
1186,hold,33.5
1187,hold,31.2
1188,hold,30.0
1189,hold,30.4
1190,sell,29.95
1191,hold,29.9
1192,hold,28.0
1193,hold,27.65
1194,hold,28.1
1195,hold,28.4
1196,hold,28.4
1197,hold,29.35
1198,hold,28.55
1199,hold,28.0
1200,hold,28.05
1201,hold,28.6
1202,hold,28.9
1203,hold,28.45
1204,hold,28.15
1205,hold,28.5
1206,hold,28.9
1207,hold,28.35
1208,hold,28.3
1209,hold,28.55
1210,hold,27.4
1211,hold,27.5
1212,hold,27.8
1213,hold,27.5
1214,hold,27.7
1215,hold,27.8
1216,hold,27.0
1217,hold,27.0
1218,hold,27.1
1219,hold,27.1
1220,hold,26.25
1221,hold,26.05
1222,hold,25.15
1223,hold,26.1
1224,hold,27.55
1225,hold,26.9
1226,hold,27.1
1227,hold,27.15
1228,hold,26.7
1229,hold,26.3
1230,hold,25.3
1231,hold,26.25
1232,hold,26.1
1233,hold,26.5
1234,hold,27.3
1235,hold,27.0
1236,hold,27.0
1237,hold,27.05
1238,buy,26.75
1239,hold,26.25
1240,sell,26.35
1241,hold,26.1
1242,hold,25.1
1243,hold,24.35
1244,hold,24.6
1245,hold,25.05
1246,hold,24.45
1247,hold,25.0
1248,hold,25.0
1249,hold,25.3
1250,hold,25.55
1251,hold,26.7
1252,hold,26.8
1253,buy,27.1
1254,hold,26.75
1255,hold,27.8
1256,hold,27.75
1257,hold,28.15
1258,hold,27.95
1259,hold,27.8
1260,hold,28.65
1261,hold,28.0
1262,hold,27.15
1263,hold,27.5
1264,hold,27.7
1265,hold,29.6
1266,hold,30.8
1267,hold,31.1
1268,hold,31.35
1269,hold,30.5
1270,hold,32.0
1271,hold,31.8
1272,hold,32.8
1273,hold,32.55
1274,hold,32.8
1275,hold,33.1
1276,hold,31.15
1277,hold,31.5
1278,hold,32.3
1279,hold,33.3
1280,hold,32.65
1281,hold,32.1
1282,hold,30.6
1283,hold,29.1
1284,sell,31.1
1285,hold,33.25
1286,buy,35.55
1287,hold,36.3
1288,hold,38.5
1289,hold,37.4
1290,hold,36.5
1291,hold,36.3
1292,hold,34.7
1293,hold,35.4
1294,hold,34.55
1295,hold,34.75
1296,hold,35.0
1297,hold,35.2
1298,hold,36.3
1299,hold,35.15
1300,hold,34.6
1301,hold,35.8
1302,hold,35.05
1303,hold,36.05
1304,hold,36.4
1305,hold,35.75
1306,hold,35.5
1307,hold,35.0
1308,hold,34.9
1309,hold,35.15
1310,hold,34.5
1311,sell,34.1
1312,hold,34.85
1313,hold,35.0
1314,hold,34.3
1315,hold,32.95
1316,hold,33.55
1317,hold,33.25
1318,hold,32.8
1319,hold,33.1
1320,hold,33.5
1321,hold,33.15
1322,hold,33.5
1323,hold,33.6
1324,hold,33.7
1325,hold,34.7
1326,hold,33.8
1327,hold,34.0
1328,hold,34.8
1329,buy,35.9
1330,hold,35.7
1331,hold,35.6
1332,hold,35.7
1333,hold,35.95
1334,hold,35.65
1335,hold,34.65
1336,hold,34.8
1337,hold,35.0
1338,hold,35.0
1339,hold,34.95
1340,hold,35.1
1341,hold,34.9
1342,hold,34.7
1343,hold,34.35
1344,sell,34.1
1345,hold,34.5
1346,hold,34.65
1347,hold,34.1
1348,hold,34.3
1349,hold,34.05
1350,hold,33.8
1351,hold,33.9
1352,hold,33.6
1353,hold,32.9
1354,hold,32.25
1355,hold,31.15
1356,hold,32.25
1357,hold,33.0
1358,hold,33.7
1359,hold,33.2
1360,hold,31.85
1361,hold,32.05
1362,hold,31.8
1363,hold,32.8
1364,hold,33.2
1365,hold,32.8
1366,hold,32.75
1367,hold,32.3
1368,hold,33.0
1369,hold,34.1
1370,buy,35.3
1371,hold,36.2
1372,hold,36.7
1373,hold,36.45
1374,hold,36.1
1375,hold,36.65
1376,hold,37.5
1377,hold,38.5
1378,hold,38.45
1379,hold,37.9
1380,hold,37.7
1381,hold,38.6
1382,hold,38.5
1383,hold,38.5
1384,hold,38.0
1385,hold,37.3
1386,hold,36.7
1387,hold,36.7
1388,hold,36.5
1389,hold,36.6
1390,hold,37.4
1391,hold,37.9
1392,hold,37.2
1393,hold,36.45
1394,hold,36.2
1395,sell,36.85
1396,hold,37.45
1397,buy,36.8
1398,hold,37.5
1399,hold,37.0
1400,hold,37.15
1401,hold,37.85
1402,hold,37.7
1403,hold,37.7
1404,hold,37.8
1405,hold,37.45
1406,hold,37.0
1407,hold,36.8
1408,hold,36.8
1409,sell,36.8
1410,hold,36.7
1411,hold,37.8
1412,buy,36.7
1413,sell,36.8
1414,hold,37.0
1415,hold,36.7
1416,hold,38.9
1417,buy,38.2
1418,hold,38.95
1419,hold,38.75
1420,hold,38.8
1421,hold,38.85
1422,hold,39.0
1423,hold,39.0
1424,hold,39.6
1425,hold,39.9
1426,hold,39.45
1427,hold,38.95
1428,hold,38.85
1429,hold,39.0
1430,hold,39.7
1431,hold,39.65
1432,hold,39.1
1433,hold,37.05
1434,sell,37.7
1435,hold,37.95
1436,hold,38.6
1437,hold,38.4
1438,hold,38.0
1439,hold,38.45
1440,hold,39.1
1441,buy,38.8
1442,hold,37.5
1443,sell,39.2
1444,buy,39.6
1445,hold,39.8
1446,hold,39.2
1447,hold,39.2
1448,hold,38.95
1449,hold,38.55
1450,hold,39.2
1451,hold,39.3
1452,hold,39.05
1453,hold,38.8
1454,hold,39.2
1455,hold,39.2
1456,hold,39.25
1457,hold,39.45
1458,hold,38.9
1459,hold,38.35
1460,sell,38.95
1461,hold,38.0
1462,hold,38.0
1463,hold,38.15
1464,hold,37.85
1465,hold,37.55
1466,hold,37.55
1467,hold,37.5
1468,hold,37.2
1469,hold,37.5
1470,hold,37.6
1471,hold,37.3
1472,hold,36.1
1473,hold,35.8
1474,hold,33.8
1475,hold,34.1
1476,hold,34.35
1477,hold,34.2
1478,hold,34.2
1479,hold,34.75
1480,hold,35.15
1481,hold,34.75
1482,hold,33.25
1483,hold,33.55
1484,hold,33.45
1485,hold,33.9
1486,hold,33.95
1487,hold,35.2
1488,hold,35.95
1489,hold,35.95
1490,buy,35.75
1491,hold,35.6
1492,hold,36.7
1493,hold,36.45
1494,hold,35.8
1495,hold,35.45
1496,hold,36.2
1497,hold,36.25
1498,hold,36.25
1499,hold,36.25
1500,hold,35.8
1501,hold,35.75
1502,hold,35.15
1503,sell,35.3
1504,hold,36.05
1505,buy,35.75
1506,hold,35.05
1507,sell,35.3
1508,hold,34.9
1509,hold,34.65
1510,hold,34.5
1511,hold,34.4
1512,hold,36.2
1513,hold,36.6
1514,buy,36.15
1515,hold,37.2
1516,hold,37.15
1517,hold,36.7
1518,hold,37.2
1519,hold,36.95
1520,hold,36.7
1521,hold,36.7
1522,hold,37.0
1523,hold,37.2
1524,hold,37.95
1525,hold,37.75
1526,hold,36.1
1527,hold,36.95
1528,hold,36.65
1529,hold,36.65
1530,hold,36.5
1531,hold,36.55
1532,hold,35.9
1533,sell,35.0
1534,hold,35.0
1535,hold,35.05
1536,hold,35.0
1537,hold,34.65
1538,hold,33.85
1539,hold,33.6
1540,hold,33.2
1541,hold,33.9
1542,hold,33.05
1543,hold,33.05
1544,hold,33.85
1545,hold,34.05
1546,hold,33.3
1547,hold,33.45
1548,hold,33.5
1549,hold,33.2
1550,hold,32.2
1551,hold,32.55
1552,hold,32.3
1553,hold,32.65
1554,hold,32.75
1555,hold,32.8
1556,hold,33.2
1557,hold,32.95
1558,hold,32.65
1559,hold,33.1
1560,hold,33.0
1561,hold,32.35
1562,hold,33.0
1563,hold,32.55
1564,hold,33.3
1565,hold,33.6
1566,hold,33.85
1567,buy,34.6
1568,hold,34.9
1569,hold,34.65
1570,hold,35.2
1571,hold,35.25
1572,hold,35.55
1573,hold,35.65
1574,hold,35.75
1575,hold,36.1
1576,hold,35.55
1577,hold,35.6
1578,hold,35.6
1579,hold,36.9
1580,hold,37.7
1581,hold,37.6
1582,hold,37.15
1583,hold,37.45
1584,hold,37.4
1585,hold,37.25
1586,hold,37.1
1587,hold,37.5
1588,hold,37.5
1589,hold,37.1
1590,hold,37.3
1591,hold,37.55
1592,hold,37.45
1593,hold,37.3
1594,hold,37.5
1595,hold,37.55
1596,hold,37.5
1597,hold,38.25
1598,hold,38.7
1599,hold,38.05
1600,hold,38.4
1601,hold,38.75
1602,hold,39.3
1603,hold,38.7
1604,hold,39.5
1605,hold,39.5
1606,hold,39.5
1607,hold,39.15
1608,hold,35.0
1609,sell,35.35
1610,hold,35.65
1611,hold,38.1
1612,hold,37.4
1613,hold,37.7
1614,hold,37.3
1615,hold,37.1
1616,hold,37.05
1617,hold,36.0
1618,hold,35.15
1619,hold,35.6
1620,hold,37.15
1621,hold,37.05
1622,hold,37.6
1623,hold,37.5
1624,buy,37.25
1625,hold,37.4
1626,hold,37.35
1627,hold,37.8
1628,hold,37.45
1629,hold,38.15
1630,hold,39.0
1631,hold,38.9
1632,hold,39.0
1633,hold,38.85
1634,hold,39.1
1635,hold,39.6
1636,hold,39.6
1637,hold,39.75
1638,hold,39.9
1639,hold,40.85
1640,hold,40.85
1641,hold,40.8
1642,hold,40.55
1643,hold,40.55
1644,hold,40.45
1645,hold,39.5
1646,hold,40.6
1647,hold,40.95
1648,hold,40.85
1649,hold,40.05
1650,hold,40.1
1651,hold,40.4
1652,hold,41.45
1653,hold,40.8
1654,hold,40.9
1655,hold,40.7
1656,hold,39.95
1657,hold,39.8
1658,hold,39.5
1659,sell,39.9
1660,hold,39.65
1661,hold,38.85
1662,hold,39.4
1663,hold,39.8
1664,hold,40.95
1665,buy,40.45
1666,hold,40.8
1667,hold,41.4
1668,hold,41.85
1669,hold,42.5
1670,hold,42.4
1671,hold,42.05
1672,hold,41.8
1673,hold,41.15
1674,hold,41.4
1675,hold,41.1
1676,hold,40.5
1677,hold,40.7
1678,hold,41.0
1679,hold,41.0
1680,hold,41.05
1681,hold,41.1
1682,hold,41.0
1683,hold,41.0
1684,hold,41.6
1685,hold,42.15
1686,hold,42.1
1687,hold,42.45
1688,hold,41.7
1689,hold,42.35
1690,hold,42.75
1691,hold,43.6
1692,hold,43.1
1693,hold,42.6
1694,hold,42.8
1695,hold,43.0
1696,hold,43.1
1697,hold,42.6
1698,hold,42.2
1699,hold,42.0
1700,hold,42.95
1701,hold,42.9
1702,hold,42.9
1703,hold,42.75
1704,hold,42.6
1705,hold,42.8
1706,hold,42.8
1707,hold,42.85
1708,hold,43.25
1709,hold,43.1
1710,hold,43.0
1711,hold,42.1
1712,hold,42.0
1713,sell,40.2
1714,hold,40.55
1715,hold,41.45
1716,hold,41.65
1717,hold,42.0
1718,hold,41.55
1719,hold,40.95
1720,hold,41.3
1721,hold,41.2
1722,hold,40.45
1723,hold,40.0
1724,hold,40.4
1725,hold,40.0
1726,hold,39.85
1727,hold,40.05
1728,hold,39.9
1729,hold,39.45
1730,hold,39.75
1731,hold,39.55
1732,hold,39.1
1733,hold,39.1
1734,hold,39.0
1735,hold,38.75
1736,hold,38.45
1737,hold,39.3
1738,hold,39.1
1739,hold,38.4
1740,hold,38.0
1741,hold,37.4
1742,hold,37.75
1743,hold,37.8
1744,hold,36.95
1745,hold,38.4
1746,hold,37.55
1747,hold,37.6
1748,hold,38.45
1749,hold,38.4
1750,hold,38.25
1751,hold,38.05
1752,hold,38.45
1753,hold,38.1
1754,hold,37.85
1755,hold,38.15
1756,hold,38.15
1757,hold,37.9
1758,hold,38.7
1759,hold,39.35
1760,buy,39.1
1761,hold,39.5
1762,hold,39.6
1763,hold,39.6
1764,hold,39.9
1765,hold,40.3
1766,hold,40.3
1767,hold,40.6
1768,hold,41.0
1769,hold,40.7
1770,hold,40.25
1771,hold,39.45
1772,hold,40.45
1773,hold,40.2
1774,hold,39.8
1775,hold,39.85
1776,hold,39.85
1777,hold,40.6
1778,hold,41.6
1779,hold,41.5
1780,hold,41.65
1781,hold,41.45
1782,hold,41.85
1783,hold,41.3
1784,hold,41.2
1785,hold,40.9
1786,hold,40.45
1787,hold,40.9
1788,hold,40.6
1789,hold,42.15
1790,hold,41.9
1791,hold,42.0
1792,hold,42.05
1793,hold,41.25
1794,hold,41.8
1795,hold,41.75
1796,hold,42.05
1797,hold,42.05
1798,hold,41.95
1799,hold,40.5
1800,hold,41.0
1801,sell,40.8
1802,hold,41.0
1803,hold,40.55
1804,hold,40.05
1805,hold,41.25
1806,hold,41.5
1807,hold,41.0
1808,hold,41.0
1809,hold,40.65
1810,hold,41.0
1811,hold,40.55
1812,hold,39.8
1813,hold,39.35
1814,hold,39.65
1815,hold,40.7
1816,hold,40.25
1817,hold,40.05
1818,hold,40.25
1819,hold,40.7
1820,hold,40.1
1821,hold,40.0
1822,hold,40.1
1823,hold,40.15
1824,hold,40.4
1825,hold,40.9
1826,buy,41.6
1827,hold,42.1
1828,hold,41.8
1829,hold,42.7
1830,hold,42.2
1831,hold,42.35
1832,hold,44.95
1833,hold,44.55
1834,hold,44.4
1835,hold,44.8
1836,hold,45.0
1837,hold,46.0
1838,hold,47.8
1839,hold,47.15
1840,hold,47.75
1841,hold,47.95
1842,hold,49.0
1843,hold,48.05
1844,hold,48.1
1845,hold,48.2
1846,hold,48.25
1847,hold,47.3
1848,hold,48.0
1849,hold,47.35
1850,hold,46.3
1851,hold,44.9
1852,hold,42.65
1853,sell,43.05
1854,hold,40.7
1855,hold,43.15
1856,hold,42.7
1857,hold,42.0
1858,hold,44.2
1859,hold,45.0
1860,hold,45.0
1861,hold,43.8
1862,hold,41.8
1863,hold,40.5
1864,hold,42.8
1865,hold,41.5
1866,hold,40.45
1867,hold,41.05
1868,hold,42.6
1869,hold,42.5
1870,hold,42.75
1871,hold,43.2
1872,hold,42.6
1873,hold,41.1
1874,hold,40.7
1875,hold,40.9
1876,hold,41.45
1877,hold,42.0
1878,hold,40.65
1879,hold,39.9
1880,hold,39.75
1881,hold,40.4
1882,hold,40.85
1883,hold,40.95
1884,hold,40.95
1885,hold,39.85
1886,hold,37.5
1887,hold,37.5
1888,hold,39.9
1889,hold,39.25
1890,hold,39.7
1891,hold,39.9
1892,hold,37.8
1893,hold,36.75
1894,hold,36.85
1895,hold,38.25
1896,hold,39.0
1897,hold,39.45
1898,hold,39.45
1899,hold,39.75
1900,hold,38.5
1901,hold,39.95
1902,hold,39.9
1903,buy,40.1
1904,hold,39.35
1905,hold,39.45
1906,hold,40.6
1907,hold,40.9
1908,hold,41.45
1909,hold,41.85
1910,hold,42.2
1911,hold,41.8
1912,hold,41.4
1913,hold,41.0
1914,hold,40.95
1915,hold,41.6
1916,hold,41.4
1917,hold,41.0
1918,hold,41.05
1919,hold,39.75
1920,hold,39.95
1921,sell,40.3
1922,hold,40.2
1923,hold,39.1
1924,hold,39.05
1925,hold,38.85
1926,hold,38.5
1927,hold,39.05
1928,hold,38.35
1929,hold,38.85
1930,hold,39.5
1931,hold,40.95
1932,hold,40.95
1933,buy,41.2
1934,hold,42.9
1935,hold,42.3
1936,hold,42.1
1937,hold,42.3
1938,hold,44.4
1939,hold,44.5
1940,hold,43.55
1941,hold,44.2
1942,hold,43.25
1943,hold,42.25
1944,hold,42.05
1945,hold,41.6
1946,hold,42.25
1947,hold,43.15
1948,hold,43.5
1949,hold,43.5
1950,hold,44.1
1951,hold,44.05
1952,hold,44.0
1953,hold,44.0
1954,hold,43.85
1955,hold,44.25
1956,hold,43.3
1957,hold,43.65
1958,hold,43.8
1959,hold,43.95
1960,hold,44.4
1961,hold,44.5
1962,hold,45.5
1963,hold,45.65
1964,hold,45.7
1965,hold,45.7
1966,hold,45.45
1967,hold,45.3
1968,hold,45.6
1969,hold,44.55
1970,hold,43.7
1971,hold,43.2
1972,sell,43.1
1973,hold,42.35
1974,hold,42.75
1975,hold,43.7
1976,hold,43.05
1977,hold,45.05
1978,hold,44.85
1979,buy,43.85
1980,hold,44.4
1981,hold,44.1
1982,hold,44.45
1983,hold,43.65
1984,hold,43.4
1985,sell,43.1
1986,hold,43.9
1987,hold,44.1
1988,hold,43.5
1989,hold,43.8
1990,hold,45.05
1991,buy,44.5
1992,hold,44.5
1993,hold,44.2
1994,hold,43.25
1995,sell,43.0
1996,hold,42.2
1997,hold,42.85
1998,hold,42.65
1999,hold,42.15
2000,hold,42.95
2001,hold,43.1
2002,hold,43.3
2003,hold,42.25
2004,hold,42.15
2005,hold,42.35
2006,hold,42.65
2007,hold,42.9
2008,hold,43.05
2009,hold,42.3
2010,hold,42.9
2011,hold,42.15
2012,hold,40.8
2013,hold,40.85
2014,hold,40.85
2015,hold,41.15
2016,hold,40.75
2017,hold,40.65
2018,hold,40.25
2019,hold,41.0
2020,hold,40.75
2021,hold,40.55
2022,hold,41.25
2023,hold,41.95
2024,hold,41.6
2025,hold,41.8
2026,hold,42.2
2027,buy,42.05
2028,hold,42.0
2029,hold,42.15
2030,hold,42.1
2031,hold,42.5
2032,hold,43.9
2033,hold,45.45
2034,hold,46.1
2035,hold,45.4
2036,hold,46.3
2037,hold,45.1
2038,hold,47.45
2039,hold,46.7
2040,hold,47.65
2041,hold,46.6
2042,hold,46.95
2043,hold,45.95
2044,hold,45.3
2045,hold,45.3
2046,hold,46.05
2047,hold,46.05
2048,hold,45.9
2049,hold,45.85
2050,hold,45.45
2051,hold,45.15
2052,hold,45.5
2053,hold,47.35
2054,hold,46.05
2055,hold,44.9
2056,hold,44.85
2057,sell,44.7
2058,hold,46.45
2059,buy,46.25
2060,hold,46.4
2061,hold,46.4
2062,hold,47.1
2063,hold,46.85
2064,hold,46.25
2065,hold,46.9
2066,hold,46.9
2067,hold,47.55
2068,hold,47.5
2069,hold,47.3
2070,hold,46.65
2071,hold,45.95
2072,hold,45.15
2073,sell,45.6
2074,hold,45.6
2075,hold,45.5
2076,hold,47.6
2077,buy,47.2
2078,hold,48.6
2079,hold,48.55
2080,hold,49.25
2081,hold,49.85
2082,hold,49.5
2083,hold,50.3
2084,hold,49.65
2085,hold,49.3
2086,hold,49.2
2087,hold,49.2
2088,hold,49.8
2089,hold,48.5
2090,hold,48.8
2091,hold,48.75
2092,hold,48.55
2093,hold,48.05
2094,hold,49.0
2095,hold,48.75
2096,hold,49.25
2097,hold,50.0
2098,hold,50.4
2099,hold,51.8
2100,hold,52.0
2101,hold,53.0
2102,hold,54.1
2103,hold,54.6
2104,hold,51.1
2105,hold,50.2
2106,hold,49.8
2107,hold,50.8
2108,hold,50.0
2109,hold,50.0
2110,sell,49.3
2111,hold,49.2
2112,hold,51.1
2113,hold,51.1
2114,buy,50.7
2115,hold,51.1
2116,hold,49.85
2117,hold,48.25
2118,sell,48.1
2119,hold,48.0
2120,hold,47.95
2121,hold,47.35
2122,hold,47.25
2123,hold,46.9
2124,hold,48.05
2125,hold,47.8
2126,hold,48.65
2127,hold,48.65
2128,hold,49.0
2129,hold,49.6
2130,hold,50.5
2131,buy,50.0
2132,hold,50.3
2133,hold,50.6
2134,hold,50.2
2135,hold,50.2
2136,hold,50.4
2137,hold,51.0
2138,hold,51.7
2139,hold,51.7
2140,hold,52.0
2141,hold,51.4
2142,hold,51.2
2143,hold,50.3
2144,hold,51.1
2145,hold,50.9
2146,hold,51.3
2147,hold,52.5
2148,hold,50.8
2149,hold,51.3
2150,hold,51.8
2151,hold,52.0
2152,hold,51.9
2153,hold,51.6
2154,hold,52.0
2155,hold,51.5
2156,hold,51.3
2157,hold,51.0
2158,hold,51.3
2159,hold,50.4
2160,sell,50.6
2161,hold,50.7
2162,hold,51.6
2163,hold,51.5
2164,buy,51.6
2165,hold,52.0
2166,hold,52.5
2167,hold,52.1
2168,hold,52.3
2169,hold,51.8
2170,hold,52.2
2171,hold,51.1
2172,hold,51.0
2173,sell,51.3
2174,hold,51.3
2175,hold,51.6
2176,hold,51.5
2177,hold,51.2
2178,hold,49.5
2179,hold,50.9
2180,hold,51.2
2181,hold,50.8
2182,hold,51.2
2183,hold,51.7
2184,hold,51.9
2185,buy,51.4
2186,hold,51.5
2187,hold,52.2
2188,hold,53.0
2189,hold,53.0
2190,hold,52.8
2191,hold,53.3
2192,hold,54.4
2193,hold,54.0
2194,hold,53.8
2195,hold,54.1
2196,hold,54.7
2197,hold,54.8
2198,hold,53.0
2199,hold,53.3
2200,hold,53.0
2201,hold,52.6
2202,hold,53.5
2203,hold,54.0
2204,hold,53.5
2205,hold,53.3
2206,hold,53.9
2207,hold,53.9
2208,hold,54.4
2209,hold,53.8
2210,hold,53.7
2211,hold,53.5
2212,hold,54.6
2213,hold,54.6
2214,hold,54.5
2215,hold,54.1
2216,hold,52.8
2217,hold,51.8
2218,sell,52.3
2219,hold,51.8
2220,hold,52.7
2221,hold,51.7
2222,hold,52.1
2223,hold,51.6
2224,hold,51.7
2225,hold,52.2
2226,hold,51.7
2227,hold,51.8
2228,hold,52.0
2229,hold,52.2
2230,hold,51.6
2231,hold,51.5
2232,hold,51.3
2233,hold,51.7
2234,hold,53.2
2235,hold,53.8
2236,buy,54.9
2237,hold,54.5
2238,hold,54.7
2239,hold,54.9
2240,hold,55.5
2241,hold,57.3
2242,hold,56.5
2243,hold,57.0
2244,hold,58.7
2245,hold,59.6
2246,hold,59.8
2247,hold,59.9
2248,hold,58.9
2249,hold,59.6
2250,hold,59.5
2251,hold,58.3
2252,hold,59.6
2253,hold,58.8
2254,hold,58.2
2255,hold,58.9
2256,hold,59.3
2257,hold,59.5
2258,hold,58.6
2259,hold,56.9
2260,hold,56.7
2261,sell,56.6
2262,hold,57.4
2263,hold,57.0
2264,hold,57.0
2265,hold,55.2
2266,hold,56.0
2267,hold,56.2
2268,hold,59.5
2269,buy,59.0
2270,hold,59.1
2271,hold,58.6
2272,hold,58.5
2273,hold,57.3
2274,hold,58.4
2275,hold,58.5
2276,hold,58.2
2277,hold,59.2
2278,hold,59.2
2279,hold,58.5
2280,hold,58.0
2281,hold,58.1
2282,hold,58.1
2283,hold,59.6
2284,hold,58.5
2285,hold,58.5
2286,hold,60.0
2287,hold,60.4
2288,hold,60.1
2289,hold,59.8
2290,hold,59.0
2291,hold,59.6
2292,hold,59.8
2293,hold,60.1
2294,hold,60.4
2295,hold,60.6
2296,hold,60.7
2297,hold,60.8
2298,hold,60.2
2299,hold,60.4
2300,hold,59.7
2301,hold,60.2
2302,hold,59.0
2303,hold,59.2
2304,sell,57.5
2305,hold,57.1
2306,hold,57.5
2307,hold,57.5
2308,hold,58.0
2309,hold,58.7
2310,hold,57.3
2311,hold,57.9
2312,hold,58.3
2313,hold,58.8
2314,hold,58.6
2315,hold,58.6
2316,hold,58.0
2317,hold,58.2
2318,hold,58.2
2319,hold,57.1
2320,hold,58.4
2321,hold,58.4
2322,hold,58.4
2323,hold,58.3
2324,hold,57.6
2325,hold,58.0
2326,hold,57.9
2327,hold,58.2
2328,hold,58.1
2329,hold,59.1
2330,buy,59.4
2331,hold,60.1
2332,hold,60.3
2333,hold,62.6
2334,hold,65.0
2335,hold,65.3
2336,hold,65.8
2337,hold,65.7
2338,hold,66.2
2339,hold,67.1
2340,hold,63.8
2341,hold,62.7
2342,hold,62.8
2343,hold,61.8
2344,hold,62.2
2345,hold,61.2
2346,hold,60.8
2347,sell,62.1
2348,hold,63.2
2349,buy,62.3
2350,hold,61.5
2351,sell,56.7
2352,hold,56.0
2353,hold,55.1
2354,hold,54.3
2355,hold,54.8
2356,hold,53.0
2357,hold,53.0
2358,hold,52.5
2359,hold,52.6
2360,hold,52.2
2361,hold,53.0
2362,hold,53.9
2363,hold,52.9
2364,hold,53.7
2365,hold,54.0
2366,hold,54.5
2367,hold,54.0
2368,hold,54.6
2369,hold,54.8
2370,hold,55.5
2371,hold,54.8
2372,hold,55.5
2373,hold,56.4
2374,buy,56.4
2375,hold,58.2
2376,hold,56.5
2377,hold,56.5
2378,hold,57.2
2379,hold,57.6
2380,hold,56.7
2381,hold,56.7
2382,hold,56.7
2383,hold,56.4
2384,hold,55.8
2385,hold,55.7
2386,sell,55.1
2387,hold,54.7
2388,hold,54.7
2389,hold,57.5
2390,hold,56.5
2391,buy,57.1
2392,hold,57.3
2393,hold,56.9
2394,hold,55.2
2395,hold,55.1
2396,sell,56.0
2397,hold,55.7
2398,hold,55.7
2399,hold,55.9
2400,hold,56.2
2401,hold,55.5
2402,hold,55.4
2403,hold,55.4
2404,hold,54.3
2405,hold,55.5
2406,hold,56.0
2407,hold,56.2
2408,hold,56.0
2409,buy,56.0
2410,hold,55.2
2411,sell,54.1
2412,hold,53.5
2413,hold,52.9
2414,hold,54.3
2415,hold,53.5
2416,hold,54.0
2417,hold,53.7
2418,hold,54.0
2419,hold,54.0
2420,hold,53.6
2421,hold,53.0
2422,hold,52.2
2423,hold,50.8
2424,hold,50.4
2425,hold,50.5
2426,hold,51.1
2427,hold,52.7
2428,hold,52.8
2429,hold,52.8
2430,hold,52.9
2431,hold,52.5
2432,hold,52.0
2433,hold,51.8
2434,hold,51.9
2435,hold,53.3
2436,hold,53.5
2437,buy,53.4
2438,hold,52.7
2439,hold,52.9
2440,hold,52.5
2441,sell,52.5
2442,hold,52.0
2443,hold,52.1
2444,hold,52.8
2445,hold,53.5
2446,buy,53.1
2447,hold,53.4
2448,hold,54.0
2449,hold,53.9
2450,hold,54.6
2451,hold,53.7
2452,hold,54.0
2453,hold,53.5
2454,hold,53.5
2455,hold,53.4
2456,hold,53.2
2457,hold,52.3
2458,sell,52.2
2459,hold,52.2
2460,hold,52.1
2461,hold,52.1
2462,hold,51.6
2463,hold,51.4
2464,hold,51.1
2465,hold,50.7
2466,hold,50.1
2467,hold,50.2
2468,hold,50.2
2469,hold,50.0
2470,hold,48.4
2471,hold,47.6
2472,hold,48.2
2473,hold,48.2
2474,hold,48.6
2475,hold,48.3
2476,hold,47.65
2477,hold,48.9
2478,hold,49.3
2479,hold,50.0
2480,hold,50.0
2481,hold,49.0
2482,hold,49.95
2483,hold,49.8
2484,hold,49.55
2485,hold,50.0
2486,hold,50.6
2487,buy,49.95
2488,hold,49.7
2489,hold,50.0
2490,hold,50.6
2491,hold,50.3
2492,hold,50.8
2493,hold,50.6
2494,hold,50.7
2495,hold,51.1
2496,hold,52.6
2497,hold,52.6
2498,hold,52.2
2499,hold,51.7
2500,hold,50.4
2501,hold,50.2
2502,hold,50.3
2503,hold,50.5
2504,sell,51.4
2505,buy,51.7
2506,hold,52.0
2507,hold,53.0
2508,hold,51.8
2509,hold,51.3
2510,hold,51.3
2511,hold,51.1
2512,hold,51.0
2513,hold,51.1
2514,hold,51.6
2515,hold,51.0
2516,hold,51.3
2517,hold,51.1
2518,sell,51.2
2519,hold,51.0
2520,hold,51.0
2521,hold,51.2
2522,hold,51.4
2523,buy,52.5
2524,hold,52.0
2525,hold,51.5
2526,hold,51.4
2527,hold,51.5
2528,hold,51.1
2529,hold,51.5
2530,hold,51.5
2531,hold,51.1
2532,sell,51.0
2533,hold,51.5
2534,hold,51.4
2535,hold,50.6
2536,hold,50.8
2537,hold,51.6
2538,hold,51.7
2539,buy,51.7
2540,hold,51.6
2541,hold,51.3
2542,hold,51.5
2543,hold,52.0
2544,hold,52.1
2545,hold,52.9
2546,hold,52.8
2547,hold,53.0
2548,hold,53.3
2549,hold,52.5
2550,hold,53.0
2551,hold,52.1
2552,hold,52.2
2553,hold,52.3
2554,hold,52.8
2555,hold,52.9
2556,hold,53.0
2557,hold,53.3
2558,hold,53.2
2559,hold,52.9
2560,hold,52.8
2561,hold,53.0
2562,hold,53.2
2563,hold,53.0
2564,hold,52.8
2565,hold,52.9
2566,hold,53.3
2567,hold,53.6
2568,hold,53.5
2569,hold,53.6
2570,hold,53.4
2571,hold,54.3
2572,hold,55.0
2573,hold,55.8
2574,hold,56.0
2575,hold,56.4
2576,hold,56.2
2577,hold,57.0
2578,hold,56.3
2579,hold,55.9
2580,hold,56.9
2581,hold,55.7
2582,hold,56.0
2583,hold,56.2
2584,hold,56.4
2585,hold,57.0
2586,hold,56.7
2587,hold,56.5
2588,hold,57.9
2589,hold,58.2
2590,hold,58.4
2591,hold,57.4
2592,hold,57.3
2593,hold,56.9
2594,hold,55.7
2595,hold,54.7
2596,sell,51.2
2597,hold,51.2
2598,hold,52.0
2599,hold,51.5
2600,hold,52.1
2601,hold,52.2
2602,hold,51.5
2603,hold,51.5
2604,hold,52.2
2605,hold,53.8
2606,hold,53.3
2607,hold,54.1
2608,hold,53.7
2609,hold,54.3
2610,hold,54.9
2611,buy,55.0
2612,hold,54.7
2613,hold,54.8
2614,hold,53.8
2615,hold,54.0
2616,hold,54.2
2617,hold,53.5
2618,sell,53.8
2619,hold,53.3
2620,hold,53.7
2621,hold,53.4
2622,hold,54.1
2623,hold,52.8
2624,hold,53.4
2625,hold,53.5
2626,hold,53.1
2627,hold,51.9
2628,hold,52.0
2629,hold,52.8
2630,hold,53.5
2631,hold,53.7
2632,hold,53.8
2633,hold,52.8
2634,hold,52.3
2635,hold,51.7
2636,hold,52.3
2637,hold,52.0
2638,hold,51.4
2639,hold,51.2
2640,hold,51.1
2641,hold,48.35
2642,hold,48.0
2643,hold,48.05
2644,hold,48.8
2645,hold,48.0
2646,hold,51.3
2647,hold,50.6
2648,hold,50.5
2649,hold,52.1
2650,hold,50.9
2651,hold,47.35
2652,hold,48.45
2653,hold,51.8
2654,hold,51.2
2655,hold,52.2
2656,buy,51.6
2657,hold,51.4
2658,hold,50.3
2659,hold,51.7
2660,hold,51.2
2661,hold,51.8
2662,hold,51.8
2663,hold,50.3
2664,hold,50.3
2665,sell,50.3
2666,hold,49.2
2667,hold,48.8
2668,hold,48.95
2669,hold,48.95
2670,hold,49.75
2671,hold,49.8
2672,hold,49.35
2673,hold,49.45
2674,hold,50.0
2675,hold,50.0
2676,hold,50.0
2677,hold,49.0
2678,hold,49.15
2679,hold,49.3
2680,hold,48.65
2681,hold,49.35
2682,hold,49.5
2683,hold,49.35
2684,hold,48.7
2685,hold,48.4
2686,hold,48.8
2687,hold,48.1
2688,hold,46.9
2689,hold,47.4
2690,hold,47.95
2691,hold,48.6
2692,hold,48.1
2693,hold,49.6
2694,hold,49.4
2695,buy,49.4
2696,hold,49.4
2697,hold,49.95
2698,hold,50.0
2699,hold,50.2
2700,hold,49.55
2701,hold,48.2
2702,hold,48.0
2703,sell,49.1
2704,hold,49.85
2705,buy,49.25
2706,hold,50.5
2707,hold,49.4
2708,hold,50.4
2709,hold,50.5
2710,hold,50.0
2711,hold,49.9
2712,hold,51.0
2713,hold,51.2
2714,hold,52.6
2715,hold,52.5
2716,hold,52.0
2717,hold,51.8
2718,hold,51.9
2719,hold,50.5
2720,hold,50.9
2721,hold,51.1
2722,hold,52.3
2723,hold,52.7
2724,hold,53.2
2725,hold,53.3
2726,hold,53.0
2727,hold,53.3
2728,hold,53.3
2729,hold,53.3
2730,hold,53.6
2731,hold,53.4
2732,hold,52.8
2733,hold,52.4
2734,hold,52.1
2735,hold,53.2
2736,hold,52.3
2737,hold,52.1
2738,hold,52.4
2739,hold,52.0
2740,sell,52.0
2741,hold,52.1
2742,hold,51.6
2743,hold,51.1
2744,hold,51.0
2745,hold,51.3
2746,hold,51.5
2747,hold,51.5
2748,hold,52.0
2749,hold,52.0
2750,hold,51.8
2751,hold,52.8
2752,buy,52.2
2753,hold,52.2
2754,hold,52.4
2755,hold,51.6
2756,hold,52.5
2757,hold,52.8
2758,hold,52.5
2759,hold,52.8
2760,hold,53.1
2761,hold,52.9
2762,hold,51.5
2763,hold,50.8
2764,sell,51.5
2765,hold,50.8
2766,hold,50.5
2767,hold,50.7
2768,hold,50.4
2769,hold,50.7
2770,hold,50.8
2771,hold,51.2
2772,hold,51.0
2773,hold,51.0
2774,hold,50.3
2775,hold,50.3
2776,hold,50.3
2777,hold,50.2
2778,hold,49.9
2779,hold,50.0
2780,hold,50.0
2781,hold,52.1
2782,hold,53.0
2783,buy,54.3
2784,hold,54.1
2785,hold,55.0
2786,hold,54.4
2787,hold,54.6
2788,hold,54.1
2789,hold,54.1
2790,hold,54.0
2791,hold,53.8
2792,hold,54.2
2793,hold,54.8
2794,hold,54.7
2795,hold,53.9
2796,hold,54.8
2797,hold,54.1
2798,hold,53.7
2799,hold,53.2
2800,hold,53.3
2801,hold,51.8
2802,sell,53.6
2803,hold,52.8
2804,hold,52.2
2805,hold,52.6
2806,hold,53.3
2807,hold,52.5
2808,hold,52.1
2809,hold,52.4
2810,hold,52.1
2811,hold,52.6
2812,hold,54.0
2813,buy,53.8
2814,hold,53.6
2815,hold,54.7
2816,hold,54.3
2817,hold,55.0
2818,hold,54.9
2819,hold,54.1
2820,hold,54.2
2821,hold,54.0
2822,hold,54.0
2823,hold,53.8
2824,hold,53.4
2825,hold,54.2
2826,hold,54.6
2827,hold,54.8
2828,hold,54.3
2829,hold,57.0
2830,hold,55.3
2831,hold,54.7
2832,hold,55.7
2833,hold,54.5
2834,hold,55.6
2835,hold,55.1
2836,hold,55.5
2837,hold,55.6
2838,hold,55.5
2839,hold,56.1
2840,hold,57.0
2841,hold,53.1
2842,hold,52.8
2843,sell,55.5
2844,hold,54.0
2845,hold,55.4
2846,hold,55.8
2847,buy,56.9
2848,hold,57.1
2849,hold,59.2
2850,hold,58.4
2851,hold,58.6
2852,hold,56.9
2853,hold,55.2
2854,hold,55.3
2855,hold,56.4
2856,hold,56.4
2857,hold,56.3
2858,hold,58.0
2859,hold,55.6
2860,hold,56.5
2861,hold,57.5
2862,hold,56.1
2863,hold,54.5
2864,sell,54.5
2865,hold,56.3
2866,hold,57.2
2867,buy,57.5
2868,hold,56.6
2869,hold,56.4
2870,hold,56.5
2871,hold,57.6
2872,hold,56.8
2873,hold,56.1
2874,hold,57.1
2875,hold,55.0
2876,sell,55.0
2877,hold,55.3
2878,hold,57.0
2879,hold,57.5
2880,buy,57.5
2881,hold,58.0
2882,hold,58.4
2883,hold,58.6
2884,hold,57.9
2885,hold,57.7
2886,hold,57.5
2887,hold,56.7
2888,hold,56.9
2889,hold,56.9
2890,hold,56.8
2891,sell,57.1
2892,hold,56.7
2893,hold,56.9
2894,hold,56.9
2895,hold,56.4
2896,hold,55.6
2897,hold,55.4
2898,hold,55.2
2899,hold,55.0
2900,hold,54.5
2901,hold,55.4
2902,hold,56.2
2903,hold,55.5
2904,hold,54.6
2905,hold,55.0
2906,hold,53.8
2907,hold,54.5
2908,hold,54.4
2909,hold,53.6
2910,hold,54.2
2911,hold,54.9
2912,hold,53.4
2913,hold,54.9
2914,hold,54.9
2915,hold,54.8
2916,hold,54.3
2917,hold,54.2
2918,hold,54.9
2919,hold,54.4
2920,hold,53.8
2921,hold,54.1
2922,hold,53.8
2923,hold,54.0
2924,hold,53.6
2925,hold,54.2
2926,hold,53.7
2927,hold,53.0
2928,hold,53.6
2929,hold,53.8
2930,hold,52.9
2931,hold,53.4
2932,hold,55.0
2933,hold,55.2
2934,buy,54.6
2935,hold,53.6
2936,hold,54.5
2937,hold,55.0
2938,hold,55.2
2939,hold,55.7
2940,hold,55.6
2941,hold,54.2
2942,hold,54.5
2943,hold,54.9
2944,hold,53.9
2945,sell,54.1
2946,hold,54.1
2947,hold,53.8
2948,hold,53.0
2949,hold,51.9
2950,hold,51.0
2951,hold,52.3
2952,hold,53.0
2953,hold,52.9
2954,hold,52.1
2955,hold,52.5
2956,hold,53.0
2957,hold,52.3
2958,hold,52.3
2959,hold,53.3
2960,hold,53.0
2961,hold,54.0
2962,buy,55.3
2963,hold,55.5
2964,hold,55.2
2965,hold,55.6
2966,hold,56.3
2967,hold,54.8
2968,hold,56.3
2969,hold,56.5
2970,hold,56.1
2971,hold,57.0
2972,hold,57.0
2973,hold,56.8
2974,hold,56.6
2975,hold,55.2
2976,hold,56.4
2977,hold,57.3
2978,hold,57.2
2979,hold,56.5
2980,hold,56.9
2981,hold,56.7
2982,hold,57.4
2983,hold,57.5
2984,hold,57.0
2985,hold,57.5
2986,hold,57.2
2987,hold,56.8
2988,hold,57.5
2989,hold,57.0
2990,hold,58.1
2991,hold,58.5
2992,hold,57.8
2993,hold,58.0
2994,hold,58.5
2995,hold,57.6
2996,hold,56.9
2997,hold,57.7
2998,hold,56.5
2999,hold,56.3
3000,sell,56.5
3001,hold,55.8
3002,hold,55.6
3003,hold,55.2
3004,hold,55.6
3005,hold,56.9
3006,hold,57.1
3007,hold,58.2
3008,buy,57.9
3009,hold,59.0
3010,hold,59.1
3011,hold,58.3
3012,hold,58.2
3013,hold,58.1
3014,hold,58.5
3015,hold,58.8
3016,hold,58.6
3017,hold,59.0
3018,hold,59.1
3019,hold,58.2
3020,hold,57.8
3021,hold,56.6
3022,sell,56.9
3023,hold,57.3
3024,hold,56.5
3025,hold,56.6
3026,hold,57.3
3027,hold,58.4
3028,hold,60.8
3029,buy,60.4
3030,hold,60.2
3031,hold,60.1
3032,hold,59.4
3033,hold,60.0
3034,hold,60.7
3035,hold,60.0
3036,hold,60.8
3037,hold,60.1
3038,hold,60.2
3039,hold,61.6
3040,hold,62.1
3041,hold,62.7
3042,hold,63.4
3043,hold,62.8
3044,hold,62.3
3045,hold,63.9
3046,hold,65.0
3047,hold,63.0
3048,hold,61.8
3049,hold,62.8
3050,hold,64.3
3051,hold,64.0
3052,hold,64.1
3053,hold,64.2
3054,hold,64.9
3055,hold,64.3
3056,hold,63.9
3057,hold,62.3
3058,hold,63.3
3059,hold,62.0
3060,hold,63.4
3061,hold,63.5
3062,hold,64.9
3063,hold,64.5
3064,hold,64.4
3065,hold,63.6
3066,hold,63.6
3067,hold,65.1
3068,hold,65.6
3069,hold,67.2
3070,hold,66.0
3071,hold,66.0
3072,hold,66.9
3073,hold,66.8
3074,hold,66.7
3075,hold,66.8
3076,hold,65.8
3077,hold,66.0
3078,hold,66.2
3079,hold,66.2
3080,hold,66.3
3081,hold,65.2
3082,hold,66.0
3083,hold,65.5
3084,hold,66.0
3085,hold,63.5
3086,sell,64.2
3087,hold,63.4
3088,hold,62.7
3089,hold,63.8
3090,hold,64.2
3091,hold,65.1
3092,hold,62.2
3093,hold,61.8
3094,hold,61.7
3095,hold,60.7
3096,hold,59.8
3097,hold,60.3
3098,hold,60.5
3099,hold,60.7
3100,hold,61.2
3101,hold,61.6
3102,hold,61.3
3103,hold,61.4
3104,hold,60.0
3105,hold,58.3
3106,hold,58.7
3107,hold,58.8
3108,hold,58.4
3109,hold,58.9
3110,hold,59.1
3111,hold,58.0
3112,hold,57.5
3113,hold,57.5
3114,hold,57.4
3115,hold,56.0
3116,hold,57.9
3117,hold,57.7
3118,hold,58.4
3119,hold,59.4
3120,hold,59.2
3121,hold,59.5
3122,hold,60.7
3123,buy,58.8
3124,hold,60.5
3125,hold,61.7
3126,hold,61.8
3127,hold,60.9
3128,hold,61.3
3129,hold,60.5
3130,hold,59.7
3131,hold,61.0
3132,hold,59.8
3133,hold,59.9
3134,hold,60.9
3135,hold,61.2
3136,hold,60.8
3137,hold,61.2
3138,hold,61.0
3139,hold,60.7
3140,hold,60.9
3141,hold,59.3
3142,sell,60.0
3143,hold,61.1
3144,buy,60.8
3145,hold,60.7
3146,hold,59.8
3147,sell,60.0
3148,hold,59.6
3149,hold,59.6
3150,hold,56.5
3151,hold,56.8
3152,hold,54.9
3153,hold,54.5
3154,hold,55.0
3155,hold,56.2
3156,hold,55.2
3157,hold,54.6
3158,hold,54.6
3159,hold,54.6
3160,hold,54.5
3161,hold,54.9
3162,hold,55.0
3163,hold,55.3
3164,hold,55.0
3165,hold,54.5
3166,hold,54.5
3167,hold,54.1
3168,hold,54.0
3169,hold,54.0
3170,hold,54.0
3171,hold,55.3
3172,hold,55.7
3173,hold,55.4
3174,hold,54.9
3175,hold,54.9
3176,hold,53.3
3177,hold,53.3
3178,hold,53.3
3179,hold,53.0
3180,hold,53.0
3181,hold,52.6
3182,hold,52.2
3183,hold,52.7
3184,hold,53.0
3185,hold,52.9
3186,hold,52.8
3187,hold,53.4
3188,hold,53.3
3189,hold,53.0
3190,hold,54.1
3191,hold,54.1
3192,hold,54.2
3193,buy,53.7
3194,hold,54.0
3195,hold,54.4
3196,hold,55.0
3197,hold,54.5
3198,hold,54.8
3199,hold,54.0
3200,hold,54.6
3201,hold,54.3
3202,hold,54.5
3203,hold,53.5
3204,hold,52.5
3205,sell,52.8
3206,hold,53.8
3207,hold,54.3
3208,hold,53.9
3209,hold,54.1
3210,buy,54.4
3211,hold,54.9
3212,hold,54.2
3213,hold,55.0
3214,hold,55.5
3215,hold,55.1
3216,hold,54.6
3217,hold,54.5
3218,hold,54.5
3219,hold,54.8
3220,hold,54.5
3221,hold,54.6
3222,hold,56.5
3223,hold,56.5
3224,hold,56.3
3225,hold,56.7
3226,hold,56.8
3227,hold,56.7
3228,hold,55.7
3229,hold,54.8
3230,hold,54.8
3231,hold,56.4
3232,hold,56.4
3233,hold,57.0
3234,hold,58.1
3235,hold,57.4
3236,hold,57.6
3237,hold,57.2
3238,hold,57.6
3239,hold,57.7
3240,hold,56.7
3241,hold,57.1
3242,hold,57.2
3243,hold,57.0
3244,hold,56.9
3245,hold,58.2
3246,hold,57.7
3247,hold,56.2
3248,hold,56.0
3249,sell,55.3
3250,hold,56.1
3251,hold,56.0
3252,hold,55.8
3253,hold,56.3
3254,hold,55.9
3255,hold,55.0
3256,hold,55.1
3257,hold,55.7
3258,hold,55.9
3259,hold,56.5
3260,hold,56.3
3261,hold,56.3
3262,hold,55.7
3263,hold,56.1
3264,hold,56.0
3265,hold,55.5
3266,hold,56.2
3267,hold,56.3
3268,hold,56.1
3269,hold,56.9
3270,buy,57.5
3271,hold,57.0
3272,hold,57.0
3273,hold,57.6
3274,hold,57.5
3275,hold,57.5
3276,hold,57.4
3277,hold,56.7
3278,hold,57.0
3279,hold,57.4
3280,hold,59.5
3281,hold,60.6
3282,hold,60.1
3283,hold,59.6
3284,hold,60.0
3285,hold,59.7
3286,hold,59.5
3287,hold,59.5
3288,hold,60.4
3289,hold,59.2
3290,hold,58.8
3291,hold,58.5
3292,hold,59.3
3293,hold,59.5
3294,hold,58.7
3295,hold,58.6
3296,hold,58.5
3297,hold,58.6
3298,sell,59.2
3299,buy,60.5
3300,hold,60.6
3301,hold,61.0
3302,hold,61.2
3303,hold,61.5
3304,hold,60.6
3305,hold,61.0
3306,hold,61.1
3307,hold,60.6
3308,hold,61.0
3309,hold,61.1
3310,hold,60.3
3311,hold,60.1
3312,hold,60.3
3313,hold,60.2
3314,hold,60.3
3315,hold,60.4
3316,hold,60.2
3317,hold,60.3
3318,hold,60.3
3319,hold,60.0
3320,sell,60.0
3321,hold,60.6
3322,buy,60.3
3323,hold,60.5
3324,hold,0.0
3325,sell,58.4
3326,hold,57.8
3327,hold,59.0
3328,hold,58.8
3329,hold,57.5
3330,hold,57.8
3331,buy,57.4
3332,hold,57.6
3333,hold,57.4
3334,hold,57.8
3335,hold,57.7
3336,hold,57.5
3337,hold,59.1
3338,hold,59.4
3339,hold,59.8
3340,hold,60.0
3341,hold,59.7
3342,hold,60.4
3343,hold,61.4
3344,hold,63.0
3345,hold,64.1
3346,hold,63.4
3347,hold,64.0
3348,hold,64.3
3349,hold,64.2
3350,hold,63.8
3351,hold,63.8
3352,hold,63.9
3353,hold,63.9
3354,hold,64.5
3355,hold,65.2
3356,hold,65.1
3357,hold,64.6
3358,hold,65.0
3359,hold,65.5
3360,hold,65.6
3361,hold,66.3
3362,hold,65.1
3363,hold,65.0
3364,hold,64.5
3365,hold,63.7
3366,hold,63.0
3367,hold,62.8
3368,sell,62.0
3369,hold,62.3
3370,hold,63.5
3371,hold,62.9
3372,hold,62.6
3373,hold,63.4
3374,hold,63.1
3375,hold,63.6
3376,hold,64.8
3377,buy,65.5
3378,hold,65.3
3379,hold,64.9
3380,hold,65.3
3381,hold,64.1
3382,hold,63.7
3383,hold,63.6
3384,hold,65.1
3385,hold,64.4
3386,hold,63.4
3387,hold,62.8
3388,sell,63.1
3389,hold,63.2
3390,hold,63.0
3391,hold,63.3
3392,hold,62.3
3393,hold,62.7
3394,hold,62.3
3395,hold,62.3
3396,hold,63.8
3397,hold,64.0
3398,hold,63.4
3399,hold,63.8
3400,buy,64.3
3401,hold,64.3
3402,hold,64.0
3403,hold,64.4
3404,hold,64.4
3405,hold,64.2
3406,hold,65.0
3407,hold,64.7
3408,hold,64.0
3409,hold,63.3
3410,hold,63.5
3411,sell,63.5
3412,hold,63.7
3413,hold,64.3
3414,buy,62.9
3415,sell,64.0
3416,hold,64.7
3417,buy,64.7
3418,hold,65.1
3419,hold,64.5
3420,hold,64.7
3421,hold,65.5
3422,hold,66.5
3423,hold,66.4
3424,hold,65.7
3425,hold,64.4
3426,hold,65.1
3427,hold,64.9
3428,hold,65.3
3429,hold,65.0
3430,hold,64.7
3431,hold,65.2
3432,hold,66.2
3433,hold,66.0
3434,hold,67.2
3435,hold,67.5
3436,hold,67.5
3437,hold,67.3
3438,hold,67.9
3439,hold,67.6
3440,hold,67.6
3441,hold,67.9
3442,hold,68.1
3443,hold,68.7
3444,hold,68.3
3445,hold,67.6
3446,hold,68.2
3447,hold,69.2
3448,hold,69.9
3449,hold,69.1
3450,hold,68.4
3451,hold,68.7
3452,hold,67.5
3453,hold,69.2
3454,hold,69.4
3455,hold,70.0
3456,hold,70.3
3457,hold,69.0
3458,hold,68.3
3459,hold,65.7
3460,sell,66.8
3461,hold,66.6
3462,hold,66.0
3463,hold,65.5
3464,hold,69.2
3465,hold,66.8
3466,hold,66.8
3467,hold,68.4
3468,hold,69.0
3469,buy,69.3
3470,hold,68.7
3471,hold,67.8
3472,hold,67.5
3473,hold,69.0
3474,hold,68.5
3475,hold,68.2
3476,hold,69.6
3477,hold,69.8
3478,hold,69.3
3479,hold,69.0
3480,hold,70.1
3481,hold,69.3
3482,hold,68.1
3483,hold,68.8
3484,hold,68.6
3485,hold,68.0
3486,sell,68.0
3487,hold,68.2
3488,hold,68.0
3489,hold,68.3
3490,hold,68.5
3491,hold,69.0
3492,buy,69.4
3493,hold,68.2
3494,hold,70.2
3495,hold,70.6
3496,hold,70.7
3497,hold,70.8
3498,hold,70.7
3499,hold,71.6
3500,hold,70.5
3501,hold,71.2
3502,hold,73.4
3503,hold,71.4
3504,hold,70.3
3505,hold,70.3
3506,hold,69.6
3507,hold,70.8
3508,hold,70.3
3509,hold,71.6
3510,hold,70.5
3511,hold,68.8
3512,sell,70.0
3513,hold,70.2
3514,hold,69.8
3515,hold,68.9
3516,hold,70.3
3517,hold,70.0
3518,hold,72.0
3519,buy,72.0
3520,hold,72.5
3521,hold,70.7
3522,hold,71.4
3523,hold,71.7
3524,hold,71.8
3525,hold,72.0
3526,hold,72.1
3527,hold,72.4
3528,hold,73.3
3529,hold,73.5
3530,hold,71.9
3531,hold,73.1
3532,hold,74.0
3533,hold,75.1
3534,hold,75.0
3535,hold,75.9
3536,hold,75.5
3537,hold,75.0
3538,hold,74.0
3539,hold,74.5
3540,hold,73.7
3541,hold,72.5
3542,hold,74.2
3543,hold,74.3
3544,hold,75.9
3545,hold,77.0
3546,hold,76.7
3547,hold,76.7
3548,hold,76.8
3549,hold,77.5
3550,hold,75.0
3551,hold,77.4
3552,hold,76.9
3553,hold,76.6
3554,hold,77.1
3555,hold,77.0
3556,hold,78.0
3557,hold,78.8
3558,hold,79.7
3559,hold,80.1
3560,hold,79.5
3561,hold,79.3
3562,hold,79.0
3563,hold,79.4
3564,hold,82.4
3565,hold,82.1
3566,hold,80.8
3567,hold,80.1
3568,hold,80.6
3569,hold,79.8
3570,hold,80.7
3571,hold,80.7
3572,hold,80.7
3573,hold,80.8
3574,hold,78.8
3575,hold,73.9
3576,sell,74.6
3577,hold,74.2
3578,hold,73.4
3579,hold,72.2
3580,hold,71.0
3581,hold,72.7
3582,hold,72.2
3583,hold,75.0
3584,hold,74.8
3585,hold,75.1
3586,hold,77.0
3587,hold,75.4
3588,hold,76.2
3589,hold,76.3
3590,buy,78.0
3591,hold,77.7
3592,hold,77.9
3593,hold,78.8
3594,hold,77.5
3595,hold,77.2
3596,hold,77.6
3597,hold,76.2
3598,hold,76.6
3599,hold,75.0
3600,sell,75.5
3601,hold,74.8
3602,hold,75.7
3603,hold,76.8
3604,hold,76.4
3605,hold,75.0
3606,hold,75.4
3607,hold,75.6
3608,hold,78.4
3609,buy,79.0
3610,hold,77.7
3611,hold,78.1
3612,hold,79.1
3613,hold,79.8
3614,hold,79.3
3615,hold,79.7
3616,hold,78.9
3617,hold,77.5
3618,hold,78.3
3619,hold,75.4
3620,sell,75.3
3621,hold,75.5
3622,hold,75.3
3623,hold,70.2
3624,hold,72.9
3625,hold,72.8
3626,hold,73.3
3627,hold,73.5
3628,hold,72.7
3629,hold,74.9
3630,hold,74.1
3631,hold,72.8
3632,hold,73.1
3633,hold,75.0
3634,hold,75.8
3635,hold,76.7
3636,buy,74.8
3637,hold,74.9
3638,hold,76.2
3639,hold,75.6
3640,hold,76.3
3641,hold,75.9
3642,hold,76.0
3643,hold,75.0
3644,hold,72.1
3645,sell,72.4
3646,hold,75.0
3647,hold,74.3
3648,hold,73.6
3649,hold,74.8
3650,hold,76.2
3651,buy,75.1
3652,hold,74.6
3653,hold,73.9
3654,sell,73.8
3655,hold,74.1
3656,hold,72.6
3657,hold,72.8
3658,hold,72.2
3659,hold,72.2
3660,hold,73.3
3661,hold,70.7
3662,hold,69.3
3663,hold,67.4
3664,hold,68.9
3665,hold,68.2
3666,hold,68.9
3667,hold,69.4
3668,hold,70.3
3669,hold,68.9
3670,hold,69.8
3671,hold,69.8
3672,hold,70.1
3673,hold,69.7
3674,hold,69.4
3675,hold,69.5
3676,hold,69.0
3677,hold,68.0
3678,hold,68.6
3679,hold,69.2
3680,hold,69.8
3681,hold,68.3
3682,hold,67.5
3683,hold,67.9
3684,hold,70.4
3685,hold,70.2
3686,hold,72.1
3687,buy,70.5
3688,hold,71.1
3689,hold,71.3
3690,hold,72.1
3691,hold,73.0
3692,hold,72.9
3693,hold,72.1
3694,hold,72.8
3695,hold,72.9
3696,hold,72.5
3697,hold,72.4
3698,hold,73.3
3699,hold,72.5
3700,hold,72.5
3701,hold,71.9
3702,hold,72.5
3703,hold,73.9
3704,hold,72.7
3705,hold,73.0
3706,hold,72.7
3707,hold,73.4
3708,hold,73.6
3709,hold,73.4
3710,hold,74.2
3711,hold,75.0
3712,hold,74.4
3713,hold,74.5
3714,hold,75.0
3715,hold,72.5
3716,hold,72.6
3717,hold,73.3
3718,hold,73.1
3719,hold,71.7
3720,sell,72.5
3721,hold,72.5
3722,hold,71.9
3723,hold,72.3
3724,hold,73.3
3725,hold,73.6
3726,buy,73.5
3727,hold,73.6
3728,hold,73.5
3729,hold,73.9
3730,hold,74.2
3731,hold,74.8
3732,hold,74.7
3733,hold,74.6
3734,hold,74.8
3735,hold,75.0
3736,hold,75.1
3737,hold,75.0
3738,hold,74.1
3739,hold,73.9
3740,hold,73.5
3741,hold,72.4
3742,sell,73.5
3743,hold,73.6
3744,hold,73.6
3745,hold,72.8
3746,hold,71.1
3747,hold,71.6
3748,hold,71.7
3749,hold,72.0
3750,hold,72.0
3751,hold,71.4
3752,hold,72.0
3753,hold,72.8
3754,hold,73.4
3755,hold,73.7
3756,buy,73.8
3757,hold,73.1
3758,hold,74.0
3759,hold,76.4
3760,hold,76.5
3761,hold,77.3
3762,hold,77.7
3763,hold,78.2
3764,hold,77.7
3765,hold,76.8
3766,hold,78.8
3767,hold,80.0
3768,hold,81.4
3769,hold,79.5
3770,hold,80.0
3771,hold,80.0
3772,hold,80.9
3773,hold,81.4
3774,hold,81.0
3775,hold,80.1
3776,hold,81.3
3777,hold,80.9
3778,hold,80.9
3779,hold,81.5
3780,hold,81.2
3781,hold,82.0
3782,hold,80.6
3783,hold,80.3
3784,hold,81.8
3785,hold,80.6
3786,hold,79.9
3787,hold,80.4
3788,hold,81.2
3789,hold,81.8
3790,hold,82.3
3791,hold,82.2
3792,hold,82.0
3793,hold,81.4
3794,hold,82.0
3795,hold,82.7
3796,hold,81.5
3797,hold,81.3
3798,hold,81.6
3799,hold,81.5
3800,hold,82.0
3801,hold,81.8
3802,hold,82.9
3803,hold,82.0
3804,hold,83.0
3805,hold,82.0
3806,hold,82.4
3807,hold,82.2
3808,hold,82.2
3809,hold,81.2
3810,hold,81.8
3811,hold,81.6
3812,sell,80.9
3813,hold,81.3
3814,hold,82.4
3815,buy,81.3
3816,sell,80.3
3817,hold,80.0
3818,hold,80.8
3819,hold,77.1
3820,hold,76.8
3821,hold,77.0
3822,hold,76.6
3823,hold,76.7
3824,hold,78.2
3825,hold,78.3
3826,hold,78.0
3827,hold,77.7
3828,hold,76.5
3829,hold,77.5
3830,hold,77.0
3831,hold,77.8
3832,hold,77.0
3833,hold,75.9
3834,hold,76.5
3835,hold,75.8
3836,hold,75.0
3837,hold,75.2
3838,hold,76.2
3839,hold,76.6
3840,hold,76.7
3841,hold,75.8
3842,hold,76.6
3843,hold,77.5
3844,hold,77.1
3845,hold,77.8
3846,buy,77.0
3847,hold,76.8
3848,sell,77.5
3849,buy,78.0
3850,hold,76.9
3851,hold,77.0
3852,hold,76.6
3853,sell,78.0
3854,buy,77.0
3855,hold,76.5
3856,sell,76.1
3857,hold,75.8
3858,hold,74.8
3859,hold,73.2
3860,hold,73.4
3861,hold,73.2
3862,hold,73.6
3863,hold,73.5
3864,hold,73.0
3865,hold,72.0
3866,hold,71.6
3867,hold,72.4
3868,hold,72.4
3869,hold,72.3
3870,hold,73.0
3871,hold,73.6
3872,hold,74.2
3873,hold,72.8
3874,hold,74.2
3875,hold,74.1
3876,hold,75.2
3877,buy,75.8
3878,hold,75.7
3879,hold,75.2
3880,hold,74.2
3881,hold,76.4
3882,hold,76.0
3883,hold,74.7
3884,hold,74.4
3885,hold,73.0
3886,sell,73.2
3887,hold,73.4
3888,hold,73.0
3889,hold,72.6
3890,hold,73.0
3891,hold,73.9
3892,hold,74.0
3893,hold,74.3
3894,hold,73.0
3895,hold,73.4
3896,hold,74.0
3897,hold,72.4
3898,hold,72.8
3899,hold,72.9
3900,hold,72.5
3901,hold,72.6
3902,hold,72.5
3903,hold,72.2
3904,hold,71.8
3905,hold,72.7
3906,hold,72.4
3907,hold,71.8
3908,hold,72.8
3909,hold,72.5
3910,hold,72.5
3911,hold,72.3
3912,hold,72.6
3913,hold,73.5
3914,buy,73.5
3915,hold,74.1
3916,hold,74.9
3917,hold,74.6
3918,hold,74.8
3919,hold,74.6
3920,hold,74.6
3921,hold,74.6
3922,hold,74.2
3923,hold,74.2
3924,hold,74.8
3925,hold,73.9
3926,hold,73.4
3927,hold,72.6
3928,sell,73.4
3929,hold,74.0
3930,hold,74.6
3931,buy,74.4
3932,hold,74.6
3933,hold,75.5
3934,hold,75.7
3935,hold,75.4
3936,hold,72.0
3937,sell,72.6
3938,hold,73.0
3939,hold,73.5
3940,hold,73.7
3941,hold,74.0
3942,hold,73.6
3943,hold,75.0
3944,buy,74.6
3945,hold,74.4
3946,hold,74.5
3947,hold,74.2
3948,hold,75.0
3949,hold,75.1
3950,hold,75.0
3951,hold,74.0
3952,hold,74.0
3953,hold,73.5
3954,sell,73.5
3955,hold,73.0
3956,hold,73.2
3957,hold,71.2
3958,hold,72.0
3959,hold,73.5
3960,hold,73.6
3961,hold,72.7
3962,hold,71.8
3963,hold,72.4
3964,hold,72.9
3965,hold,70.3
3966,hold,68.2
3967,hold,66.3
3968,hold,64.9
3969,hold,61.9
3970,hold,62.9
3971,hold,65.0
3972,hold,62.6
3973,hold,66.6
3974,hold,66.6
3975,hold,65.8
3976,hold,64.1
3977,hold,63.8
3978,hold,65.6
3979,hold,65.1
3980,hold,69.0
3981,hold,69.0
3982,hold,70.2
3983,buy,69.6
3984,hold,69.0
3985,hold,68.1
3986,hold,68.1
3987,hold,68.0
3988,hold,67.5
3989,hold,67.8
3990,hold,67.8
3991,hold,66.0
3992,sell,67.1
3993,hold,67.9
3994,hold,66.6
3995,hold,67.7
3996,hold,68.3
3997,buy,69.0
3998,hold,69.5
3999,hold,68.3
4000,hold,70.0
4001,hold,69.7
4002,hold,70.1
4003,hold,70.9
4004,hold,71.0
4005,hold,69.4
4006,hold,70.4
4007,hold,70.0
4008,hold,69.1
4009,hold,69.8
4010,hold,70.2
4011,hold,71.3
4012,hold,72.3
4013,hold,71.9
4014,hold,71.8
4015,hold,72.3
4016,hold,72.4
4017,hold,71.5
4018,hold,72.8
4019,hold,73.4
4020,hold,73.5
4021,hold,74.3
4022,hold,74.6
4023,hold,73.9
4024,hold,73.5
4025,hold,73.9
4026,hold,73.7
4027,hold,73.0
4028,hold,72.0
4029,hold,70.6
4030,sell,73.3
4031,buy,72.5
4032,hold,72.5
4033,hold,71.2
4034,sell,71.0
4035,hold,72.1
4036,hold,71.4
4037,hold,71.8
4038,hold,71.3
4039,hold,71.2
4040,hold,72.4
4041,hold,73.2
4042,buy,73.8
4043,hold,73.2
4044,hold,73.3
4045,hold,73.5
4046,hold,73.6
4047,hold,73.6
4048,hold,72.9
4049,hold,73.0
4050,hold,73.0
4051,hold,72.5
4052,hold,72.6
4053,hold,72.1
4054,sell,72.1
4055,hold,72.0
4056,hold,71.3
4057,hold,71.3
4058,hold,70.6
4059,hold,70.7
4060,hold,72.0
4061,hold,71.5
4062,hold,70.0
4063,hold,70.2
4064,hold,70.7
4065,hold,69.5
4066,hold,69.1
4067,hold,69.0
4068,hold,68.6
4069,hold,67.8
4070,hold,68.3
4071,hold,68.3
4072,hold,69.2
4073,hold,68.7
4074,hold,68.4
4075,hold,67.1
4076,hold,67.1
4077,hold,67.0
4078,hold,67.4
4079,hold,67.3
4080,hold,67.4
4081,hold,67.0
4082,hold,66.6
4083,hold,66.2
4084,hold,65.2
4085,hold,64.6
4086,hold,63.6
4087,hold,64.9
4088,hold,66.0
4089,hold,65.3
4090,hold,66.0
4091,hold,66.0
4092,hold,66.8
4093,hold,66.0
4094,hold,66.4
4095,hold,64.5
4096,hold,64.5
4097,hold,64.0
4098,hold,64.0
4099,hold,64.0
4100,hold,61.7
4101,hold,61.8
4102,hold,62.8
4103,hold,62.5
4104,hold,62.5
4105,hold,62.6
4106,hold,63.4
4107,hold,62.4
4108,hold,63.1
4109,hold,63.1
4110,hold,62.8
4111,hold,62.7
4112,hold,62.5
4113,hold,62.1
4114,hold,62.3
4115,hold,62.5
4116,hold,62.0
4117,hold,63.0
4118,hold,62.6
4119,hold,62.6
4120,hold,61.9
4121,hold,61.7
4122,hold,61.2
4123,hold,61.3
4124,hold,61.2
4125,hold,62.3
4126,hold,62.5
4127,hold,62.6
4128,hold,62.8
4129,hold,63.3
4130,buy,64.3
4131,hold,65.1
4132,hold,67.5
4133,hold,68.4
4134,hold,68.0
4135,hold,67.9
4136,hold,68.3
4137,hold,68.4
4138,hold,68.1
4139,hold,68.5
4140,hold,67.6
4141,hold,67.0
4142,hold,67.0
4143,hold,66.3
4144,hold,65.0
4145,hold,66.1
4146,hold,65.3
4147,sell,65.7
4148,hold,66.3
4149,buy,65.6
4150,sell,65.4
4151,hold,65.4
4152,hold,65.5
4153,hold,65.1
4154,hold,65.0
4155,hold,65.0
4156,hold,65.7
4157,hold,67.0
4158,buy,66.5
4159,hold,66.8
4160,hold,66.1
4161,hold,65.9
4162,hold,66.0
4163,hold,66.3
4164,hold,66.9
4165,hold,66.9
4166,hold,67.8
4167,hold,67.5
4168,hold,67.6
4169,hold,67.0
4170,hold,66.1
4171,hold,66.6
4172,hold,67.7
4173,hold,67.3
4174,hold,67.0
4175,hold,67.0
4176,hold,66.8
4177,hold,66.0
4178,sell,67.4
4179,buy,67.1
4180,hold,64.3
4181,sell,66.1
4182,hold,66.7
4183,hold,66.7
4184,hold,67.0
4185,buy,67.2
4186,hold,67.9
4187,hold,68.0
4188,hold,68.0
4189,hold,67.6
4190,hold,68.1
4191,hold,68.5
4192,hold,68.7
4193,hold,68.8
4194,hold,68.7
4195,hold,68.4
4196,hold,68.5
4197,hold,69.0
4198,hold,69.1
4199,hold,69.9
4200,hold,67.2
4201,hold,68.0
4202,hold,69.1
4203,hold,68.5
4204,hold,68.4
4205,hold,68.8
4206,sell,70.1
