0,hold,56.5
1,hold,58.0
2,buy,58.0
3,sell,57.0
4,hold,58.0
5,buy,58.0
6,sell,57.5
7,hold,56.5
8,buy,57.5
9,sell,57.0
10,buy,56.5
11,sell,57.5
12,hold,57.0
13,hold,56.5
14,hold,55.5
15,hold,54.5
16,hold,54.5
17,hold,54.0
18,hold,54.0
19,hold,55.0
20,hold,55.0
21,hold,55.0
22,hold,55.5
23,hold,56.5
24,hold,57.0
25,hold,57.0
26,hold,57.0
27,hold,55.5
28,hold,56.0
29,hold,55.5
30,buy,54.0
31,sell,53.0
32,buy,53.5
33,hold,54.0
34,hold,54.0
35,hold,54.5
36,hold,55.5
37,hold,55.0
38,sell,56.0
39,hold,55.0
40,hold,54.0
41,hold,54.5
42,hold,53.0
43,buy,53.5
44,sell,52.5
45,buy,52.0
46,hold,52.0
47,hold,53.0
48,sell,54.5
49,buy,55.0
50,sell,51.5
51,hold,49.6
52,buy,49.8
53,hold,51.0
54,hold,50.5
55,hold,53.0
56,hold,53.0
57,hold,52.5
58,hold,53.0
59,hold,53.0
60,hold,54.0
61,hold,53.5
62,hold,54.0
63,hold,54.5
64,hold,53.5
65,hold,54.5
66,hold,54.0
67,sell,54.5
68,hold,54.5
69,hold,55.5
70,hold,55.0
71,hold,55.0
72,buy,54.5
73,hold,54.5
74,sell,54.0
75,hold,53.5
76,hold,53.0
77,hold,52.5
78,hold,51.0
79,hold,47.5
80,hold,47.0
81,hold,48.0
82,hold,46.0
83,hold,46.5
84,hold,47.7
85,hold,45.2
86,hold,46.0
87,hold,46.2
88,hold,46.2
89,hold,46.0
90,hold,42.9
91,hold,43.0
92,hold,45.3
93,hold,44.8
94,hold,45.1
95,hold,44.7
96,hold,46.3
97,hold,47.3
98,hold,46.8
99,buy,47.8
100,sell,47.2
101,hold,47.4
102,hold,47.2
103,hold,46.8
104,hold,46.8
105,hold,48.0
106,hold,49.0
107,hold,48.8
108,hold,48.9
109,hold,48.4
110,hold,47.1
111,hold,43.8
112,hold,43.9
113,hold,44.5
114,buy,44.4
115,sell,45.0
116,buy,46.7
117,sell,46.7
118,buy,46.6
119,hold,46.3
120,hold,46.6
121,hold,47.5
122,hold,47.9
123,hold,47.6
124,hold,47.5
125,hold,48.0
126,hold,48.6
127,hold,48.4
128,hold,48.3
129,hold,48.4
130,hold,48.0
131,hold,47.7
132,hold,47.5
133,hold,47.9
134,hold,48.7
135,hold,47.3
136,hold,48.1
137,hold,48.3
138,sell,48.0
139,buy,48.0
140,hold,47.3
141,hold,46.6
142,hold,46.6
143,sell,47.2
144,buy,46.9
145,hold,46.7
146,hold,46.5
147,sell,47.3
148,buy,46.5
149,sell,46.7
150,buy,47.1
151,hold,46.2
152,hold,46.5
153,hold,46.7
154,hold,46.6
155,hold,46.6
156,hold,48.6
157,hold,49.3
158,hold,49.0
159,hold,50.5
160,hold,50.0
161,hold,49.6
162,hold,50.0
163,hold,51.0
164,hold,51.0
165,hold,51.5
166,hold,51.5
167,hold,52.5
168,hold,53.5
169,hold,53.0
170,sell,53.0
171,hold,53.0
172,buy,53.5
173,sell,53.0
174,hold,52.0
175,hold,52.5
176,buy,51.5
177,hold,53.0
178,hold,53.5
179,sell,53.0
180,buy,53.0
181,hold,52.0
182,hold,52.0
183,hold,52.0
184,hold,53.0
185,hold,55.5
186,hold,56.5
187,hold,55.5
188,hold,55.5
189,hold,56.5
190,sell,57.0
191,hold,56.5
192,hold,55.5
193,hold,56.0
194,hold,53.5
195,hold,53.0
196,hold,53.5
197,hold,53.5
198,hold,52.0
199,hold,51.5
200,hold,51.0
201,hold,50.0
202,hold,50.5
203,hold,51.0
204,hold,51.5
205,buy,50.0
206,hold,50.5
207,hold,50.5
208,hold,50.5
209,hold,51.5
210,sell,52.5
211,hold,52.5
212,hold,52.5
213,hold,52.0
214,buy,52.0
215,sell,52.0
216,hold,52.0
217,hold,52.5
218,hold,52.5
219,hold,52.5
220,hold,51.0
221,buy,50.5
222,hold,51.0
223,hold,51.0
224,hold,50.5
225,hold,51.0
226,hold,51.5
227,hold,51.0
228,hold,52.0
229,hold,52.5
230,hold,52.5
231,hold,52.0
232,hold,52.5
233,hold,52.5
234,hold,52.5
235,hold,52.0
236,hold,52.5
237,hold,53.5
238,hold,53.0
239,hold,53.0
240,hold,53.5
241,hold,53.0
242,hold,53.0
243,hold,53.0
244,hold,52.5
245,hold,52.5
246,hold,53.0
247,hold,54.0
248,hold,54.5
249,hold,54.5
250,hold,55.0
251,hold,53.5
252,hold,53.5
253,hold,53.0
254,hold,52.5
255,hold,52.5
256,hold,53.5
257,hold,54.0
258,hold,55.0
259,hold,55.5
260,hold,56.0
261,sell,55.0
262,hold,54.5
263,hold,55.5
264,hold,55.0
265,hold,54.5
266,hold,55.5
267,hold,55.0
268,hold,55.5
269,buy,55.0
270,hold,55.5
271,hold,56.0
272,hold,56.0
273,hold,56.5
274,hold,56.5
275,hold,57.0
276,hold,56.5
277,hold,55.5
278,hold,56.0
279,hold,56.5
280,hold,56.0
281,hold,56.5
282,hold,57.0
283,hold,57.0
284,hold,59.2
285,hold,59.2
286,hold,58.9
287,hold,59.5
288,hold,60.0
289,hold,59.2
290,sell,60.5
291,hold,60.8
292,hold,60.4
293,hold,59.8
294,hold,58.5
295,hold,58.1
296,hold,57.7
297,hold,58.6
298,hold,58.6
299,hold,57.8
300,hold,56.5
301,hold,56.0
302,hold,57.2
303,hold,56.9
304,hold,56.3
305,hold,57.0
306,hold,56.5
307,hold,55.8
308,hold,55.8
309,hold,55.4
310,hold,55.2
311,hold,55.1
312,hold,55.5
313,hold,55.3
314,hold,55.1
315,hold,55.1
316,hold,53.6
317,hold,52.7
318,hold,53.4
319,hold,52.6
320,hold,52.1
321,hold,52.1
322,hold,51.7
323,buy,51.4
324,hold,52.2
325,sell,53.2
326,buy,53.7
327,hold,53.1
328,sell,53.5
329,hold,54.7
330,hold,55.0
331,hold,54.7
332,hold,54.1
333,hold,53.9
334,hold,53.5
335,hold,53.5
336,hold,52.0
337,hold,51.8
338,hold,51.4
339,hold,52.2
340,hold,52.4
341,hold,52.2
342,hold,52.1
343,buy,52.0
344,hold,52.2
345,hold,52.4
346,hold,52.8
347,hold,53.4
348,hold,52.7
349,hold,53.2
350,hold,53.9
351,hold,54.3
352,hold,53.5
353,hold,53.7
354,hold,53.7
355,hold,53.9
356,hold,54.3
357,hold,55.8
358,hold,55.9
359,hold,55.9
360,sell,56.5
361,hold,57.9
362,hold,58.2
363,hold,52.9
364,hold,51.5
365,hold,51.3
366,hold,50.9
367,hold,51.3
368,hold,50.6
369,hold,51.8
370,hold,50.8
371,hold,50.6
372,hold,50.2
373,hold,49.95
374,hold,50.2
375,hold,49.9
376,hold,50.4
377,hold,50.3
378,hold,50.5
379,hold,50.7
380,hold,50.4
381,hold,50.5
382,hold,50.6
383,hold,50.2
384,hold,50.1
385,hold,50.4
386,hold,50.4
387,hold,50.0
388,hold,49.9
389,hold,49.5
390,buy,49.15
391,hold,49.65
392,hold,50.4
393,hold,50.1
394,hold,49.8
395,hold,50.2
396,hold,49.85
397,sell,50.2
398,hold,50.9
399,hold,50.1
400,hold,49.75
401,hold,49.55
402,hold,49.5
403,hold,49.3
404,buy,49.6
405,sell,49.7
406,hold,49.35
407,hold,49.45
408,hold,49.45
409,buy,49.2
410,hold,49.2
411,hold,48.8
412,hold,49.6
413,sell,49.3
414,hold,49.6
415,buy,49.6
416,sell,49.6
417,buy,49.05
418,sell,49.25
419,buy,49.3
420,sell,49.4
421,hold,49.25
422,hold,49.0
423,buy,49.2
424,sell,49.1
425,buy,48.9
426,sell,48.9
427,buy,49.2
428,sell,48.95
429,hold,48.75
430,hold,48.05
431,buy,47.7
432,hold,48.6
433,hold,48.6
434,hold,49.0
435,hold,48.85
436,hold,48.85
437,hold,48.5
438,hold,48.8
439,hold,49.25
440,sell,49.5
441,buy,49.4
442,hold,49.05
443,sell,49.5
444,hold,49.0
445,buy,48.9
446,sell,48.5
447,buy,47.95
448,hold,48.0
449,hold,48.9
450,hold,49.65
451,hold,50.5
452,hold,50.6
453,hold,50.6
454,hold,50.8
455,hold,50.7
456,hold,51.0
457,hold,50.9
458,hold,50.7
459,sell,51.5
460,buy,51.2
461,sell,51.5
462,hold,51.3
463,hold,51.3
464,hold,51.1
465,hold,51.0
466,hold,50.8
467,buy,50.3
468,sell,49.9
469,hold,50.3
470,buy,49.95
471,hold,50.2
472,hold,50.4
473,sell,50.0
474,hold,50.3
475,hold,50.2
476,hold,49.3
477,hold,49.3
478,hold,49.55
479,hold,50.0
480,hold,49.6
481,hold,49.3
482,buy,49.75
483,sell,49.8
484,buy,49.8
485,sell,50.0
486,buy,50.7
487,hold,51.0
488,hold,51.0
489,hold,51.5
490,hold,51.0
491,hold,51.2
492,hold,51.2
493,hold,50.8
494,hold,50.9
495,hold,51.3
496,hold,50.5
497,hold,50.1
498,hold,50.9
499,hold,51.0
500,hold,51.2
501,hold,51.1
502,hold,50.9
503,hold,51.2
504,hold,52.4
505,sell,52.7
506,hold,52.5
507,hold,52.2
508,hold,51.7
509,hold,50.7
510,hold,51.1
511,hold,50.9
512,hold,50.9
513,buy,50.9
514,hold,51.8
515,hold,52.1
516,hold,52.7
517,hold,53.2
518,hold,52.3
519,sell,52.5
520,hold,51.8
521,hold,51.0
522,hold,51.4
523,hold,51.3
524,buy,51.4
525,hold,51.6
526,hold,51.4
527,hold,51.1
528,hold,51.1
529,sell,50.6
530,hold,51.7
531,hold,51.5
532,hold,51.2
533,hold,51.3
534,hold,51.0
535,hold,51.3
536,hold,50.5
537,hold,50.0
538,hold,50.6
539,hold,50.3
540,hold,50.4
541,hold,50.4
542,hold,50.1
543,hold,50.3
544,hold,51.4
545,hold,50.7
546,hold,50.5
547,hold,50.4
548,hold,50.5
549,buy,50.5
550,hold,50.6
551,sell,50.3
552,hold,50.6
553,hold,50.9
554,buy,50.6
555,hold,50.8
556,hold,50.8
557,hold,51.4
558,hold,51.3
559,hold,51.1
560,hold,50.8
561,hold,50.9
562,hold,51.1
563,hold,51.6
564,hold,52.1
565,hold,51.8
566,sell,51.8
567,hold,51.8
568,hold,51.1
569,hold,50.7
570,buy,50.7
571,sell,51.4
572,hold,51.0
573,buy,50.9
574,hold,50.6
575,hold,50.5
576,hold,50.4
577,sell,50.8
578,buy,51.0
579,hold,50.8
580,sell,50.8
581,hold,51.0
582,hold,50.6
583,hold,50.1
584,hold,50.1
585,hold,50.0
586,hold,49.6
587,hold,49.65
588,hold,49.3
589,hold,49.0
590,hold,48.65
591,hold,48.5
592,hold,49.1
593,hold,48.9
594,hold,48.15
595,hold,48.25
596,hold,48.8
597,hold,48.1
598,hold,49.05
599,hold,48.2
600,hold,46.95
601,hold,46.95
602,hold,46.6
603,hold,46.0
604,buy,46.1
605,hold,46.2
606,hold,47.55
607,hold,48.85
608,hold,47.8
609,sell,48.2
610,buy,48.9
611,hold,48.3
612,hold,48.65
613,sell,49.0
614,hold,49.0
615,hold,49.2
616,hold,49.1
617,hold,49.2
618,hold,49.05
619,hold,45.5
620,hold,45.5
621,hold,45.4
622,hold,45.25
623,hold,45.2
624,hold,45.0
625,hold,45.15
626,hold,44.65
627,hold,44.0
628,hold,44.0
629,hold,44.0
630,hold,44.25
631,hold,44.15
632,hold,44.25
633,hold,44.45
634,hold,44.85
635,hold,45.0
636,hold,45.15
637,hold,45.2
638,hold,45.1
639,buy,45.05
640,hold,44.7
641,hold,44.25
642,hold,44.35
643,hold,44.85
644,hold,45.5
645,hold,45.3
646,hold,45.1
647,hold,44.9
648,hold,44.9
649,hold,45.0
650,hold,44.65
651,hold,44.9
652,hold,44.3
653,hold,44.9
654,sell,44.7
655,buy,45.0
656,hold,45.0
657,hold,44.75
658,sell,44.6
659,buy,44.85
660,hold,44.8
661,hold,45.2
662,hold,45.5
663,sell,45.5
664,buy,45.55
665,hold,45.45
666,hold,45.4
667,hold,45.55
668,hold,45.5
669,hold,45.4
670,hold,45.15
671,hold,45.65
672,hold,46.2
673,hold,46.1
674,hold,46.3
675,hold,46.65
676,hold,46.65
677,hold,46.7
678,hold,46.95
679,hold,47.5
680,hold,47.1
681,hold,47.25
682,hold,47.65
683,hold,47.5
684,sell,46.9
685,hold,47.3
686,hold,47.2
687,hold,46.95
688,buy,47.0
689,sell,47.25
690,hold,47.7
691,hold,47.35
692,buy,47.0
693,hold,47.0
694,hold,47.0
695,hold,47.25
696,hold,48.35
697,hold,48.6
698,hold,49.4
699,hold,49.5
700,hold,48.4
701,hold,48.9
702,hold,48.7
703,hold,49.6
704,hold,49.95
705,hold,50.0
706,hold,50.1
707,hold,49.75
708,hold,49.7
709,hold,49.65
710,hold,49.9
711,hold,50.4
712,hold,50.2
713,hold,50.0
714,hold,50.0
715,hold,49.9
716,hold,50.3
717,hold,50.5
718,hold,51.0
719,hold,52.0
720,hold,52.0
721,hold,52.0
722,hold,52.5
723,hold,53.0
724,hold,53.1
725,hold,54.2
726,sell,54.3
727,hold,54.4
728,hold,53.7
729,hold,53.1
730,hold,53.5
731,hold,52.8
732,hold,52.5
733,hold,52.8
734,hold,53.0
735,hold,53.3
736,hold,53.1
737,hold,53.2
738,hold,53.1
739,buy,53.2
740,hold,53.0
741,hold,53.8
742,sell,54.2
743,buy,53.9
744,hold,54.1
745,hold,54.4
746,sell,54.2
747,hold,54.0
748,hold,53.0
749,hold,52.9
750,hold,53.3
751,hold,52.6
752,buy,52.1
753,hold,53.0
754,hold,53.2
755,hold,53.4
756,hold,53.5
757,hold,53.8
758,hold,53.9
759,hold,54.5
760,hold,54.5
761,hold,55.3
762,hold,55.5
763,hold,54.5
764,hold,54.7
765,hold,55.0
766,hold,55.4
767,hold,55.4
768,hold,55.6
769,hold,55.9
770,hold,57.1
771,sell,57.0
772,buy,57.4
773,hold,57.5
774,hold,57.5
775,hold,57.5
776,hold,58.2
777,hold,59.1
778,hold,58.6
779,hold,57.8
780,sell,57.7
781,hold,57.0
782,hold,56.5
783,buy,57.0
784,hold,58.2
785,hold,58.1
786,hold,58.2
787,sell,58.4
788,hold,58.5
789,hold,58.2
790,hold,60.0
791,hold,60.8
792,buy,60.3
793,hold,60.3
794,sell,60.1
795,buy,61.4
796,hold,61.6
797,hold,62.1
798,sell,61.9
799,buy,61.6
800,sell,61.6
801,hold,62.8
802,hold,63.0
803,hold,63.5
804,hold,64.1
805,buy,65.6
806,hold,65.6
807,hold,65.6
808,hold,64.7
809,hold,63.9
810,hold,63.9
811,sell,65.5
812,buy,64.8
813,hold,65.2
814,sell,64.1
815,buy,64.0
816,hold,64.9
817,hold,65.1
818,hold,64.5
819,hold,65.0
820,hold,63.9
821,sell,63.8
822,hold,63.9
823,buy,63.6
824,hold,64.3
825,hold,64.6
826,hold,65.0
827,sell,65.0
828,buy,65.2
829,hold,64.9
830,hold,65.0
831,hold,64.9
832,hold,64.9
833,sell,67.7
834,buy,68.6
835,hold,72.4
836,hold,71.2
837,hold,72.0
838,sell,71.5
839,hold,70.6
840,hold,70.1
841,hold,69.8
842,hold,69.8
843,buy,67.7
844,hold,70.5
845,sell,70.1
846,buy,71.1
847,hold,70.4
848,sell,70.4
849,hold,70.6
850,hold,70.6
851,buy,71.0
852,hold,71.0
853,sell,71.3
854,buy,73.7
855,hold,78.8
856,hold,81.3
857,hold,81.2
858,hold,81.2
859,hold,85.5
860,hold,86.0
861,sell,84.5
862,hold,83.9
863,buy,83.4
864,sell,82.6
865,hold,80.0
866,hold,80.7
867,hold,79.9
868,buy,78.2
869,hold,80.1
870,hold,79.2
871,hold,78.8
872,hold,80.2
873,sell,83.8
874,buy,84.0
875,hold,84.5
876,hold,83.1
877,hold,83.0
878,hold,83.2
879,hold,82.7
880,hold,85.0
881,sell,84.2
882,hold,85.1
883,hold,81.6
884,buy,79.3
885,hold,81.0
886,hold,76.9
887,sell,78.4
888,hold,79.1
889,hold,79.1
890,hold,79.2
891,buy,82.3
892,hold,83.6
893,sell,82.0
894,hold,82.5
895,hold,81.5
896,hold,78.4
897,hold,75.3
898,buy,74.0
899,hold,78.0
900,hold,79.0
901,hold,78.6
902,hold,80.2
903,hold,79.7
904,hold,79.7
905,hold,79.1
906,sell,78.0
907,hold,79.0
908,buy,82.0
909,hold,82.9
910,sell,83.0
911,buy,82.1
912,hold,83.0
913,hold,82.5
914,hold,80.8
915,hold,81.5
916,hold,81.5
917,hold,80.3
918,hold,82.0
919,hold,80.6
920,hold,83.6
921,hold,85.9
922,hold,88.5
923,hold,91.0
924,hold,92.0
925,hold,92.0
926,hold,90.9
927,hold,93.9
928,hold,97.7
929,hold,99.5
930,hold,97.5
931,hold,98.3
932,hold,98.4
933,hold,98.1
934,hold,99.5
935,sell,98.0
936,hold,96.7
937,hold,98.5
938,hold,97.8
939,hold,98.7
940,hold,97.3
941,buy,95.1
942,sell,96.6
943,hold,96.7
944,buy,98.0
945,hold,97.9
946,hold,99.4
947,sell,98.7
948,buy,99.8
949,sell,98.8
950,hold,95.2
951,hold,97.0
952,buy,95.2
953,hold,98.5
954,sell,96.3
955,buy,98.0
956,hold,97.0
957,sell,97.0
958,hold,98.4
959,hold,97.6
960,hold,93.2
961,hold,87.7
962,hold,84.8
963,hold,84.5
964,hold,86.0
965,hold,84.0
966,hold,88.6
967,hold,86.0
968,hold,85.0
969,hold,87.5
970,buy,87.6
971,hold,89.3
972,hold,89.0
973,hold,87.7
974,hold,89.6
975,sell,91.2
976,hold,90.7
977,hold,91.2
978,hold,89.0
979,hold,85.1
980,hold,87.2
981,hold,85.5
982,hold,85.1
983,hold,86.5
984,hold,85.7
985,hold,87.9
986,hold,89.0
987,buy,89.1
988,sell,89.0
989,hold,90.9
990,buy,90.9
991,hold,91.1
992,hold,88.0
993,hold,88.5
994,hold,90.0
995,hold,88.5
996,hold,92.4
997,hold,96.5
998,hold,96.2
999,hold,94.6
1000,sell,100.5
1001,hold,99.5
1002,hold,96.2
1003,hold,93.9
1004,hold,91.8
1005,hold,89.7
1006,hold,84.8
1007,hold,86.0
1008,hold,89.0
1009,hold,89.0
1010,hold,85.0
1011,hold,81.9
1012,hold,77.5
1013,hold,72.9
1014,hold,77.1
1015,hold,79.0
1016,hold,81.6
1017,hold,84.0
1018,hold,82.2
1019,hold,82.0
1020,hold,83.5
1021,hold,82.9
1022,hold,84.1
1023,hold,84.0
1024,hold,85.5
1025,buy,84.8
1026,hold,86.0
1027,hold,85.1
1028,hold,86.9
1029,hold,90.0
1030,hold,92.5
1031,hold,93.0
1032,hold,93.4
1033,hold,92.9
1034,hold,91.1
1035,hold,93.0
1036,hold,90.4
1037,hold,90.4
1038,hold,90.0
1039,hold,92.2
1040,hold,94.0
1041,hold,96.3
1042,sell,99.0
1043,buy,103.0
1044,sell,99.3
1045,hold,99.3
1046,hold,96.3
1047,hold,95.7
1048,hold,91.9
1049,hold,88.2
1050,hold,89.2
1051,hold,87.3
1052,hold,87.6
1053,buy,89.0
1054,hold,88.6
1055,hold,91.0
1056,hold,91.0
1057,hold,91.0
1058,hold,90.6
1059,hold,90.5
1060,hold,91.0
1061,hold,91.2
1062,hold,91.9
1063,sell,89.8
1064,hold,89.5
1065,hold,89.2
1066,hold,88.2
1067,hold,91.4
1068,hold,88.6
1069,hold,87.0
1070,hold,88.4
1071,hold,87.2
1072,buy,85.4
1073,hold,85.6
1074,hold,86.2
1075,hold,86.3
1076,hold,87.1
1077,hold,89.2
1078,hold,89.2
1079,hold,91.5
1080,hold,91.0
1081,hold,91.6
1082,sell,89.0
1083,hold,88.0
1084,hold,87.8
1085,hold,86.9
1086,hold,86.3
1087,hold,86.8
1088,hold,85.3
1089,hold,86.8
1090,hold,85.8
1091,hold,87.1
1092,hold,85.6
1093,hold,83.0
1094,hold,82.5
1095,hold,82.0
1096,hold,82.5
1097,hold,81.0
1098,hold,83.0
1099,hold,81.0
1100,hold,81.1
1101,hold,82.6
1102,hold,83.9
1103,hold,83.6
1104,hold,81.1
1105,hold,78.2
1106,hold,79.5
1107,hold,78.0
1108,hold,80.4
1109,hold,80.0
1110,hold,76.5
1111,hold,73.2
1112,hold,73.7
1113,hold,74.0
1114,hold,73.5
1115,hold,68.8
1116,hold,71.8
1117,hold,62.9
1118,hold,64.1
1119,hold,64.0
1120,hold,63.0
1121,hold,62.0
1122,buy,59.5
1123,hold,60.5
1124,hold,63.9
1125,hold,60.8
1126,hold,62.0
1127,hold,62.6
1128,hold,66.6
1129,hold,67.6
1130,hold,66.6
1131,hold,64.4
1132,hold,65.0
1133,hold,65.1
1134,hold,65.5
1135,hold,64.3
1136,hold,64.1
1137,hold,67.0
1138,hold,65.9
1139,hold,67.4
1140,hold,66.9
1141,sell,65.0
1142,hold,64.1
1143,hold,64.2
1144,hold,63.4
1145,hold,62.5
1146,hold,63.0
1147,hold,63.0
1148,hold,62.2
1149,hold,62.1
1150,hold,61.8
1151,buy,60.3
1152,hold,60.7
1153,sell,60.2
1154,buy,61.9
1155,sell,61.5
1156,hold,61.0
1157,hold,60.8
1158,hold,59.7
1159,hold,58.1
1160,hold,59.9
1161,hold,57.0
1162,hold,56.8
1163,hold,55.5
1164,hold,56.8
1165,hold,55.6
1166,hold,53.2
1167,buy,54.1
1168,sell,54.0
1169,buy,57.0
1170,sell,57.0
1171,hold,56.6
1172,hold,55.1
1173,hold,54.4
1174,hold,54.2
1175,hold,51.1
1176,hold,51.8
1177,hold,52.7
1178,hold,52.7
1179,hold,51.9
1180,buy,52.5
1181,hold,51.1
1182,hold,51.3
1183,hold,52.0
1184,hold,54.6
1185,hold,53.9
1186,sell,52.1
1187,hold,52.1
1188,hold,51.2
1189,buy,51.9
1190,sell,51.9
1191,hold,51.1
1192,hold,49.35
1193,buy,49.35
1194,hold,49.85
1195,hold,50.0
1196,hold,53.5
1197,hold,55.6
1198,hold,57.0
1199,hold,57.1
1200,hold,57.4
1201,hold,55.4
1202,hold,55.5
1203,hold,55.6
1204,hold,54.9
1205,hold,53.1
1206,hold,53.1
1207,hold,53.3
1208,hold,54.0
1209,sell,54.0
1210,hold,53.8
1211,buy,51.0
1212,sell,47.9
1213,hold,47.9
1214,hold,47.4
1215,hold,47.4
1216,buy,48.65
1217,sell,48.65
1218,buy,49.0
1219,hold,48.9
1220,sell,48.9
1221,hold,48.85
1222,hold,48.75
1223,hold,48.75
1224,hold,48.4
1225,hold,49.1
1226,hold,47.65
1227,hold,46.8
1228,hold,46.8
1229,hold,46.0
1230,hold,45.2
1231,hold,45.65
1232,hold,45.3
1233,hold,44.5
1234,hold,43.4
1235,buy,42.6
1236,hold,41.75
1237,hold,43.15
1238,hold,42.9
1239,hold,44.45
1240,hold,43.6
1241,hold,43.2
1242,hold,45.0
1243,hold,48.15
1244,hold,47.1
1245,hold,47.8
1246,hold,47.15
1247,sell,48.0
1248,hold,48.0
1249,hold,47.25
1250,hold,45.4
1251,buy,45.15
1252,hold,46.3
1253,sell,47.45
1254,hold,46.3
1255,buy,47.55
1256,sell,48.0
1257,hold,48.0
1258,hold,47.4
1259,buy,46.6
1260,sell,47.3
1261,buy,47.8
1262,hold,48.3
1263,sell,48.95
1264,hold,47.4
1265,buy,48.2
1266,hold,48.0
1267,hold,48.2
1268,hold,48.1
1269,hold,48.0
1270,hold,47.1
1271,sell,47.5
1272,hold,46.8
1273,hold,47.2
1274,hold,47.6
1275,hold,47.7
1276,hold,46.5
1277,buy,46.55
1278,sell,47.1
1279,buy,48.4
1280,hold,48.5
1281,hold,49.3
1282,hold,49.4
1283,hold,52.7
1284,hold,52.3
1285,hold,53.2
1286,hold,54.0
1287,sell,55.2
1288,hold,54.4
1289,hold,53.1
1290,hold,53.6
1291,hold,55.4
1292,hold,55.4
1293,hold,55.3
1294,hold,54.9
1295,hold,54.0
1296,buy,52.5
1297,hold,51.1
1298,hold,51.9
1299,sell,53.9
1300,hold,53.1
1301,hold,53.6
1302,buy,54.0
1303,hold,54.7
1304,hold,56.0
1305,hold,57.0
1306,sell,57.0
1307,buy,56.7
1308,sell,56.5
1309,hold,57.0
1310,hold,56.1
1311,buy,56.8
1312,sell,57.4
1313,buy,56.6
1314,hold,57.0
1315,hold,56.1
1316,sell,54.8
1317,buy,54.0
1318,sell,54.5
1319,hold,58.3
1320,buy,62.3
1321,hold,63.2
1322,hold,65.0
1323,hold,64.5
1324,hold,64.4
1325,hold,64.0
1326,hold,63.0
1327,hold,62.1
1328,hold,61.2
1329,hold,62.7
1330,hold,62.3
1331,hold,61.5
1332,hold,60.8
1333,hold,61.4
1334,hold,61.0
1335,sell,61.2
1336,hold,64.3
1337,hold,63.0
1338,hold,63.7
1339,hold,62.7
1340,buy,62.7
1341,hold,60.6
1342,hold,60.3
1343,hold,61.5
1344,hold,60.0
1345,hold,59.9
1346,sell,60.0
1347,buy,61.2
1348,hold,60.0
1349,hold,60.0
1350,hold,59.8
1351,hold,59.9
1352,sell,59.5
1353,buy,60.3
1354,sell,59.6
1355,hold,57.0
1356,hold,58.4
1357,hold,57.2
1358,hold,57.9
1359,buy,57.4
1360,sell,58.5
1361,buy,58.8
1362,sell,59.2
1363,hold,59.0
1364,hold,58.6
1365,hold,59.0
1366,hold,53.6
1367,hold,54.5
1368,hold,54.8
1369,hold,53.4
1370,hold,53.5
1371,buy,54.1
1372,hold,54.4
1373,hold,54.6
1374,hold,55.5
1375,hold,56.5
1376,hold,56.5
1377,hold,56.3
1378,hold,56.0
1379,hold,57.0
1380,hold,56.9
1381,hold,56.7
1382,hold,56.4
1383,hold,56.4
1384,hold,56.2
1385,hold,57.6
1386,hold,58.7
1387,hold,58.9
1388,hold,58.3
1389,hold,58.8
1390,hold,59.1
1391,hold,60.5
1392,hold,62.5
1393,sell,61.0
1394,hold,59.5
1395,hold,58.7
1396,hold,58.3
1397,hold,59.3
1398,buy,61.7
1399,sell,61.0
1400,buy,60.0
1401,hold,59.4
1402,hold,60.5
1403,hold,59.2
1404,hold,59.7
1405,hold,59.5
1406,hold,60.4
1407,hold,60.0
1408,hold,60.2
1409,hold,61.2
1410,hold,61.1
1411,hold,63.6
1412,hold,63.8
1413,hold,64.2
1414,hold,65.0
1415,hold,67.1
1416,hold,67.5
1417,hold,66.6
1418,hold,67.0
1419,hold,67.4
1420,hold,66.2
1421,hold,63.8
1422,hold,64.0
1423,hold,64.0
1424,hold,65.0
1425,hold,65.5
1426,hold,66.2
1427,hold,64.6
1428,hold,65.7
1429,hold,67.0
1430,hold,66.9
1431,hold,66.2
1432,hold,67.0
1433,hold,67.2
1434,hold,66.9
1435,hold,67.1
1436,hold,67.0
1437,hold,66.0
1438,hold,66.3
1439,hold,66.1
1440,hold,65.2
1441,hold,64.6
1442,hold,64.6
1443,sell,66.3
1444,hold,66.1
1445,hold,65.0
1446,hold,63.9
1447,hold,63.2
1448,hold,63.1
1449,hold,62.8
1450,hold,63.7
1451,buy,62.9
1452,hold,63.3
1453,hold,64.6
1454,hold,65.9
1455,hold,66.5
1456,hold,66.7
1457,hold,66.1
1458,hold,67.0
1459,hold,66.5
1460,hold,66.1
1461,hold,66.2
1462,hold,65.1
1463,hold,64.5
1464,hold,65.6
1465,hold,66.1
1466,hold,65.5
1467,hold,63.5
1468,hold,63.9
1469,hold,64.6
1470,hold,65.9
1471,hold,66.2
1472,hold,65.5
1473,hold,66.1
1474,hold,66.2
1475,hold,65.6
1476,hold,64.5
1477,hold,65.7
1478,hold,65.9
1479,hold,65.9
1480,hold,65.0
1481,hold,65.5
1482,hold,65.5
1483,hold,65.3
1484,hold,65.6
1485,hold,65.9
1486,hold,66.5
1487,hold,66.2
1488,hold,66.8
1489,hold,66.8
1490,hold,66.6
1491,hold,67.3
1492,hold,67.0
1493,hold,67.8
1494,hold,70.0
1495,hold,70.0
1496,hold,70.6
1497,sell,71.3
1498,hold,71.0
1499,hold,70.0
1500,hold,70.8
1501,hold,70.5
1502,hold,69.8
1503,hold,68.3
1504,hold,68.0
1505,hold,67.9
1506,hold,66.8
1507,hold,66.4
1508,hold,64.2
1509,hold,65.6
1510,hold,66.5
1511,hold,66.6
1512,hold,67.3
1513,hold,66.2
1514,hold,67.0
1515,hold,66.5
1516,hold,65.0
1517,hold,66.0
1518,hold,65.9
1519,buy,65.7
1520,hold,65.9
1521,hold,67.4
1522,hold,68.9
1523,hold,68.3
1524,hold,68.6
1525,hold,69.2
1526,hold,68.8
1527,hold,68.7
1528,hold,69.1
1529,hold,69.4
1530,hold,70.0
1531,hold,70.0
1532,hold,70.0
1533,hold,70.0
1534,sell,69.9
1535,buy,69.9
1536,hold,69.9
1537,hold,70.2
1538,hold,70.6
1539,hold,71.0
1540,hold,71.0
1541,sell,70.2
1542,hold,69.8
1543,buy,69.8
1544,sell,69.7
1545,hold,70.8
1546,buy,70.5
1547,sell,70.7
1548,hold,70.0
1549,hold,71.3
1550,hold,71.2
1551,hold,71.1
1552,buy,71.1
1553,sell,69.8
1554,hold,69.7
1555,hold,70.0
1556,buy,70.0
1557,sell,70.8
1558,hold,71.3
1559,buy,70.5
1560,sell,69.4
1561,hold,69.2
1562,hold,69.6
1563,hold,68.7
1564,hold,68.7
1565,hold,70.5
1566,buy,70.4
1567,hold,69.4
1568,hold,69.2
1569,sell,70.0
1570,hold,70.0
1571,hold,69.3
1572,hold,67.6
1573,hold,67.0
1574,hold,66.5
1575,hold,67.5
1576,hold,66.4
1577,hold,66.0
1578,hold,67.5
1579,hold,67.9
1580,hold,67.2
1581,hold,66.9
1582,hold,66.2
1583,hold,65.2
1584,hold,64.5
1585,hold,65.2
1586,hold,64.0
1587,hold,64.0
1588,hold,63.9
1589,hold,64.2
1590,hold,64.6
1591,hold,63.2
1592,hold,63.0
1593,hold,64.0
1594,hold,64.2
1595,buy,63.7
1596,hold,64.4
1597,hold,63.6
1598,sell,64.0
1599,buy,64.9
1600,hold,66.4
1601,sell,67.2
1602,buy,68.5
1603,sell,67.7
1604,hold,68.9
1605,hold,68.3
1606,hold,68.1
1607,hold,67.4
1608,hold,66.2
1609,hold,67.5
1610,hold,66.9
1611,hold,68.0
1612,hold,66.2
1613,hold,66.4
1614,hold,67.7
1615,hold,69.7
1616,hold,70.0
1617,buy,71.3
1618,sell,72.3
1619,hold,72.5
1620,hold,71.6
1621,hold,72.2
1622,buy,69.1
1623,hold,68.6
1624,hold,67.6
1625,sell,67.8
1626,hold,68.5
1627,hold,67.9
1628,hold,69.0
1629,hold,68.0
1630,buy,66.7
1631,hold,67.1
1632,hold,67.8
1633,hold,66.9
1634,hold,67.8
1635,hold,68.4
1636,hold,68.8
1637,hold,68.3
1638,hold,68.8
1639,sell,69.2
1640,hold,69.3
1641,hold,69.6
1642,buy,70.0
1643,hold,70.4
1644,hold,70.4
1645,hold,70.0
1646,hold,69.9
1647,hold,71.2
1648,hold,70.5
1649,sell,70.9
1650,hold,70.5
1651,hold,69.1
1652,hold,69.5
1653,buy,69.7
1654,hold,71.0
1655,hold,71.0
1656,hold,71.2
1657,hold,72.0
1658,hold,71.9
1659,hold,71.8
1660,hold,72.0
1661,sell,71.9
1662,buy,71.7
1663,hold,72.5
1664,hold,75.0
1665,hold,74.9
1666,sell,75.5
1667,buy,74.8
1668,sell,74.9
1669,hold,75.3
1670,hold,75.3
1671,buy,76.1
1672,sell,76.5
1673,hold,77.4
1674,buy,77.5
1675,hold,76.8
1676,hold,76.7
1677,sell,77.0
1678,hold,77.7
1679,hold,77.6
1680,buy,77.5
1681,sell,77.7
1682,buy,77.5
1683,hold,76.2
1684,sell,75.7
1685,hold,77.7
1686,buy,82.0
1687,sell,82.0
1688,hold,80.0
1689,hold,79.5
1690,hold,81.5
1691,buy,83.2
1692,hold,84.5
1693,hold,86.9
1694,sell,90.0
1695,buy,91.4
1696,sell,90.3
1697,buy,87.8
1698,sell,89.5
1699,buy,89.0
1700,sell,89.5
1701,buy,90.6
1702,sell,92.9
1703,buy,94.5
1704,sell,94.6
1705,hold,94.0
1706,buy,92.3
1707,sell,89.6
1708,hold,88.1
1709,hold,90.5
1710,hold,89.3
1711,hold,90.7
1712,hold,90.6
1713,hold,90.0
1714,hold,90.1
1715,hold,90.5
1716,hold,90.7
1717,buy,90.7
1718,hold,91.5
1719,hold,90.7
1720,sell,93.9
1721,buy,94.0
1722,hold,93.8
1723,hold,95.0
1724,hold,95.3
1725,hold,95.7
1726,hold,95.2
1727,hold,93.0
1728,hold,93.6
1729,hold,94.2
1730,sell,96.0
1731,buy,96.0
1732,hold,97.3
1733,hold,96.6
1734,hold,96.1
1735,hold,96.2
1736,sell,96.7
1737,buy,96.3
1738,hold,96.3
1739,hold,96.7
1740,hold,96.6
1741,hold,97.1
1742,sell,97.5
1743,hold,97.0
1744,hold,96.7
1745,hold,95.7
1746,hold,95.1
1747,hold,91.8
1748,hold,91.6
1749,hold,92.2
1750,buy,92.6
1751,sell,93.7
1752,hold,94.0
1753,hold,94.2
1754,hold,95.5
1755,hold,96.7
1756,hold,95.7
1757,hold,96.9
1758,buy,96.1
1759,sell,95.8
1760,hold,96.3
1761,hold,97.1
1762,hold,99.3
1763,hold,102.0
1764,hold,101.5
1765,hold,101.0
1766,hold,101.0
1767,buy,98.0
1768,hold,100.0
1769,hold,98.6
1770,hold,99.5
1771,sell,103.0
1772,hold,105.0
1773,hold,103.0
1774,hold,98.8
1775,hold,99.3
1776,hold,99.5
1777,hold,99.4
1778,hold,94.8
1779,hold,95.3
1780,hold,97.5
1781,hold,97.0
1782,hold,96.7
1783,hold,94.9
1784,buy,92.2
1785,hold,92.8
1786,hold,98.2
1787,hold,98.0
1788,hold,98.2
1789,hold,99.4
1790,hold,99.0
1791,hold,101.5
1792,hold,100.5
1793,hold,101.5
1794,hold,100.5
1795,sell,100.5
1796,hold,100.0
1797,buy,103.0
1798,hold,104.5
1799,sell,103.5
1800,hold,104.0
1801,hold,106.0
1802,buy,106.0
1803,sell,104.5
1804,buy,105.0
1805,sell,104.0
1806,hold,106.0
1807,buy,105.0
1808,hold,104.0
1809,hold,105.5
1810,hold,105.0
1811,hold,107.0
1812,hold,114.0
1813,hold,112.5
1814,hold,110.5
1815,hold,111.0
1816,hold,114.5
1817,hold,115.5
1818,hold,117.0
1819,hold,116.0
1820,hold,113.5
1821,sell,112.5
1822,buy,111.5
1823,sell,112.0
1824,buy,114.5
1825,hold,116.5
1826,sell,115.0
1827,hold,114.0
1828,hold,112.5
1829,buy,115.0
1830,sell,116.0
1831,hold,115.5
1832,hold,114.5
1833,hold,116.0
1834,hold,114.5
1835,hold,113.0
1836,hold,113.0
1837,hold,113.0
1838,buy,109.0
1839,hold,110.0
1840,hold,113.5
1841,hold,113.5
1842,hold,115.0
1843,hold,113.5
1844,sell,112.5
1845,hold,112.0
1846,hold,109.0
1847,hold,106.0
1848,buy,107.0
1849,hold,110.5
1850,hold,109.5
1851,sell,108.5
1852,hold,106.0
1853,hold,103.0
1854,hold,101.0
1855,buy,98.4
1856,hold,96.5
1857,hold,95.7
1858,hold,97.0
1859,hold,100.0
1860,hold,103.5
1861,hold,106.0
1862,hold,108.0
1863,hold,110.5
1864,hold,111.5
1865,sell,109.0
1866,hold,110.0
1867,hold,103.5
1868,hold,101.5
1869,buy,107.0
1870,hold,109.5
1871,hold,109.5
1872,hold,110.0
1873,hold,109.0
1874,hold,110.5
1875,sell,109.0
1876,hold,111.0
1877,hold,110.0
1878,hold,111.0
1879,hold,107.5
1880,hold,109.5
1881,hold,108.5
1882,hold,101.0
1883,hold,94.0
1884,hold,94.1
1885,hold,91.4
1886,hold,89.5
1887,hold,84.3
1888,hold,83.6
1889,hold,86.2
1890,hold,85.8
1891,hold,84.7
1892,hold,85.7
1893,hold,85.5
1894,hold,85.8
1895,hold,86.0
1896,hold,83.4
1897,hold,84.7
1898,hold,87.9
1899,hold,88.5
1900,hold,88.8
1901,buy,90.1
1902,hold,90.1
1903,hold,89.4
1904,hold,90.1
1905,sell,90.5
1906,hold,91.9
1907,hold,88.1
1908,hold,85.0
1909,hold,85.4
1910,hold,84.6
1911,hold,84.5
1912,hold,81.4
1913,hold,81.0
1914,hold,81.7
1915,hold,83.0
1916,hold,83.2
1917,hold,83.0
1918,hold,82.5
1919,hold,79.8
1920,buy,77.3
1921,hold,77.2
1922,hold,80.9
1923,hold,80.0
1924,sell,80.0
1925,hold,81.7
1926,buy,77.3
1927,hold,77.3
1928,hold,77.1
1929,hold,82.4
1930,hold,86.2
1931,hold,88.0
1932,hold,86.5
1933,hold,86.9
1934,hold,83.5
1935,hold,85.1
1936,hold,84.1
1937,hold,84.9
1938,hold,84.8
1939,hold,85.5
1940,hold,87.9
1941,hold,88.0
1942,hold,88.0
1943,hold,88.1
1944,hold,89.3
1945,hold,89.0
1946,hold,89.1
1947,hold,88.9
1948,hold,86.6
1949,hold,88.1
1950,hold,88.7
1951,sell,87.4
1952,hold,88.0
1953,hold,86.9
1954,buy,86.4
1955,hold,89.9
1956,sell,89.8
1957,hold,87.5
1958,hold,85.2
1959,hold,80.3
1960,hold,78.2
1961,buy,79.1
1962,sell,78.7
1963,hold,79.8
1964,hold,78.3
1965,hold,80.6
1966,buy,81.5
1967,hold,79.4
1968,sell,82.2
1969,buy,82.4
1970,sell,84.4
1971,hold,82.2
1972,hold,85.0
1973,hold,85.0
1974,hold,85.0
1975,hold,85.6
1976,hold,84.9
1977,hold,85.2
1978,hold,82.6
1979,hold,82.9
1980,buy,83.4
1981,hold,81.8
1982,sell,83.9
1983,hold,84.4
1984,buy,85.1
1985,sell,85.0
1986,hold,85.2
1987,buy,82.8
1988,sell,80.8
1989,hold,80.8
1990,hold,79.2
1991,buy,79.4
1992,sell,79.4
1993,hold,80.2
1994,hold,81.9
1995,hold,82.1
1996,buy,82.9
1997,hold,82.1
1998,hold,83.3
1999,hold,84.0
2000,hold,84.1
2001,sell,84.2
2002,buy,84.7
2003,hold,86.1
2004,hold,86.2
2005,hold,84.3
2006,hold,85.6
2007,hold,85.3
2008,hold,87.5
2009,hold,87.2
2010,hold,86.0
2011,hold,87.0
2012,sell,87.0
2013,hold,86.3
2014,buy,87.1
2015,hold,88.0
2016,hold,88.6
2017,hold,87.6
2018,hold,89.6
2019,hold,92.0
2020,sell,91.3
2021,buy,91.0
2022,sell,91.0
2023,hold,91.3
2024,buy,92.0
2025,hold,90.5
2026,hold,91.0
2027,sell,91.0
2028,buy,91.1
2029,sell,92.0
2030,buy,90.5
2031,hold,90.0
2032,hold,90.3
2033,hold,90.0
2034,sell,90.9
2035,buy,91.9
2036,sell,91.5
2037,hold,90.0
2038,hold,89.5
2039,hold,88.9
2040,hold,87.1
2041,hold,89.1
2042,hold,87.7
2043,hold,84.7
2044,hold,85.1
2045,hold,85.6
2046,hold,86.1
2047,hold,86.9
2048,hold,85.2
2049,hold,86.7
2050,hold,84.8
2051,hold,84.4
2052,hold,85.0
2053,buy,85.5
2054,sell,85.0
2055,buy,85.5
2056,sell,86.4
2057,hold,84.5
2058,hold,83.4
2059,hold,84.4
2060,hold,85.0
2061,hold,84.2
2062,hold,84.0
2063,hold,81.9
2064,hold,83.4
2065,hold,83.9
2066,hold,84.4
2067,hold,83.0
2068,hold,83.0
2069,hold,83.5
2070,hold,83.3
2071,hold,80.4
2072,hold,80.0
2073,hold,79.4
2074,hold,79.5
2075,hold,78.3
2076,hold,78.0
2077,hold,78.0
2078,hold,77.0
2079,hold,78.4
2080,hold,77.6
2081,hold,78.6
2082,hold,79.2
2083,hold,79.0
2084,hold,78.9
2085,hold,78.6
2086,hold,79.2
2087,hold,81.0
2088,hold,78.3
2089,hold,78.1
2090,hold,77.1
2091,hold,77.0
2092,hold,76.4
2093,hold,76.9
2094,hold,76.5
2095,hold,74.3
2096,hold,75.5
2097,hold,75.3
2098,buy,75.0
2099,sell,73.7
2100,buy,78.8
2101,hold,77.8
2102,hold,79.4
2103,sell,80.1
2104,hold,79.8
2105,hold,77.3
2106,buy,75.6
2107,hold,76.0
2108,hold,76.8
2109,hold,77.5
2110,hold,79.8
2111,hold,80.2
2112,hold,80.5
2113,hold,81.1
2114,sell,80.4
2115,hold,80.4
2116,hold,77.2
2117,hold,77.9
2118,hold,77.0
2119,hold,75.2
2120,buy,75.0
2121,sell,77.2
2122,buy,80.0
2123,sell,78.5
2124,hold,79.6
2125,hold,80.4
2126,hold,78.8
2127,buy,78.8
2128,sell,79.0
2129,buy,78.0
2130,hold,80.9
2131,hold,81.4
2132,hold,83.0
2133,hold,83.0
2134,hold,82.4
2135,hold,85.0
2136,sell,84.9
2137,buy,84.9
2138,hold,84.5
2139,hold,84.0
2140,sell,83.9
2141,buy,84.3
2142,sell,84.6
2143,buy,83.5
2144,sell,82.7
2145,hold,82.5
2146,buy,84.1
2147,hold,83.7
2148,hold,83.2
2149,sell,82.2
2150,buy,81.6
2151,hold,80.9
2152,sell,81.0
2153,hold,80.5
2154,buy,80.7
2155,sell,80.6
2156,buy,80.9
2157,hold,80.2
2158,hold,80.3
2159,hold,81.5
2160,hold,82.7
2161,hold,82.0
2162,hold,82.4
2163,hold,82.6
2164,hold,85.0
2165,hold,85.1
2166,hold,84.8
2167,hold,85.4
2168,hold,83.7
2169,hold,83.7
2170,hold,84.0
2171,hold,84.0
2172,hold,84.0
2173,hold,83.8
2174,hold,83.8
2175,sell,83.5
2176,hold,83.9
2177,hold,82.7
2178,hold,80.9
2179,hold,81.2
2180,hold,81.0
2181,hold,81.0
2182,hold,79.6
2183,hold,80.0
2184,hold,80.1
2185,hold,80.0
2186,hold,80.0
2187,hold,80.1
2188,hold,79.3
2189,hold,77.6
2190,hold,78.4
2191,hold,78.1
2192,hold,78.5
2193,hold,78.2
2194,hold,78.3
2195,hold,78.9
2196,hold,79.6
2197,hold,77.2
2198,hold,76.9
2199,hold,76.0
2200,hold,77.0
2201,hold,77.3
2202,hold,76.9
2203,hold,75.9
2204,hold,75.2
2205,hold,72.3
2206,hold,70.0
2207,hold,67.7
2208,hold,68.6
2209,hold,71.0
2210,hold,72.9
2211,hold,71.6
2212,hold,70.5
2213,hold,72.4
2214,hold,73.0
2215,hold,73.5
2216,buy,73.3
2217,sell,76.0
2218,buy,76.5
2219,hold,76.3
2220,hold,74.6
2221,hold,75.2
2222,hold,75.5
2223,hold,76.1
2224,hold,77.0
2225,hold,77.0
2226,hold,78.0
2227,hold,78.8
2228,sell,78.5
2229,hold,77.8
2230,hold,77.5
2231,hold,78.3
2232,hold,77.3
2233,hold,76.5
2234,buy,75.6
2235,hold,75.7
2236,hold,77.5
2237,hold,77.6
2238,hold,77.9
2239,hold,78.6
2240,hold,79.0
2241,hold,79.8
2242,hold,80.3
2243,hold,80.0
2244,hold,80.1
2245,hold,80.0
2246,hold,81.9
2247,hold,81.0
2248,hold,79.8
2249,hold,80.2
2250,hold,79.3
2251,hold,78.8
2252,hold,80.2
2253,hold,79.9
2254,hold,80.0
2255,hold,79.8
2256,hold,78.8
2257,hold,78.8
2258,hold,78.5
2259,hold,79.0
2260,hold,80.0
2261,hold,80.2
2262,hold,80.1
2263,sell,81.0
2264,hold,80.9
2265,hold,80.0
2266,hold,79.0
2267,hold,78.9
2268,hold,78.6
2269,hold,78.2
2270,hold,77.6
2271,hold,78.1
2272,hold,77.3
2273,hold,76.5
2274,hold,75.0
2275,hold,76.8
2276,hold,74.6
2277,hold,74.3
2278,hold,74.7
2279,hold,75.5
2280,hold,75.6
2281,hold,75.6
2282,hold,75.5
2283,hold,73.5
2284,hold,72.2
2285,hold,74.5
2286,hold,72.7
2287,hold,72.5
2288,hold,71.5
2289,hold,71.3
2290,hold,71.5
2291,hold,71.9
2292,hold,70.7
2293,hold,70.8
2294,hold,70.6
2295,hold,71.9
2296,hold,71.2
2297,hold,71.5
2298,hold,71.1
2299,hold,70.0
2300,hold,69.9
2301,hold,68.5
2302,hold,70.0
2303,hold,70.0
2304,hold,70.0
2305,hold,69.0
2306,hold,68.0
2307,hold,67.8
2308,buy,68.4
2309,hold,69.0
2310,hold,69.0
2311,hold,72.3
2312,hold,72.2
2313,hold,72.2
2314,hold,71.0
2315,hold,71.6
2316,hold,71.8
2317,hold,70.8
2318,hold,71.6
2319,hold,71.8
2320,hold,73.3
2321,hold,73.5
2322,hold,74.0
2323,hold,73.0
2324,hold,73.1
2325,hold,73.9
2326,hold,74.6
2327,hold,73.6
2328,sell,73.3
2329,hold,73.9
2330,hold,73.3
2331,hold,71.2
2332,hold,70.0
2333,hold,70.4
2334,hold,71.0
2335,hold,71.1
2336,hold,70.0
2337,hold,69.5
2338,hold,69.5
2339,hold,69.9
2340,hold,69.6
2341,hold,69.4
2342,hold,69.9
2343,hold,70.0
2344,hold,69.5
2345,hold,68.4
2346,hold,68.5
2347,hold,69.7
2348,hold,69.0
2349,hold,69.6
2350,hold,68.6
2351,hold,67.8
2352,hold,68.4
2353,hold,68.2
2354,hold,68.8
2355,hold,70.2
2356,hold,72.5
2357,hold,71.0
2358,hold,69.7
2359,hold,69.0
2360,buy,69.7
2361,hold,70.9
2362,hold,70.5
2363,hold,72.3
2364,hold,72.7
2365,hold,74.4
2366,hold,75.0
2367,hold,76.3
2368,hold,76.4
2369,hold,75.0
2370,hold,74.9
2371,hold,74.3
2372,hold,76.4
2373,hold,78.0
2374,hold,77.5
2375,hold,76.7
2376,hold,75.5
2377,hold,75.8
2378,hold,76.4
2379,hold,75.4
2380,hold,75.1
2381,sell,77.8
2382,hold,78.0
2383,hold,75.8
2384,hold,74.8
2385,hold,74.7
2386,hold,73.4
2387,hold,74.4
2388,hold,74.4
2389,hold,73.8
2390,hold,73.0
2391,hold,73.6
2392,hold,72.5
2393,hold,72.5
2394,hold,71.0
2395,hold,72.5
2396,buy,72.8
2397,hold,72.2
2398,hold,72.0
2399,hold,74.0
2400,hold,74.6
2401,hold,75.0
2402,hold,75.5
2403,hold,76.0
2404,hold,76.9
2405,hold,76.0
2406,hold,77.0
2407,hold,77.0
2408,hold,76.5
2409,hold,77.0
2410,hold,76.2
2411,hold,76.1
2412,hold,77.7
2413,hold,77.5
2414,hold,76.6
2415,hold,77.0
2416,sell,77.2
2417,buy,77.5
2418,sell,76.8
2419,hold,77.5
2420,hold,76.3
2421,hold,77.0
2422,hold,77.6
2423,hold,79.6
2424,hold,79.0
2425,hold,77.6
2426,hold,78.0
2427,hold,78.0
2428,hold,77.5
2429,hold,76.6
2430,hold,77.7
2431,hold,77.8
2432,hold,79.2
2433,hold,79.2
2434,hold,79.5
2435,hold,79.8
2436,hold,79.6
2437,buy,79.6
2438,hold,79.0
2439,hold,78.9
2440,sell,79.4
2441,hold,79.5
2442,hold,79.8
2443,hold,79.0
2444,hold,77.3
2445,hold,76.0
2446,hold,76.0
2447,hold,76.4
2448,hold,75.9
2449,hold,75.7
2450,hold,76.7
2451,hold,75.0
2452,hold,74.2
2453,hold,75.8
2454,hold,75.9
2455,hold,76.1
2456,hold,75.1
2457,hold,74.1
2458,hold,75.1
2459,hold,75.8
2460,hold,75.4
2461,hold,76.0
2462,hold,77.4
2463,hold,77.8
2464,hold,78.0
2465,hold,77.4
2466,buy,78.0
2467,hold,78.1
2468,hold,77.1
2469,hold,78.9
2470,hold,79.0
2471,sell,79.7
2472,hold,78.9
2473,hold,79.1
2474,buy,78.2
2475,hold,78.2
2476,hold,78.1
2477,hold,78.1
2478,hold,77.6
2479,hold,78.8
2480,hold,79.0
2481,sell,79.5
2482,buy,79.1
2483,hold,79.2
2484,hold,80.0
2485,sell,80.5
2486,hold,79.8
2487,hold,79.5
2488,hold,79.0
2489,hold,78.4
2490,hold,78.0
2491,hold,78.8
2492,hold,78.8
2493,hold,79.0
2494,hold,78.6
2495,hold,79.0
2496,hold,79.2
2497,hold,78.7
2498,hold,79.0
2499,hold,79.5
2500,hold,80.0
2501,hold,79.9
2502,hold,80.1
2503,hold,78.0
2504,hold,75.3
2505,hold,75.2
2506,hold,75.4
2507,hold,75.6
2508,hold,76.3
2509,hold,76.9
2510,hold,76.5
2511,hold,77.0
2512,hold,76.7
2513,hold,76.7
2514,hold,77.3
2515,hold,76.4
2516,hold,77.0
2517,hold,76.8
2518,hold,77.2
2519,hold,77.5
2520,hold,77.0
2521,hold,76.0
2522,hold,75.3
2523,hold,75.5
2524,hold,75.5
2525,hold,76.3
2526,hold,75.4
2527,hold,76.0
2528,hold,75.0
2529,hold,75.0
2530,hold,73.5
2531,hold,73.0
2532,hold,74.0
2533,hold,73.3
2534,hold,73.8
2535,hold,73.0
2536,hold,73.4
2537,hold,74.6
2538,hold,74.0
2539,hold,75.9
2540,hold,76.0
2541,hold,76.2
2542,buy,76.3
2543,hold,76.8
2544,hold,77.1
2545,hold,77.1
2546,hold,77.5
2547,hold,77.5
2548,sell,77.5
2549,hold,77.5
2550,hold,77.5
2551,hold,77.8
2552,hold,77.4
2553,hold,77.6
2554,hold,77.8
2555,hold,77.6
2556,hold,77.1
2557,hold,75.8
2558,hold,76.8
2559,buy,75.7
2560,hold,76.1
2561,hold,76.9
2562,sell,77.8
2563,buy,77.8
2564,sell,78.0
2565,hold,77.7
2566,hold,78.2
2567,hold,77.4
2568,hold,77.8
2569,hold,77.0
2570,hold,76.9
2571,hold,77.3
2572,hold,76.6
2573,hold,76.4
2574,hold,77.2
2575,hold,76.3
2576,hold,76.9
2577,hold,77.6
2578,hold,77.5
2579,buy,77.9
2580,sell,77.8
2581,hold,77.7
2582,buy,78.1
2583,sell,76.7
2584,buy,78.0
2585,hold,77.5
2586,hold,77.5
2587,hold,77.1
2588,hold,77.1
2589,sell,77.0
2590,hold,76.7
2591,hold,76.5
2592,hold,76.7
2593,hold,76.4
2594,hold,76.8
2595,buy,78.0
2596,hold,79.3
2597,hold,78.5
2598,hold,79.3
2599,hold,79.9
2600,hold,79.1
2601,hold,79.8
2602,hold,79.8
2603,hold,79.8
2604,sell,80.0
2605,hold,80.2
2606,hold,77.6
2607,hold,77.5
2608,hold,77.0
2609,hold,77.4
2610,hold,76.9
2611,hold,77.5
2612,hold,77.3
2613,hold,77.2
2614,hold,77.8
2615,hold,76.7
2616,hold,76.6
2617,hold,76.6
2618,hold,77.1
2619,hold,77.2
2620,hold,77.0
2621,hold,77.0
2622,hold,77.7
2623,hold,77.7
2624,hold,78.7
2625,hold,77.3
2626,hold,76.7
2627,hold,75.2
2628,hold,74.3
2629,hold,76.2
2630,hold,75.3
2631,hold,75.0
2632,hold,75.5
2633,hold,75.7
2634,hold,75.9
2635,hold,75.5
2636,hold,76.3
2637,hold,75.4
2638,hold,76.8
2639,hold,77.3
2640,hold,76.9
2641,hold,78.1
2642,hold,78.0
2643,hold,78.0
2644,hold,78.6
2645,hold,78.5
2646,hold,77.5
2647,hold,77.5
2648,hold,77.4
2649,hold,77.5
2650,hold,78.1
2651,hold,78.0
2652,hold,77.3
2653,hold,75.8
2654,hold,75.5
2655,hold,75.4
2656,hold,75.3
2657,hold,75.0
2658,hold,75.2
2659,hold,75.1
2660,hold,74.8
2661,hold,73.5
2662,hold,73.5
2663,hold,73.3
2664,hold,73.0
2665,hold,73.5
2666,hold,72.0
2667,hold,72.1
2668,hold,71.4
2669,hold,70.9
2670,hold,71.5
2671,hold,70.9
2672,hold,70.8
2673,hold,71.1
2674,hold,71.0
2675,hold,69.5
2676,hold,69.4
2677,hold,68.0
2678,hold,67.7
2679,hold,65.4
2680,hold,66.2
2681,hold,66.3
2682,hold,67.9
2683,hold,68.0
2684,hold,67.6
2685,hold,68.0
2686,hold,68.6
2687,hold,69.8
2688,hold,70.3
2689,hold,70.2
2690,hold,70.5
2691,hold,70.4
2692,hold,69.8
2693,hold,70.0
2694,hold,69.3
2695,buy,70.0
2696,sell,69.6
2697,hold,68.5
2698,hold,68.3
2699,buy,68.0
2700,hold,67.7
2701,hold,69.1
2702,hold,69.8
2703,hold,70.2
2704,hold,70.0
2705,hold,71.2
2706,hold,70.4
2707,hold,70.4
2708,hold,70.6
2709,hold,71.0
2710,hold,69.7
2711,sell,69.7
2712,buy,70.7
2713,sell,71.0
2714,hold,71.0
2715,hold,70.6
2716,hold,69.8
2717,hold,68.8
2718,hold,68.0
2719,hold,67.3
2720,hold,66.0
2721,buy,66.4
2722,hold,65.1
2723,hold,66.0
2724,hold,66.7
2725,hold,68.0
2726,hold,68.7
2727,sell,71.7
2728,buy,71.0
2729,sell,71.3
2730,hold,71.0
2731,hold,72.1
2732,hold,72.1
2733,hold,72.3
2734,buy,71.5
2735,hold,69.0
2736,hold,68.5
2737,hold,72.0
2738,hold,71.8
2739,sell,74.0
2740,buy,74.5
2741,sell,73.2
2742,hold,74.0
2743,buy,72.8
2744,hold,74.6
2745,sell,75.5
2746,hold,76.0
2747,buy,76.2
2748,sell,76.4
2749,buy,76.5
2750,sell,76.5
2751,hold,77.0
2752,hold,77.2
2753,hold,76.5
2754,buy,77.3
2755,hold,77.5
2756,sell,78.5
2757,buy,78.0
2758,hold,78.3
2759,sell,77.8
2760,buy,77.4
2761,sell,77.1
2762,buy,77.0
2763,hold,76.7
2764,hold,78.1
2765,sell,77.9
2766,hold,77.5
2767,hold,76.1
2768,buy,76.0
2769,sell,75.9
2770,buy,75.0
2771,sell,76.2
2772,hold,75.0
2773,hold,74.2
2774,hold,73.5
2775,buy,74.8
2776,hold,73.6
2777,hold,73.5
2778,hold,74.0
2779,sell,74.5
2780,buy,75.6
2781,hold,75.8
2782,hold,75.3
2783,hold,75.7
2784,sell,74.0
2785,hold,75.1
2786,hold,74.9
2787,buy,74.9
2788,sell,75.9
2789,buy,74.5
2790,hold,74.8
2791,sell,75.6
2792,buy,75.6
2793,sell,76.0
2794,buy,76.5
2795,hold,77.7
2796,sell,77.9
2797,hold,77.0
2798,hold,78.0
2799,hold,77.7
2800,buy,77.1
2801,sell,78.5
2802,buy,78.6
2803,sell,79.1
2804,buy,80.5
2805,hold,80.8
2806,sell,80.8
2807,buy,80.5
2808,hold,78.9
2809,sell,79.9
2810,hold,80.3
2811,hold,80.0
2812,hold,77.8
2813,hold,78.6
2814,hold,78.3
2815,hold,78.6
2816,hold,78.5
2817,hold,77.7
2818,hold,77.8
2819,hold,78.5
2820,hold,79.1
2821,hold,78.7
2822,hold,75.1
2823,hold,77.4
2824,hold,76.2
2825,hold,76.0
2826,hold,75.5
2827,hold,75.1
2828,hold,75.3
2829,hold,74.7
2830,hold,75.7
2831,hold,74.9
2832,hold,73.2
2833,hold,72.6
2834,hold,73.8
2835,hold,73.0
2836,hold,73.7
2837,hold,73.9
2838,hold,72.8
2839,hold,72.5
2840,hold,72.0
2841,hold,70.9
2842,hold,72.0
2843,hold,72.5
2844,hold,72.1
2845,hold,73.3
2846,hold,73.7
2847,buy,73.9
2848,sell,71.7
2849,hold,72.6
2850,hold,72.8
2851,hold,72.6
2852,hold,72.5
2853,hold,72.2
2854,hold,72.0
2855,hold,70.0
2856,hold,69.8
2857,buy,70.0
2858,hold,70.5
2859,sell,72.3
2860,hold,71.9
2861,hold,71.9
2862,hold,70.8
2863,hold,71.3
2864,hold,71.3
2865,hold,71.1
2866,hold,71.0
2867,hold,69.9
2868,buy,69.6
2869,sell,70.0
2870,hold,69.6
2871,buy,70.0
2872,hold,69.8
2873,hold,69.5
2874,sell,71.0
2875,hold,71.5
2876,hold,71.3
2877,hold,70.6
2878,hold,68.9
2879,hold,68.7
2880,hold,68.5
2881,hold,68.5
2882,hold,68.5
2883,hold,67.9
2884,hold,68.0
2885,hold,66.3
2886,hold,66.0
2887,hold,62.0
2888,hold,63.6
2889,buy,64.0
2890,hold,65.0
2891,hold,68.5
2892,hold,71.7
2893,sell,68.9
2894,hold,68.9
2895,hold,68.3
2896,hold,68.3
2897,hold,68.4
2898,hold,68.0
2899,hold,70.0
2900,buy,69.7
2901,sell,70.2
2902,buy,70.4
2903,hold,70.4
2904,sell,70.4
2905,hold,71.9
2906,hold,71.0
2907,hold,70.0
2908,hold,70.6
2909,buy,70.1
2910,hold,69.0
2911,hold,68.4
2912,hold,69.4
2913,hold,70.5
2914,hold,70.8
2915,hold,70.6
2916,hold,72.0
2917,hold,74.9
2918,hold,75.6
2919,hold,77.9
2920,sell,77.2
2921,buy,75.5
2922,hold,76.1
2923,sell,75.4
2924,buy,77.0
2925,hold,76.8
2926,hold,76.1
2927,hold,75.1
2928,hold,77.0
2929,hold,78.5
2930,hold,78.5
2931,hold,78.3
2932,hold,77.2
2933,hold,75.5
2934,hold,76.5
2935,hold,77.9
2936,hold,78.7
2937,hold,77.8
2938,hold,75.7
2939,hold,75.0
2940,hold,74.1
2941,hold,75.2
2942,hold,75.6
2943,hold,73.3
2944,hold,72.9
2945,hold,74.0
2946,hold,73.0
2947,hold,75.1
2948,hold,74.9
2949,hold,76.0
2950,hold,75.0
2951,hold,75.5
2952,hold,76.5
2953,hold,74.9
2954,hold,73.7
2955,hold,75.6
2956,hold,75.3
2957,sell,75.8
2958,hold,74.8
2959,hold,74.5
2960,hold,72.9
2961,hold,72.9
2962,hold,72.2
2963,hold,72.0
2964,hold,71.3
2965,hold,70.5
2966,hold,71.1
2967,hold,72.8
2968,hold,72.8
2969,buy,72.4
2970,hold,73.0
2971,sell,72.8
2972,hold,73.4
2973,hold,73.1
2974,hold,74.0
2975,hold,72.9
2976,hold,73.5
2977,buy,77.0
2978,sell,72.4
2979,buy,72.9
2980,sell,73.0
2981,hold,73.0
2982,hold,71.4
2983,hold,71.7
2984,hold,72.9
2985,hold,74.9
2986,hold,75.2
2987,hold,75.5
2988,hold,75.5
2989,hold,75.5
2990,hold,76.0
2991,buy,73.9
2992,hold,74.4
2993,hold,76.0
2994,hold,75.4
2995,hold,74.9
2996,hold,75.6
2997,hold,77.0
2998,sell,76.5
2999,hold,76.2
3000,buy,76.5
3001,hold,75.3
3002,hold,75.8
3003,hold,76.4
3004,hold,76.8
3005,hold,77.7
3006,hold,78.1
3007,hold,77.8
3008,hold,77.4
3009,hold,77.0
3010,hold,78.2
3011,hold,79.0
3012,hold,79.5
3013,hold,80.0
3014,hold,80.0
3015,hold,80.0
3016,hold,80.0
3017,hold,80.0
3018,hold,78.4
3019,hold,79.0
3020,hold,79.0
3021,hold,78.8
3022,hold,78.5
3023,hold,77.9
3024,hold,79.0
3025,hold,80.5
3026,hold,79.9
3027,hold,79.6
3028,hold,79.9
3029,hold,80.2
3030,hold,79.2
3031,hold,80.0
3032,hold,79.6
3033,hold,80.8
3034,hold,79.8
3035,hold,79.5
3036,hold,77.7
3037,hold,78.3
3038,hold,78.9
3039,hold,79.0
3040,hold,79.5
3041,hold,80.7
3042,sell,81.4
3043,buy,82.0
3044,hold,81.2
3045,hold,81.6
3046,hold,80.8
3047,hold,80.2
3048,hold,81.0
3049,hold,81.9
3050,hold,80.8
3051,sell,81.7
3052,hold,81.5
3053,hold,80.3
3054,hold,79.0
3055,hold,77.6
3056,hold,77.2
3057,hold,77.8
3058,hold,77.6
3059,hold,77.1
3060,hold,77.0
3061,hold,77.1
3062,hold,76.5
3063,hold,77.2
3064,hold,77.1
3065,hold,77.7
3066,buy,75.9
3067,hold,76.3
3068,sell,77.0
3069,buy,78.3
3070,hold,79.0
3071,hold,78.1
3072,hold,78.4
3073,hold,79.1
3074,hold,79.0
3075,sell,79.0
3076,buy,78.9
3077,sell,79.0
3078,hold,78.8
3079,hold,78.5
3080,buy,79.9
3081,sell,81.3
3082,hold,79.0
3083,hold,78.6
3084,hold,78.7
3085,hold,77.0
3086,hold,76.7
3087,hold,77.5
3088,hold,78.2
3089,hold,78.4
3090,hold,77.1
3091,hold,75.7
3092,hold,76.2
3093,hold,76.0
3094,hold,76.9
3095,buy,77.8
3096,sell,78.8
3097,hold,78.8
3098,hold,78.8
3099,hold,77.5
3100,buy,78.1
3101,sell,79.4
3102,hold,80.6
3103,buy,78.0
3104,sell,77.9
3105,hold,78.4
3106,hold,79.2
3107,buy,79.8
3108,sell,79.9
3109,buy,79.8
3110,sell,80.0
3111,hold,80.0
3112,hold,79.9
3113,hold,79.0
3114,hold,78.9
3115,hold,77.8
3116,buy,78.2
3117,hold,77.1
3118,hold,77.6
3119,hold,77.4
3120,hold,78.6
3121,hold,78.6
3122,hold,78.8
3123,hold,79.6
3124,hold,80.0
3125,hold,80.0
3126,hold,80.0
3127,hold,79.8
3128,hold,79.5
3129,hold,79.9
3130,sell,78.1
3131,buy,78.1
3132,hold,79.3
3133,hold,78.8
3134,hold,79.0
3135,sell,79.2
3136,hold,79.6
3137,hold,79.3
3138,hold,78.3
3139,buy,77.0
3140,hold,78.0
3141,hold,78.7
3142,hold,79.7
3143,hold,80.1
3144,sell,79.6
3145,hold,77.9
3146,hold,77.5
3147,buy,76.6
3148,hold,76.5
3149,hold,75.9
3150,hold,77.4
3151,sell,77.3
3152,hold,78.1
3153,hold,78.3
3154,hold,78.7
3155,buy,78.4
3156,hold,78.7
3157,hold,77.8
3158,hold,78.2
3159,hold,78.9
3160,hold,78.5
3161,hold,79.1
3162,sell,79.5
3163,buy,79.8
3164,hold,79.9
3165,hold,79.4
3166,hold,79.7
3167,hold,80.0
3168,hold,80.5
3169,hold,82.2
3170,hold,85.0
3171,hold,84.7
3172,hold,84.1
3173,hold,85.0
3174,hold,85.0
3175,hold,84.9
3176,hold,85.6
3177,hold,85.4
3178,hold,85.0
3179,hold,84.6
3180,hold,84.9
3181,hold,85.2
3182,hold,85.5
3183,hold,86.3
3184,hold,84.2
3185,hold,86.4
3186,hold,85.0
3187,hold,85.1
3188,hold,85.0
3189,hold,85.5
3190,hold,86.2
3191,hold,85.7
3192,hold,86.4
3193,hold,88.0
3194,hold,88.6
3195,hold,88.5
3196,hold,88.0
3197,hold,88.8
3198,hold,89.9
3199,hold,90.8
3200,hold,91.1
3201,hold,91.4
3202,hold,90.3
3203,hold,90.3
3204,hold,90.9
3205,hold,91.5
3206,hold,91.9
3207,hold,91.9
3208,hold,90.9
3209,hold,90.0
3210,hold,88.8
3211,sell,89.4
3212,hold,88.4
3213,buy,88.7
3214,hold,89.0
3215,hold,87.1
3216,hold,86.1
3217,hold,86.4
3218,hold,86.4
3219,hold,88.5
3220,sell,87.4
3221,buy,89.2
3222,hold,90.1
3223,sell,90.3
3224,buy,90.4
3225,hold,90.5
3226,hold,90.2
3227,hold,89.5
3228,hold,89.3
3229,hold,90.8
3230,sell,91.0
3231,hold,89.4
3232,buy,90.0
3233,sell,87.6
3234,hold,88.0
3235,buy,88.5
3236,sell,89.7
3237,buy,90.2
3238,hold,89.0
3239,hold,89.0
3240,hold,89.8
3241,hold,90.7
3242,hold,90.2
3243,hold,90.2
3244,hold,92.5
3245,hold,93.0
3246,sell,92.5
3247,buy,96.5
3248,hold,94.0
3249,sell,93.5
3250,hold,93.8
3251,hold,93.5
3252,hold,93.3
3253,hold,92.5
3254,buy,92.5
3255,sell,92.6
3256,hold,91.0
3257,buy,90.4
3258,hold,89.7
3259,sell,89.6
3260,hold,90.9
3261,hold,90.3
3262,hold,88.5
3263,buy,88.0
3264,hold,87.9
3265,hold,89.1
3266,hold,89.4
3267,hold,90.7
3268,sell,91.3
3269,hold,91.8
3270,hold,93.0
3271,buy,92.2
3272,sell,92.5
3273,buy,92.9
3274,sell,92.9
3275,buy,93.1
3276,hold,92.6
3277,sell,91.6
3278,hold,90.5
3279,buy,92.7
3280,hold,92.1
3281,sell,91.5
3282,buy,92.8
3283,hold,93.3
3284,sell,92.5
3285,hold,93.2
3286,buy,92.6
3287,sell,92.7
3288,hold,93.5
3289,buy,91.4
3290,hold,91.0
3291,hold,91.7
3292,hold,91.1
3293,hold,92.0
3294,sell,92.0
3295,hold,91.2
3296,buy,90.7
3297,sell,91.4
3298,hold,91.3
3299,buy,91.0
3300,sell,90.0
3301,buy,90.5
3302,sell,88.5
3303,hold,88.2
3304,hold,88.9
3305,hold,88.9
3306,hold,89.0
3307,hold,89.0
3308,buy,89.0
3309,sell,88.5
3310,buy,88.0
3311,hold,88.0
3312,hold,88.0
3313,sell,89.0
3314,hold,90.2
3315,buy,89.9
3316,hold,89.7
3317,sell,89.4
3318,hold,89.3
3319,hold,89.4
3320,hold,89.5
3321,buy,90.2
3322,hold,90.7
3323,hold,89.3
3324,sell,90.0
3325,buy,89.3
3326,hold,89.8
3327,hold,90.4
3328,hold,90.1
3329,hold,89.6
3330,hold,90.7
3331,hold,91.0
3332,hold,90.7
3333,hold,91.0
3334,hold,91.5
3335,hold,93.3
3336,hold,93.3
3337,hold,92.4
3338,hold,92.4
3339,hold,92.7
3340,hold,92.9
3341,hold,93.0
3342,hold,93.9
3343,sell,93.9
3344,buy,93.4
3345,sell,92.2
3346,hold,93.0
3347,hold,89.7
3348,hold,91.4
3349,hold,90.5
3350,buy,91.0
3351,sell,91.1
3352,buy,92.0
3353,sell,91.7
3354,hold,91.5
3355,hold,92.0
3356,buy,91.2
3357,sell,90.0
3358,buy,91.5
3359,sell,91.5
3360,buy,90.6
3361,hold,91.3
3362,hold,91.0
3363,hold,91.9
3364,hold,92.4
3365,hold,93.0
3366,hold,93.2
3367,hold,92.8
3368,hold,92.6
3369,hold,92.0
3370,hold,92.3
3371,sell,92.3
3372,buy,91.5
3373,hold,92.9
3374,hold,92.8
3375,hold,92.5
3376,hold,93.0
3377,hold,93.0
3378,hold,93.5
3379,hold,93.9
3380,hold,94.5
3381,hold,93.7
3382,hold,94.0
3383,hold,93.9
3384,hold,93.7
3385,hold,94.5
3386,hold,95.3
3387,hold,95.4
3388,hold,95.8
3389,hold,97.0
3390,hold,95.9
3391,hold,95.8
3392,hold,95.0
3393,hold,94.6
3394,hold,95.4
3395,hold,96.0
3396,hold,94.8
3397,hold,94.1
3398,hold,93.8
3399,sell,93.0
3400,hold,92.3
3401,hold,92.8
3402,hold,92.7
3403,hold,91.5
3404,hold,91.8
3405,hold,91.8
3406,buy,91.8
3407,hold,91.2
3408,sell,91.2
3409,buy,92.0
3410,hold,94.4
3411,hold,94.6
3412,hold,93.5
3413,sell,93.2
3414,hold,93.5
3415,hold,93.0
3416,buy,92.8
3417,sell,92.8
3418,hold,91.7
3419,hold,92.0
3420,hold,92.0
3421,hold,92.0
3422,hold,91.9
3423,hold,91.6
3424,buy,91.9
3425,hold,91.4
3426,hold,91.5
3427,hold,92.5
3428,hold,91.8
3429,hold,92.7
3430,hold,92.3
3431,hold,92.1
3432,hold,92.1
3433,hold,93.0
3434,hold,92.6
3435,hold,92.7
3436,hold,92.3
3437,hold,92.1
3438,hold,92.5
3439,hold,92.1
3440,hold,92.5
3441,hold,93.4
3442,hold,92.5
3443,sell,93.3
3444,hold,93.4
3445,buy,93.6
3446,hold,90.6
3447,hold,92.8
3448,hold,93.3
3449,hold,93.6
3450,hold,93.0
3451,hold,93.0
3452,hold,93.0
3453,hold,92.9
3454,hold,93.3
3455,hold,93.5
3456,hold,93.9
3457,hold,93.3
3458,hold,94.7
3459,hold,94.8
3460,hold,94.8
3461,hold,94.9
3462,hold,95.4
3463,hold,96.0
3464,hold,96.0
3465,hold,98.5
3466,hold,96.9
3467,hold,98.7
3468,hold,98.1
3469,hold,98.5
3470,hold,98.5
3471,hold,98.4
3472,hold,99.5
3473,hold,102.5
3474,hold,101.0
3475,hold,101.0
3476,hold,101.5
3477,hold,102.0
3478,hold,102.0
3479,hold,102.0
3480,hold,101.5
3481,hold,100.5
3482,hold,101.5
3483,hold,100.0
3484,hold,99.2
3485,hold,101.5
3486,hold,103.5
3487,hold,104.5
3488,hold,103.0
3489,sell,103.5
3490,hold,103.0
3491,hold,100.0
3492,buy,100.5
3493,sell,96.7
3494,hold,101.0
3495,buy,100.0
3496,hold,97.8
3497,hold,101.0
3498,hold,104.0
3499,hold,102.5
3500,hold,104.0
3501,hold,103.5
3502,hold,103.5
3503,hold,102.0
3504,hold,100.5
3505,hold,101.0
3506,hold,101.5
3507,hold,101.5
3508,hold,101.5
3509,hold,101.5
3510,hold,103.5
3511,hold,103.0
3512,hold,102.0
3513,hold,102.0
3514,hold,102.0
3515,hold,103.0
3516,hold,105.0
3517,hold,106.5
3518,hold,104.0
3519,hold,104.5
3520,hold,103.5
3521,hold,105.0
3522,hold,103.0
3523,hold,103.0
3524,hold,103.5
3525,hold,104.0
3526,hold,102.5
3527,hold,102.0
3528,hold,105.0
3529,hold,105.5
3530,hold,105.5
3531,hold,106.5
3532,hold,106.5
3533,hold,107.5
3534,hold,106.0
3535,hold,106.0
3536,hold,105.5
3537,hold,106.5
3538,hold,105.5
3539,sell,104.0
3540,buy,103.0
3541,hold,104.0
3542,hold,104.5
3543,hold,104.5
3544,hold,105.5
3545,hold,104.5
3546,hold,105.0
3547,hold,105.5
3548,hold,105.5
3549,hold,105.5
3550,hold,106.0
3551,hold,108.5
3552,hold,111.0
3553,hold,110.5
3554,hold,111.0
3555,sell,111.5
3556,hold,112.0
3557,hold,112.5
3558,hold,109.5
3559,hold,110.0
3560,buy,111.0
3561,sell,108.5
3562,hold,110.0
3563,hold,110.0
3564,hold,108.5
3565,hold,107.5
3566,hold,109.5
3567,hold,110.5
3568,buy,109.5
3569,sell,109.5
3570,hold,110.0
3571,hold,108.5
3572,hold,109.0
3573,hold,107.5
3574,hold,107.5
3575,hold,106.5
3576,buy,106.0
3577,hold,105.5
3578,hold,107.5
3579,hold,108.5
3580,hold,109.5
3581,hold,110.0
3582,hold,110.0
3583,hold,110.0
3584,hold,109.0
3585,hold,112.5
3586,hold,112.5
3587,hold,113.0
3588,hold,114.0
3589,hold,113.5
3590,hold,109.5
3591,sell,111.0
3592,hold,112.0
3593,hold,106.0
3594,hold,106.0
3595,hold,110.0
3596,hold,108.5
3597,hold,107.0
3598,hold,108.5
3599,hold,107.5
3600,buy,107.5
3601,sell,108.5
3602,buy,109.5
3603,hold,108.5
3604,sell,111.0
3605,buy,110.5
3606,hold,111.5
3607,hold,112.5
3608,sell,113.0
3609,hold,112.0
3610,hold,111.5
3611,hold,112.5
3612,hold,111.0
3613,hold,112.0
3614,hold,111.5
3615,hold,110.5
3616,hold,108.0
3617,hold,109.5
3618,hold,109.0
3619,buy,108.5
3620,hold,109.0
3621,hold,109.0
3622,hold,109.0
3623,hold,110.0
3624,hold,113.5
3625,hold,112.5
3626,hold,113.5
3627,hold,114.0
3628,hold,113.5
3629,hold,112.0
3630,hold,112.5
3631,sell,111.0
3632,hold,112.5
3633,hold,110.5
3634,hold,111.5
3635,hold,111.5
3636,buy,111.5
3637,hold,111.0
3638,hold,111.0
3639,hold,112.5
3640,hold,112.0
3641,hold,112.5
3642,hold,112.5
3643,hold,113.0
3644,hold,113.5
3645,hold,117.5
3646,hold,115.5
3647,hold,114.5
3648,hold,117.0
3649,sell,117.0
3650,hold,117.5
3651,hold,115.0
3652,hold,113.0
3653,hold,113.0
3654,hold,111.0
3655,hold,111.5
3656,hold,113.5
3657,hold,103.0
3658,hold,106.0
3659,hold,103.5
3660,hold,104.0
3661,hold,103.0
3662,hold,103.0
3663,hold,103.0
3664,hold,103.0
3665,hold,101.5
3666,hold,101.0
3667,hold,98.6
3668,hold,98.2
3669,hold,98.8
3670,hold,98.6
3671,hold,101.0
3672,hold,101.5
3673,hold,101.0
3674,hold,103.0
3675,hold,103.0
3676,hold,102.5
3677,hold,102.0
3678,hold,101.0
3679,hold,101.0
3680,hold,100.0
3681,hold,100.0
3682,hold,101.0
3683,hold,101.0
3684,hold,102.0
3685,hold,100.5
3686,hold,99.8
3687,hold,101.0
3688,hold,100.5
3689,buy,101.0
3690,hold,99.0
3691,hold,100.0
3692,hold,99.5
3693,hold,100.0
3694,sell,102.0
3695,buy,101.5
3696,hold,101.0
3697,hold,100.0
3698,hold,100.5
3699,hold,99.5
3700,hold,98.5
3701,hold,99.0
3702,sell,99.1
3703,hold,99.2
3704,hold,99.3
3705,hold,98.0
3706,hold,99.3
3707,hold,99.6
3708,hold,98.6
3709,hold,98.3
3710,hold,98.3
3711,buy,96.7
3712,hold,96.3
3713,hold,97.8
3714,hold,101.0
3715,hold,97.6
3716,hold,96.0
3717,hold,95.3
3718,hold,99.5
3719,hold,102.0
3720,hold,102.5
3721,hold,100.5
3722,hold,101.5
3723,hold,101.5
3724,hold,101.5
3725,hold,101.0
3726,hold,101.5
3727,hold,102.5
3728,sell,102.5
3729,buy,103.0
3730,hold,101.0
3731,hold,100.0
3732,hold,102.0
3733,hold,101.5
3734,hold,101.0
3735,hold,102.0
3736,hold,100.0
3737,hold,101.5
3738,hold,101.5
3739,hold,101.5
3740,hold,101.5
3741,hold,102.5
3742,hold,102.5
3743,hold,103.0
3744,hold,103.5
3745,hold,104.0
3746,hold,103.5
3747,hold,103.0
3748,hold,102.5
3749,hold,101.5
3750,hold,102.0
3751,hold,103.0
3752,hold,105.5
3753,hold,104.0
3754,hold,103.0
3755,hold,104.5
3756,hold,104.5
3757,hold,104.0
3758,hold,105.5
3759,hold,106.5
3760,hold,106.0
3761,hold,106.5
3762,hold,106.5
3763,hold,107.5
3764,hold,106.5
3765,hold,108.0
3766,hold,109.0
3767,hold,109.0
3768,hold,109.5
3769,hold,107.5
3770,hold,108.0
3771,hold,108.0
3772,hold,108.0
3773,hold,109.5
3774,hold,110.0
3775,hold,110.0
3776,hold,108.5
3777,hold,108.5
3778,hold,109.0
3779,hold,109.0
3780,hold,108.0
3781,hold,108.5
3782,hold,108.5
3783,hold,109.5
3784,hold,109.5
3785,hold,110.5
3786,hold,111.5
3787,hold,112.5
3788,hold,112.0
3789,hold,112.0
3790,hold,111.0
3791,sell,111.0
3792,buy,110.5
3793,sell,109.5
3794,buy,108.5
3795,sell,109.5
3796,hold,108.5
3797,buy,108.0
3798,hold,109.0
3799,sell,108.5
3800,hold,108.5
3801,hold,110.0
3802,hold,111.0
3803,hold,110.0
3804,buy,109.0
3805,sell,108.5
3806,buy,109.5
3807,hold,110.0
3808,hold,109.0
3809,sell,110.0
3810,buy,110.5
3811,hold,109.5
3812,hold,109.0
3813,hold,110.0
3814,hold,110.0
3815,hold,111.0
3816,hold,111.5
3817,hold,112.0
3818,hold,112.0
3819,hold,112.0
3820,hold,112.5
3821,hold,112.5
3822,hold,113.0
3823,hold,112.5
3824,hold,113.0
3825,hold,114.5
3826,hold,114.5
3827,hold,114.5
3828,hold,114.5
3829,hold,114.5
3830,sell,115.0
3831,hold,105.5
3832,hold,105.0
3833,hold,104.5
3834,hold,104.5
3835,hold,104.0
3836,hold,102.0
3837,hold,103.0
3838,hold,102.5
3839,hold,104.0
3840,hold,105.5
3841,hold,104.0
3842,hold,102.0
3843,hold,101.5
3844,hold,101.0
3845,hold,102.0
3846,hold,103.5
3847,hold,101.0
3848,hold,101.5
3849,hold,101.0
3850,hold,101.0
3851,hold,101.5
3852,hold,100.5
3853,hold,99.5
3854,hold,97.5
3855,hold,96.5
3856,hold,95.8
3857,hold,95.3
3858,hold,95.2
3859,hold,93.9
3860,hold,92.5
3861,hold,93.6
3862,hold,90.3
3863,hold,91.1
3864,hold,92.0
3865,hold,93.1
3866,hold,92.9
3867,hold,92.3
3868,hold,93.4
3869,hold,91.7
3870,buy,90.6
3871,hold,91.5
3872,hold,91.4
3873,hold,94.1
3874,hold,94.0
3875,sell,93.7
3876,hold,94.7
3877,buy,96.0
3878,hold,95.2
3879,hold,95.2
3880,hold,95.5
3881,hold,95.4
3882,hold,96.1
3883,sell,98.0
3884,hold,97.8
3885,buy,97.6
3886,sell,97.3
3887,hold,97.6
3888,buy,96.8
3889,sell,96.7
3890,hold,95.5
3891,hold,96.2
3892,buy,94.5
3893,sell,94.8
3894,buy,93.8
3895,hold,93.1
3896,sell,93.3
3897,buy,94.1
3898,sell,94.3
3899,buy,93.1
3900,hold,93.3
3901,hold,94.6
3902,hold,95.9
3903,sell,96.6
3904,buy,96.0
3905,hold,95.4
3906,hold,96.8
3907,hold,95.8
3908,hold,97.5
3909,hold,97.3
3910,hold,97.2
3911,hold,97.7
3912,hold,98.3
3913,sell,97.8
3914,buy,98.1
3915,sell,98.9
3916,hold,98.9
3917,hold,98.7
3918,hold,98.2
3919,buy,97.4
3920,hold,97.0
3921,hold,96.9
3922,hold,96.3
3923,hold,96.6
3924,hold,96.8
3925,hold,97.4
3926,sell,97.4
3927,buy,96.5
3928,hold,96.2
3929,hold,96.8
3930,hold,97.0
3931,sell,98.0
3932,buy,98.4
3933,hold,98.3
3934,sell,97.2
3935,buy,98.1
3936,sell,97.5
3937,buy,97.5
3938,hold,96.4
3939,hold,97.2
3940,hold,96.7
3941,sell,96.5
3942,buy,96.5
3943,hold,96.9
3944,hold,96.8
3945,hold,96.8
3946,hold,99.1
3947,hold,101.5
3948,hold,99.9
3949,hold,101.0
3950,hold,101.0
3951,hold,100.5
3952,hold,100.0
3953,hold,99.8
3954,hold,101.0
3955,hold,99.9
3956,hold,99.8
3957,hold,99.6
3958,hold,101.5
3959,hold,102.0
3960,hold,101.5
3961,hold,100.0
3962,hold,100.0
3963,sell,99.8
3964,hold,99.7
3965,hold,98.8
3966,hold,98.5
3967,hold,97.9
3968,hold,99.0
3969,hold,99.0
3970,buy,91.6
3971,sell,93.4
3972,hold,93.0
3973,buy,93.5
3974,hold,92.7
3975,hold,94.5
3976,hold,93.7
3977,sell,94.0
3978,buy,93.7
3979,hold,94.0
3980,hold,94.8
3981,sell,95.2
3982,buy,94.8
3983,sell,94.8
3984,hold,96.2
3985,hold,94.7
3986,hold,94.6
3987,hold,93.3
3988,hold,93.1
3989,hold,91.5
3990,buy,91.0
3991,hold,90.0
3992,hold,91.6
3993,hold,92.5
3994,sell,93.3
3995,hold,91.4
3996,hold,89.3
3997,hold,89.0
3998,hold,88.9
3999,hold,84.0
4000,hold,80.6
4001,hold,78.2
4002,hold,74.6
4003,hold,70.0
4004,hold,66.6
4005,hold,68.8
4006,hold,66.7
4007,hold,70.5
4008,hold,74.9
4009,hold,74.1
4010,hold,74.7
4011,hold,75.2
4012,hold,75.1
4013,hold,74.4
4014,hold,77.6
4015,hold,79.8
4016,hold,80.4
4017,hold,80.6
4018,buy,81.9
4019,hold,80.7
4020,hold,82.2
4021,hold,83.1
4022,sell,82.1
4023,hold,83.2
4024,hold,82.4
4025,buy,80.1
4026,sell,80.2
4027,buy,80.4
4028,hold,80.0
4029,hold,82.0
4030,hold,82.7
4031,hold,83.8
4032,hold,87.9
4033,hold,85.5
4034,hold,85.8
4035,hold,85.3
4036,hold,85.3
4037,hold,86.4
4038,hold,87.5
4039,sell,86.5
4040,hold,85.1
4041,buy,83.5
4042,hold,83.6
4043,sell,85.0
4044,hold,86.2
4045,buy,86.4
4046,sell,86.5
4047,buy,85.0
4048,sell,84.3
4049,buy,85.7
4050,sell,85.2
4051,buy,83.8
4052,hold,83.0
4053,hold,83.8
4054,hold,84.3
4055,hold,86.1
4056,hold,86.8
4057,hold,87.6
4058,hold,89.2
4059,hold,89.5
4060,hold,89.4
4061,hold,88.0
4062,hold,86.4
4063,hold,86.0
4064,hold,86.1
4065,hold,86.2
4066,hold,86.2
4067,hold,85.8
4068,hold,86.8
4069,hold,86.9
4070,hold,87.4
4071,hold,86.6
4072,sell,87.6
4073,buy,87.6
4074,hold,83.8
4075,sell,84.3
4076,hold,84.4
4077,hold,83.7
4078,hold,83.2
4079,hold,83.0
4080,hold,82.0
4081,hold,82.0
4082,hold,81.0
4083,hold,80.4
4084,hold,81.0
4085,hold,81.0
4086,hold,80.5
4087,hold,80.5
4088,hold,80.5
4089,hold,80.1
4090,hold,79.7
4091,hold,78.1
4092,hold,77.3
4093,hold,77.9
4094,hold,78.5
4095,hold,78.5
4096,hold,77.4
4097,buy,77.6
4098,hold,78.1
4099,hold,79.1
4100,hold,79.6
4101,sell,81.1
4102,hold,81.5
4103,hold,80.7
4104,buy,80.9
4105,sell,80.8
4106,hold,81.5
4107,hold,81.4
4108,hold,80.5
4109,hold,79.0
4110,buy,79.8
4111,sell,79.2
4112,buy,79.2
4113,sell,79.6
4114,buy,78.9
4115,sell,78.9
4116,buy,78.2
4117,hold,77.9
4118,hold,78.0
4119,hold,78.4
4120,hold,78.5
4121,hold,79.6
4122,hold,79.6
4123,hold,79.2
4124,hold,78.7
4125,hold,79.0
4126,hold,79.2
4127,hold,79.2
4128,hold,78.9
4129,hold,78.6
4130,hold,81.6
4131,hold,83.3
4132,sell,81.4
4133,hold,80.1
4134,hold,78.0
4135,buy,79.0
4136,hold,79.4
4137,hold,78.9
4138,hold,78.6
4139,hold,80.0
4140,hold,81.2
4141,hold,80.8
4142,hold,81.0
4143,sell,81.2
4144,buy,80.9
4145,hold,80.0
4146,sell,79.2
4147,hold,79.0
4148,hold,79.1
4149,hold,79.5
4150,hold,79.0
4151,hold,79.8
4152,hold,79.8
4153,hold,80.2
4154,hold,80.3
4155,buy,79.5
4156,hold,78.9
4157,hold,79.1
4158,hold,79.7
4159,hold,81.0
4160,hold,81.3
4161,hold,81.5
4162,hold,81.5
4163,hold,81.8
4164,hold,84.9
4165,hold,89.0
4166,hold,88.0
4167,hold,87.0
4168,hold,88.1
4169,hold,88.0
4170,hold,88.0
4171,hold,88.1
4172,hold,88.3
4173,hold,88.8
4174,hold,87.6
4175,hold,87.8
4176,hold,87.6
4177,hold,87.2
4178,hold,85.2
4179,hold,87.6
4180,hold,87.7
4181,hold,88.5
4182,hold,89.3
4183,hold,89.5
4184,hold,89.5
4185,hold,90.0
4186,hold,89.9
4187,hold,89.8
4188,hold,89.8
4189,hold,89.2
4190,hold,90.2
4191,hold,89.8
4192,hold,88.2
4193,hold,92.3
4194,hold,92.1
4195,hold,91.5
4196,hold,92.6
4197,hold,92.8
4198,hold,93.8
4199,hold,94.0
4200,hold,96.7
4201,sell,96.4
