0,buy,48.5
1,hold,47.8
2,hold,48.7
3,hold,47.7
4,hold,47.6
5,hold,47.9
6,hold,47.2
7,hold,46.3
8,hold,46.5
9,hold,47.4
10,hold,48.0
11,hold,48.6
12,hold,49.5
13,hold,48.2
14,hold,49.3
15,hold,49.4
16,hold,50.0
17,hold,51.0
18,hold,50.0
19,hold,49.5
20,hold,49.0
21,hold,49.0
22,hold,48.6
23,hold,48.2
24,hold,48.2
25,hold,47.7
26,hold,47.7
27,hold,47.7
28,hold,47.7
29,hold,47.7
30,hold,47.6
31,hold,48.3
32,hold,48.4
33,hold,48.6
34,hold,48.6
35,hold,48.2
36,hold,48.3
37,hold,48.3
38,hold,48.7
39,hold,48.3
40,hold,47.9
41,hold,47.8
42,hold,46.6
43,sell,46.6
44,hold,46.7
45,hold,46.4
46,hold,46.1
47,hold,46.0
48,hold,45.7
49,hold,45.4
50,hold,45.4
51,buy,45.5
52,hold,46.2
53,hold,45.7
54,hold,45.5
55,hold,45.0
56,hold,44.8
57,hold,43.5
58,sell,41.6
59,hold,41.0
60,hold,42.1
61,buy,41.4
62,sell,42.7
63,buy,42.7
64,hold,42.7
65,hold,42.2
66,hold,41.5
67,hold,42.5
68,hold,42.6
69,hold,42.7
70,hold,42.1
71,hold,42.0
72,hold,42.1
73,hold,42.0
74,hold,41.5
75,hold,41.1
76,hold,41.1
77,hold,39.6
78,sell,40.0
79,hold,38.4
80,hold,38.6
81,hold,39.2
82,buy,39.0
83,hold,37.8
84,sell,38.1
85,buy,37.2
86,hold,38.1
87,hold,37.5
88,hold,37.6
89,hold,38.3
90,hold,39.2
91,hold,39.7
92,hold,40.8
93,hold,40.6
94,hold,41.0
95,hold,40.9
96,hold,41.8
97,hold,42.2
98,hold,42.6
99,hold,41.4
100,hold,40.2
101,hold,40.0
102,hold,40.3
103,hold,40.8
104,hold,41.5
105,hold,41.2
106,hold,41.0
107,hold,40.2
108,hold,39.6
109,hold,39.5
110,hold,39.2
111,hold,38.4
112,sell,38.2
113,hold,39.6
114,buy,40.0
115,hold,39.0
116,hold,39.4
117,hold,39.2
118,hold,39.3
119,hold,39.0
120,hold,38.9
121,hold,37.6
122,sell,34.6
123,hold,35.5
124,hold,34.5
125,hold,34.2
126,hold,33.9
127,hold,33.7
128,buy,32.0
129,sell,30.5
130,hold,29.6
131,hold,27.9
132,hold,28.0
133,buy,29.2
134,hold,29.5
135,hold,28.1
136,hold,27.8
137,hold,28.5
138,hold,28.4
139,hold,27.5
140,hold,27.4
141,hold,28.0
142,hold,28.6
143,hold,28.0
144,hold,27.6
145,hold,29.5
146,hold,30.8
147,hold,31.1
148,hold,32.7
149,hold,33.5
150,hold,33.4
151,hold,34.6
152,hold,33.2
153,hold,33.6
154,hold,33.9
155,hold,34.8
156,hold,34.0
157,hold,33.1
158,hold,33.6
159,hold,33.6
160,hold,35.9
161,hold,37.3
162,hold,36.5
163,hold,35.3
164,hold,35.2
165,hold,34.5
166,hold,33.7
167,hold,34.0
168,hold,33.8
169,hold,33.5
170,hold,33.4
171,hold,31.1
172,sell,31.2
173,hold,30.5
174,hold,29.5
175,hold,29.9
176,buy,27.9
177,sell,28.5
178,buy,27.7
179,hold,28.5
180,hold,27.5
181,hold,27.9
182,hold,27.8
183,hold,28.7
184,hold,28.8
185,hold,29.4
186,hold,31.3
187,hold,30.2
188,hold,28.6
189,hold,29.0
190,hold,29.4
191,hold,28.6
192,hold,28.7
193,hold,29.2
194,hold,29.4
195,hold,29.6
196,hold,29.6
197,hold,30.1
198,hold,29.3
199,hold,28.4
200,hold,27.9
201,hold,27.6
202,hold,27.3
203,sell,26.9
204,hold,28.1
205,buy,27.9
206,hold,27.3
207,hold,27.6
208,hold,29.4
209,hold,28.6
210,hold,28.8
211,hold,29.3
212,hold,30.0
213,hold,31.3
214,hold,31.7
215,hold,33.0
216,hold,31.8
217,hold,32.0
218,hold,32.2
219,hold,31.1
220,hold,29.4
221,hold,29.4
222,hold,28.6
223,hold,29.2
224,hold,29.9
225,hold,30.6
226,hold,32.7
227,hold,32.4
228,hold,34.6
229,hold,33.0
230,hold,35.2
231,hold,34.3
232,hold,33.6
233,hold,33.3
234,hold,31.5
235,hold,30.1
236,hold,31.5
237,hold,31.0
238,hold,30.7
239,hold,31.8
240,hold,32.0
241,hold,31.5
242,hold,31.6
243,hold,32.1
244,hold,34.3
245,hold,34.2
246,hold,34.2
247,hold,35.9
248,hold,35.2
249,hold,35.2
250,hold,34.4
251,hold,34.4
252,hold,33.6
253,hold,34.4
254,hold,35.0
255,hold,34.1
256,hold,33.8
257,hold,34.6
258,hold,34.5
259,hold,34.2
260,hold,35.1
261,hold,37.5
262,hold,40.1
263,hold,38.1
264,hold,40.7
265,hold,43.5
266,hold,43.3
267,hold,45.0
268,hold,43.8
269,hold,43.8
270,hold,41.8
271,hold,41.3
272,hold,41.3
273,hold,41.3
274,hold,41.9
275,hold,41.9
276,hold,42.7
277,hold,44.1
278,hold,47.1
279,hold,47.0
280,hold,46.3
281,hold,48.5
282,hold,47.2
283,hold,46.0
284,hold,46.6
285,hold,45.0
286,hold,45.3
287,hold,44.6
288,hold,44.1
289,hold,44.0
290,hold,42.3
291,hold,43.5
292,hold,44.1
293,hold,45.5
294,hold,44.5
295,hold,45.0
296,hold,44.4
297,hold,44.2
298,hold,42.5
299,hold,42.5
300,hold,43.7
301,hold,45.8
302,hold,44.5
303,hold,44.5
304,hold,44.2
305,hold,44.0
306,hold,43.1
307,hold,44.2
308,hold,44.0
309,hold,44.1
310,hold,44.9
311,hold,45.2
312,hold,44.5
313,hold,44.0
314,hold,43.4
315,hold,43.0
316,hold,42.6
317,hold,42.7
318,hold,41.2
319,sell,40.6
320,hold,38.8
321,hold,38.4
322,hold,36.7
323,hold,37.5
324,buy,39.1
325,hold,40.0
326,hold,39.8
327,hold,39.8
328,hold,39.9
329,hold,42.0
330,hold,42.2
331,hold,41.6
332,hold,39.5
333,hold,39.4
334,hold,41.7
335,hold,43.2
336,hold,43.9
337,hold,44.1
338,hold,42.5
339,hold,41.9
340,hold,44.3
341,hold,43.5
342,hold,42.8
343,hold,42.5
344,hold,43.1
345,hold,43.6
346,hold,43.0
347,hold,44.0
348,hold,43.4
349,hold,44.0
350,hold,43.3
351,hold,43.3
352,hold,43.5
353,hold,44.0
354,hold,42.7
355,hold,44.0
356,hold,43.3
357,hold,43.6
358,hold,43.0
359,hold,42.7
360,hold,40.2
361,sell,40.1
362,hold,38.6
363,hold,40.5
364,buy,42.5
365,hold,43.9
366,hold,42.0
367,hold,41.7
368,hold,41.2
369,hold,41.7
370,hold,43.4
371,hold,45.9
372,hold,45.8
373,hold,45.6
374,hold,45.5
375,hold,45.6
376,hold,43.3
377,hold,43.6
378,hold,44.8
379,hold,44.5
380,hold,45.0
381,hold,43.7
382,hold,44.3
383,hold,45.0
384,hold,44.7
385,hold,45.8
386,hold,45.3
387,hold,42.2
388,hold,39.3
389,sell,40.3
390,hold,39.3
391,hold,40.8
392,buy,39.8
393,hold,40.2
394,hold,40.3
395,hold,40.5
396,hold,40.1
397,hold,39.1
398,hold,39.9
399,hold,40.7
400,hold,41.1
401,hold,41.9
402,hold,42.5
403,hold,41.4
404,hold,41.0
405,hold,41.5
406,hold,41.1
407,hold,40.4
408,hold,40.0
409,hold,40.4
410,hold,39.5
411,hold,41.0
412,hold,41.5
413,hold,40.5
414,hold,39.8
415,hold,39.3
416,hold,37.6
417,sell,38.8
418,buy,37.6
419,sell,37.6
420,hold,36.1
421,hold,33.6
422,hold,31.3
423,hold,31.3
424,hold,32.5
425,buy,32.9
426,hold,33.3
427,hold,33.4
428,hold,34.2
429,hold,33.8
430,hold,33.4
431,hold,31.6
432,hold,32.3
433,hold,32.5
434,hold,32.3
435,hold,33.4
436,hold,35.7
437,hold,35.0
438,hold,36.2
439,hold,37.9
440,hold,37.4
441,hold,38.1
442,hold,39.7
443,hold,38.4
444,hold,38.2
445,hold,38.2
446,hold,38.2
447,hold,38.2
448,hold,38.2
449,hold,36.4
450,hold,37.4
451,hold,37.0
452,hold,38.0
453,hold,38.8
454,hold,39.6
455,hold,39.3
456,hold,41.5
457,hold,41.7
458,hold,42.2
459,hold,44.7
460,hold,44.5
461,hold,44.8
462,hold,43.6
463,hold,43.0
464,hold,43.7
465,hold,43.6
466,hold,44.1
467,hold,44.0
468,hold,43.0
469,hold,43.1
470,hold,43.8
471,hold,44.7
472,hold,44.3
473,hold,44.8
474,hold,45.5
475,hold,47.7
476,hold,46.6
477,hold,45.1
478,hold,46.2
479,hold,45.0
480,hold,45.0
481,hold,44.8
482,hold,44.3
483,hold,45.6
484,hold,45.6
485,hold,47.3
486,hold,46.4
487,hold,45.3
488,hold,45.3
489,hold,45.8
490,hold,46.0
491,hold,45.6
492,hold,45.8
493,hold,47.2
494,hold,47.9
495,hold,47.8
496,hold,49.7
497,hold,49.2
498,hold,50.5
499,hold,50.5
500,hold,50.0
501,hold,49.5
502,hold,48.5
503,hold,49.2
504,hold,49.3
505,hold,48.9
506,hold,49.6
507,hold,49.0
508,hold,48.1
509,hold,46.3
510,hold,46.3
511,hold,46.2
512,hold,46.0
513,hold,45.3
514,hold,44.3
515,sell,45.0
516,buy,44.3
517,hold,43.0
518,sell,43.8
519,buy,42.9
520,hold,41.8
521,hold,41.0
522,hold,42.0
523,hold,43.6
524,hold,41.9
525,hold,43.0
526,hold,43.7
527,hold,45.0
528,hold,44.7
529,hold,44.2
530,hold,43.9
531,hold,43.5
532,hold,42.0
533,hold,40.6
534,sell,40.8
535,buy,40.9
536,hold,43.2
537,hold,43.3
538,hold,45.8
539,hold,44.8
540,hold,45.3
541,hold,46.1
542,hold,45.6
543,hold,45.5
544,hold,45.4
545,hold,46.5
546,hold,46.3
547,hold,45.2
548,hold,45.3
549,hold,44.8
550,hold,44.8
551,hold,47.2
552,hold,48.0
553,hold,47.2
554,hold,47.1
555,hold,47.5
556,hold,46.5
557,hold,46.3
558,hold,45.8
559,hold,46.4
560,hold,46.7
561,hold,46.8
562,hold,46.2
563,hold,45.9
564,hold,45.9
565,hold,42.8
566,sell,41.3
567,hold,41.5
568,hold,43.6
569,buy,43.0
570,hold,42.8
571,hold,42.1
572,hold,42.4
573,hold,42.9
574,hold,42.1
575,hold,44.6
576,hold,44.5
577,hold,44.8
578,hold,44.3
579,hold,44.3
580,hold,43.9
581,hold,43.7
582,hold,44.3
583,hold,44.8
584,hold,45.8
585,hold,46.6
586,hold,48.4
587,hold,47.8
588,hold,47.9
589,hold,48.7
590,hold,45.5
591,hold,47.1
592,hold,46.3
593,hold,47.7
594,hold,47.4
595,hold,47.8
596,hold,46.9
597,hold,47.0
598,hold,47.1
599,hold,47.4
600,hold,47.0
601,hold,47.5
602,hold,47.2
603,hold,47.6
604,hold,47.1
605,hold,47.3
606,hold,48.3
607,hold,48.6
608,hold,47.9
609,hold,48.2
610,hold,48.2
611,hold,46.6
612,hold,47.0
613,hold,46.8
614,hold,46.5
615,hold,47.0
616,hold,47.0
617,hold,46.8
618,hold,46.1
619,hold,45.2
620,sell,45.6
621,buy,45.4
622,hold,45.8
623,hold,45.1
624,hold,45.0
625,hold,45.0
626,hold,45.3
627,hold,46.1
628,hold,46.1
629,hold,46.0
630,hold,46.5
631,hold,45.5
632,hold,46.5
633,hold,46.7
634,hold,46.5
635,hold,46.1
636,hold,45.6
637,hold,46.3
638,hold,46.6
639,hold,46.6
640,hold,47.0
641,hold,47.4
642,hold,50.5
643,hold,51.0
644,hold,52.5
645,hold,53.0
646,hold,51.5
647,hold,51.0
648,hold,52.5
649,hold,52.0
650,hold,51.5
651,hold,51.0
652,hold,50.0
653,hold,50.0
654,hold,50.5
655,hold,51.0
656,hold,51.0
657,hold,51.5
658,hold,50.0
659,hold,50.5
660,hold,50.5
661,hold,49.5
662,hold,48.3
663,sell,49.0
664,buy,48.4
665,sell,49.2
666,buy,49.1
667,hold,48.5
668,hold,49.0
669,hold,48.4
670,hold,48.7
671,hold,49.3
672,hold,49.2
673,hold,49.2
674,hold,48.6
675,hold,48.6
676,hold,47.7
677,hold,48.2
678,hold,48.2
679,hold,49.7
680,hold,50.5
681,hold,49.3
682,hold,49.5
683,hold,51.0
684,hold,51.5
685,hold,52.0
686,hold,52.0
687,hold,52.0
688,hold,51.5
689,hold,51.5
690,hold,50.5
691,hold,50.0
692,hold,49.5
693,hold,50.0
694,hold,51.5
695,hold,51.0
696,hold,51.5
697,hold,52.0
698,hold,52.5
699,hold,52.5
700,hold,53.0
701,hold,53.0
702,hold,52.5
703,hold,52.5
704,hold,52.0
705,hold,52.5
706,hold,52.5
707,hold,52.5
708,hold,51.5
709,hold,52.5
710,hold,52.5
711,hold,52.0
712,hold,52.0
713,hold,51.5
714,hold,51.5
715,hold,52.0
716,hold,50.0
717,sell,50.5
718,hold,52.0
719,buy,52.5
720,hold,52.0
721,hold,53.0
722,hold,54.0
723,hold,53.5
724,hold,54.0
725,hold,54.0
726,hold,55.0
727,hold,55.0
728,hold,56.0
729,hold,56.0
730,hold,55.5
731,hold,55.5
732,hold,55.0
733,hold,55.5
734,hold,55.5
735,hold,55.5
736,hold,56.0
737,hold,55.0
738,hold,54.0
739,hold,55.0
740,hold,56.0
741,hold,56.5
742,hold,58.0
743,hold,58.0
744,hold,57.0
745,hold,58.0
746,hold,58.0
747,hold,57.5
748,hold,56.5
749,hold,57.5
750,hold,57.0
751,hold,56.5
752,hold,57.5
753,hold,57.0
754,hold,56.5
755,hold,55.5
756,hold,54.5
757,hold,54.5
758,hold,54.0
759,sell,54.0
760,hold,55.0
761,buy,55.0
762,hold,55.0
763,hold,55.5
764,hold,56.5
765,hold,57.0
766,hold,57.0
767,hold,57.0
768,hold,55.5
769,hold,56.0
770,hold,55.5
771,hold,54.0
772,hold,53.0
773,sell,53.5
774,buy,54.0
775,hold,54.0
776,hold,54.5
777,hold,55.5
778,hold,55.0
779,hold,56.0
780,hold,55.0
781,hold,54.0
782,hold,54.5
783,hold,53.0
784,hold,53.5
785,hold,52.5
786,hold,52.0
787,sell,52.0
788,buy,53.0
789,hold,54.5
790,hold,55.0
791,hold,51.5
792,hold,49.6
793,sell,49.8
794,hold,51.0
795,buy,50.5
796,hold,53.0
797,hold,53.0
798,hold,52.5
799,hold,53.0
800,hold,53.0
801,hold,54.0
802,hold,53.5
803,hold,54.0
804,hold,54.5
805,hold,53.5
806,hold,54.5
807,hold,54.0
808,hold,54.5
809,hold,54.5
810,hold,55.5
811,hold,55.0
812,hold,55.0
813,hold,54.5
814,hold,54.5
815,hold,54.0
816,hold,53.5
817,hold,53.0
818,hold,52.5
819,hold,51.0
820,sell,47.5
821,hold,47.0
822,hold,48.0
823,hold,46.0
824,hold,46.5
825,buy,47.7
826,hold,45.2
827,hold,46.0
828,hold,46.2
829,hold,46.2
830,hold,46.0
831,hold,42.9
832,hold,43.0
833,hold,45.3
834,hold,44.8
835,hold,45.1
836,hold,44.7
837,hold,46.3
838,hold,47.3
839,hold,46.8
840,hold,47.8
841,hold,47.2
842,hold,47.4
843,hold,47.2
844,hold,46.8
845,hold,46.8
846,hold,48.0
847,hold,49.0
848,hold,48.8
849,hold,48.9
850,hold,48.4
851,hold,47.1
852,hold,43.8
853,sell,43.9
854,buy,44.5
855,hold,44.4
856,hold,45.0
857,hold,46.7
858,hold,46.7
859,hold,46.6
860,hold,46.3
861,hold,46.6
862,hold,47.5
863,hold,47.9
864,hold,47.6
865,hold,47.5
866,hold,48.0
867,hold,48.6
868,hold,48.4
869,hold,48.3
870,hold,48.4
871,hold,48.0
872,hold,47.7
873,hold,47.5
874,hold,47.9
875,hold,48.7
876,hold,47.3
877,hold,48.1
878,hold,48.3
879,hold,48.0
880,hold,48.0
881,hold,47.3
882,hold,46.6
883,sell,46.6
884,hold,47.2
885,buy,46.9
886,hold,46.7
887,hold,46.5
888,hold,47.3
889,hold,46.5
890,hold,46.7
891,hold,47.1
892,hold,46.2
893,hold,46.5
894,hold,46.7
895,hold,46.6
896,hold,46.6
897,hold,48.6
898,hold,49.3
899,hold,49.0
900,hold,50.5
901,hold,50.0
902,hold,49.6
903,hold,50.0
904,hold,51.0
905,hold,51.0
906,hold,51.5
907,hold,51.5
908,hold,52.5
909,hold,53.5
910,hold,53.0
911,hold,53.0
912,hold,53.0
913,hold,53.5
914,hold,53.0
915,hold,52.0
916,hold,52.5
917,hold,51.5
918,hold,53.0
919,hold,53.5
920,hold,53.0
921,hold,53.0
922,hold,52.0
923,hold,52.0
924,hold,52.0
925,hold,53.0
926,hold,55.5
927,hold,56.5
928,hold,55.5
929,hold,55.5
930,hold,56.5
931,hold,57.0
932,hold,56.5
933,hold,55.5
934,hold,56.0
935,hold,53.5
936,hold,53.0
937,hold,53.5
938,hold,53.5
939,hold,52.0
940,hold,51.5
941,hold,51.0
942,hold,50.0
943,sell,50.5
944,buy,51.0
945,hold,51.5
946,hold,50.0
947,hold,50.5
948,hold,50.5
949,hold,50.5
950,hold,51.5
951,hold,52.5
952,hold,52.5
953,hold,52.5
954,hold,52.0
955,hold,52.0
956,hold,52.0
957,hold,52.0
958,hold,52.5
959,hold,52.5
960,hold,52.5
961,hold,51.0
962,hold,50.5
963,hold,51.0
964,hold,51.0
965,hold,50.5
966,hold,51.0
967,hold,51.5
968,hold,51.0
969,hold,52.0
970,hold,52.5
971,hold,52.5
972,hold,52.0
973,hold,52.5
974,hold,52.5
975,hold,52.5
976,hold,52.0
977,hold,52.5
978,hold,53.5
979,hold,53.0
980,hold,53.0
981,hold,53.5
982,hold,53.0
983,hold,53.0
984,hold,53.0
985,hold,52.5
986,hold,52.5
987,hold,53.0
988,hold,54.0
989,hold,54.5
990,hold,54.5
991,hold,55.0
992,hold,53.5
993,hold,53.5
994,hold,53.0
995,hold,52.5
996,hold,52.5
997,hold,53.5
998,hold,54.0
999,hold,55.0
1000,hold,55.5
1001,hold,56.0
1002,hold,55.0
1003,hold,54.5
1004,hold,55.5
1005,hold,55.0
1006,hold,54.5
1007,hold,55.5
1008,hold,55.0
1009,hold,55.5
1010,hold,55.0
1011,hold,55.5
1012,hold,56.0
1013,hold,56.0
1014,hold,56.5
1015,hold,56.5
1016,hold,57.0
1017,hold,56.5
1018,hold,55.5
1019,hold,56.0
1020,hold,56.5
1021,hold,56.0
1022,hold,56.5
1023,hold,57.0
1024,hold,57.0
1025,hold,59.2
1026,hold,59.2
1027,hold,58.9
1028,hold,59.5
1029,hold,60.0
1030,hold,59.2
1031,hold,60.5
1032,hold,60.8
1033,hold,60.4
1034,hold,59.8
1035,hold,58.5
1036,hold,58.1
1037,hold,57.7
1038,hold,58.6
1039,hold,58.6
1040,hold,57.8
1041,hold,56.5
1042,hold,56.0
1043,sell,57.2
1044,buy,56.9
1045,hold,56.3
1046,hold,57.0
1047,hold,56.5
1048,hold,55.8
1049,hold,55.8
1050,hold,55.4
1051,hold,55.2
1052,hold,55.1
1053,hold,55.5
1054,hold,55.3
1055,hold,55.1
1056,hold,55.1
1057,hold,53.6
1058,sell,52.7
1059,hold,53.4
1060,buy,52.6
1061,sell,52.1
1062,hold,52.1
1063,buy,51.7
1064,hold,51.4
1065,hold,52.2
1066,hold,53.2
1067,hold,53.7
1068,hold,53.1
1069,hold,53.5
1070,hold,54.7
1071,hold,55.0
1072,hold,54.7
1073,hold,54.1
1074,hold,53.9
1075,hold,53.5
1076,hold,53.5
1077,hold,52.0
1078,hold,51.8
1079,hold,51.4
1080,hold,52.2
1081,hold,52.4
1082,hold,52.2
1083,hold,52.1
1084,hold,52.0
1085,hold,52.2
1086,hold,52.4
1087,hold,52.8
1088,hold,53.4
1089,hold,52.7
1090,hold,53.2
1091,hold,53.9
1092,hold,54.3
1093,hold,53.5
1094,hold,53.7
1095,hold,53.7
1096,hold,53.9
1097,hold,54.3
1098,hold,55.8
1099,hold,55.9
1100,hold,55.9
1101,hold,56.5
1102,hold,57.9
1103,hold,58.2
1104,hold,52.9
1105,hold,51.5
1106,hold,51.3
1107,hold,50.9
1108,hold,51.3
1109,hold,50.6
1110,hold,51.8
1111,hold,50.8
1112,hold,50.6
1113,hold,50.2
1114,hold,49.95
1115,hold,50.2
1116,hold,49.9
1117,hold,50.4
1118,hold,50.3
1119,hold,50.5
1120,hold,50.7
1121,hold,50.4
1122,hold,50.5
1123,hold,50.6
1124,hold,50.2
1125,hold,50.1
1126,hold,50.4
1127,hold,50.4
1128,hold,50.0
1129,hold,49.9
1130,hold,49.5
1131,sell,49.15
1132,hold,49.65
1133,buy,50.4
1134,hold,50.1
1135,hold,49.8
1136,hold,50.2
1137,hold,49.85
1138,hold,50.2
1139,hold,50.9
1140,hold,50.1
1141,hold,49.75
1142,hold,49.55
1143,hold,49.5
1144,hold,49.3
1145,hold,49.6
1146,hold,49.7
1147,hold,49.35
1148,hold,49.45
1149,hold,49.45
1150,hold,49.2
1151,hold,49.2
1152,hold,48.8
1153,sell,49.6
1154,buy,49.3
1155,hold,49.6
1156,hold,49.6
1157,hold,49.6
1158,hold,49.05
1159,hold,49.25
1160,hold,49.3
1161,hold,49.4
1162,hold,49.25
1163,hold,49.0
1164,hold,49.2
1165,hold,49.1
1166,hold,48.9
1167,hold,48.9
1168,hold,49.2
1169,hold,48.95
1170,hold,48.75
1171,hold,48.05
1172,sell,47.7
1173,hold,48.6
1174,buy,48.6
1175,hold,49.0
1176,hold,48.85
1177,hold,48.85
1178,hold,48.5
1179,hold,48.8
1180,hold,49.25
1181,hold,49.5
1182,hold,49.4
1183,hold,49.05
1184,hold,49.5
1185,hold,49.0
1186,hold,48.9
1187,hold,48.5
1188,hold,47.95
1189,hold,48.0
1190,hold,48.9
1191,hold,49.65
1192,hold,50.5
1193,hold,50.6
1194,hold,50.6
1195,hold,50.8
1196,hold,50.7
1197,hold,51.0
1198,hold,50.9
1199,hold,50.7
1200,hold,51.5
1201,hold,51.2
1202,hold,51.5
1203,hold,51.3
1204,hold,51.3
1205,hold,51.1
1206,hold,51.0
1207,hold,50.8
1208,hold,50.3
1209,hold,49.9
1210,hold,50.3
1211,hold,49.95
1212,sell,50.2
1213,buy,50.4
1214,hold,50.0
1215,hold,50.3
1216,hold,50.2
1217,hold,49.3
1218,sell,49.3
1219,buy,49.55
1220,hold,50.0
1221,hold,49.6
1222,hold,49.3
1223,hold,49.75
1224,hold,49.8
1225,hold,49.8
1226,hold,50.0
1227,hold,50.7
1228,hold,51.0
1229,hold,51.0
1230,hold,51.5
1231,hold,51.0
1232,hold,51.2
1233,hold,51.2
1234,hold,50.8
1235,hold,50.9
1236,hold,51.3
1237,hold,50.5
1238,hold,50.1
1239,hold,50.9
1240,hold,51.0
1241,hold,51.2
1242,hold,51.1
1243,hold,50.9
1244,hold,51.2
1245,hold,52.4
1246,hold,52.7
1247,hold,52.5
1248,hold,52.2
1249,hold,51.7
1250,hold,50.7
1251,hold,51.1
1252,hold,50.9
1253,hold,50.9
1254,hold,50.9
1255,hold,51.8
1256,hold,52.1
1257,hold,52.7
1258,hold,53.2
1259,hold,52.3
1260,hold,52.5
1261,hold,51.8
1262,hold,51.0
1263,hold,51.4
1264,hold,51.3
1265,hold,51.4
1266,hold,51.6
1267,hold,51.4
1268,hold,51.1
1269,hold,51.1
1270,hold,50.6
1271,hold,51.7
1272,hold,51.5
1273,hold,51.2
1274,hold,51.3
1275,hold,51.0
1276,hold,51.3
1277,hold,50.5
1278,hold,50.0
1279,sell,50.6
1280,buy,50.3
1281,hold,50.4
1282,hold,50.4
1283,hold,50.1
1284,hold,50.3
1285,hold,51.4
1286,hold,50.7
1287,hold,50.5
1288,hold,50.4
1289,hold,50.5
1290,hold,50.5
1291,hold,50.6
1292,hold,50.3
1293,hold,50.6
1294,hold,50.9
1295,hold,50.6
1296,hold,50.8
1297,hold,50.8
1298,hold,51.4
1299,hold,51.3
1300,hold,51.1
1301,hold,50.8
1302,hold,50.9
1303,hold,51.1
1304,hold,51.6
1305,hold,52.1
1306,hold,51.8
1307,hold,51.8
1308,hold,51.8
1309,hold,51.1
1310,hold,50.7
1311,hold,50.7
1312,hold,51.4
1313,hold,51.0
1314,hold,50.9
1315,hold,50.6
1316,hold,50.5
1317,hold,50.4
1318,hold,50.8
1319,hold,51.0
1320,hold,50.8
1321,hold,50.8
1322,hold,51.0
1323,hold,50.6
1324,hold,50.1
1325,hold,50.1
1326,hold,50.0
1327,hold,49.6
1328,sell,49.65
1329,hold,49.3
1330,hold,49.0
1331,hold,48.65
1332,hold,48.5
1333,hold,49.1
1334,buy,48.9
1335,hold,48.15
1336,sell,48.25
1337,buy,48.8
1338,hold,48.1
1339,hold,49.05
1340,hold,48.2
1341,hold,46.95
1342,sell,46.95
1343,hold,46.6
1344,hold,46.0
1345,hold,46.1
1346,hold,46.2
1347,buy,47.55
1348,hold,48.85
1349,hold,47.8
1350,hold,48.2
1351,hold,48.9
1352,hold,48.3
1353,hold,48.65
1354,hold,49.0
1355,hold,49.0
1356,hold,49.2
1357,hold,49.1
1358,hold,49.2
1359,hold,49.05
1360,hold,45.5
1361,hold,45.5
1362,hold,45.4
1363,hold,45.25
1364,hold,45.2
1365,hold,45.0
1366,hold,45.15
1367,hold,44.65
1368,hold,44.0
1369,hold,44.0
1370,hold,44.0
1371,hold,44.25
1372,hold,44.15
1373,hold,44.25
1374,hold,44.45
1375,hold,44.85
1376,hold,45.0
1377,hold,45.15
1378,hold,45.2
1379,hold,45.1
1380,hold,45.05
1381,hold,44.7
1382,hold,44.25
1383,hold,44.35
1384,hold,44.85
1385,hold,45.5
1386,hold,45.3
1387,hold,45.1
1388,hold,44.9
1389,hold,44.9
1390,hold,45.0
1391,hold,44.65
1392,hold,44.9
1393,hold,44.3
1394,sell,44.9
1395,buy,44.7
1396,hold,45.0
1397,hold,45.0
1398,hold,44.75
1399,hold,44.6
1400,hold,44.85
1401,hold,44.8
1402,hold,45.2
1403,hold,45.5
1404,hold,45.5
1405,hold,45.55
1406,hold,45.45
1407,hold,45.4
1408,hold,45.55
1409,hold,45.5
1410,hold,45.4
1411,hold,45.15
1412,hold,45.65
1413,hold,46.2
1414,hold,46.1
1415,hold,46.3
1416,hold,46.65
1417,hold,46.65
1418,hold,46.7
1419,hold,46.95
1420,hold,47.5
1421,hold,47.1
1422,hold,47.25
1423,hold,47.65
1424,hold,47.5
1425,hold,46.9
1426,hold,47.3
1427,hold,47.2
1428,hold,46.95
1429,hold,47.0
1430,hold,47.25
1431,hold,47.7
1432,hold,47.35
1433,hold,47.0
1434,hold,47.0
1435,hold,47.0
1436,hold,47.25
1437,hold,48.35
1438,hold,48.6
1439,hold,49.4
1440,hold,49.5
1441,hold,48.4
1442,hold,48.9
1443,hold,48.7
1444,hold,49.6
1445,hold,49.95
1446,hold,50.0
1447,hold,50.1
1448,hold,49.75
1449,hold,49.7
1450,hold,49.65
1451,hold,49.9
1452,hold,50.4
1453,hold,50.2
1454,hold,50.0
1455,hold,50.0
1456,hold,49.9
1457,hold,50.3
1458,hold,50.5
1459,hold,51.0
1460,hold,52.0
1461,hold,52.0
1462,hold,52.0
1463,hold,52.5
1464,hold,53.0
1465,hold,53.1
1466,hold,54.2
1467,hold,54.3
1468,hold,54.4
1469,hold,53.7
1470,hold,53.1
1471,hold,53.5
1472,hold,52.8
1473,hold,52.5
1474,hold,52.8
1475,hold,53.0
1476,hold,53.3
1477,hold,53.1
1478,hold,53.2
1479,hold,53.1
1480,hold,53.2
1481,hold,53.0
1482,hold,53.8
1483,hold,54.2
1484,hold,53.9
1485,hold,54.1
1486,hold,54.4
1487,hold,54.2
1488,hold,54.0
1489,hold,53.0
1490,hold,52.9
1491,hold,53.3
1492,hold,52.6
1493,hold,52.1
1494,sell,53.0
1495,buy,53.2
1496,hold,53.4
1497,hold,53.5
1498,hold,53.8
1499,hold,53.9
1500,hold,54.5
1501,hold,54.5
1502,hold,55.3
1503,hold,55.5
1504,hold,54.5
1505,hold,54.7
1506,hold,55.0
1507,hold,55.4
1508,hold,55.4
1509,hold,55.6
1510,hold,55.9
1511,hold,57.1
1512,hold,57.0
1513,hold,57.4
1514,hold,57.5
1515,hold,57.5
1516,hold,57.5
1517,hold,58.2
1518,hold,59.1
1519,hold,58.6
1520,hold,57.8
1521,hold,57.7
1522,hold,57.0
1523,hold,56.5
1524,hold,57.0
1525,hold,58.2
1526,hold,58.1
1527,hold,58.2
1528,hold,58.4
1529,hold,58.5
1530,hold,58.2
1531,hold,60.0
1532,hold,60.8
1533,hold,60.3
1534,hold,60.3
1535,hold,60.1
1536,hold,61.4
1537,hold,61.6
1538,hold,62.1
1539,hold,61.9
1540,hold,61.6
1541,hold,61.6
1542,hold,62.8
1543,hold,63.0
1544,hold,63.5
1545,hold,64.1
1546,hold,65.6
1547,hold,65.6
1548,hold,65.6
1549,hold,64.7
1550,hold,63.9
1551,hold,63.9
1552,hold,65.5
1553,hold,64.8
1554,hold,65.2
1555,hold,64.1
1556,hold,64.0
1557,hold,64.9
1558,hold,65.1
1559,hold,64.5
1560,hold,65.0
1561,hold,63.9
1562,hold,63.8
1563,hold,63.9
1564,hold,63.6
1565,hold,64.3
1566,hold,64.6
1567,hold,65.0
1568,hold,65.0
1569,hold,65.2
1570,hold,64.9
1571,hold,65.0
1572,hold,64.9
1573,hold,64.9
1574,hold,67.7
1575,hold,68.6
1576,hold,72.4
1577,hold,71.2
1578,hold,72.0
1579,hold,71.5
1580,hold,70.6
1581,hold,70.1
1582,hold,69.8
1583,hold,69.8
1584,hold,67.7
1585,hold,70.5
1586,hold,70.1
1587,hold,71.1
1588,hold,70.4
1589,hold,70.4
1590,hold,70.6
1591,hold,70.6
1592,hold,71.0
1593,hold,71.0
1594,hold,71.3
1595,hold,73.7
1596,hold,78.8
1597,hold,81.3
1598,hold,81.2
1599,hold,81.2
1600,hold,85.5
1601,hold,86.0
1602,hold,84.5
1603,hold,83.9
1604,hold,83.4
1605,hold,82.6
1606,hold,80.0
1607,hold,80.7
1608,hold,79.9
1609,hold,78.2
1610,hold,80.1
1611,hold,79.2
1612,hold,78.8
1613,hold,80.2
1614,hold,83.8
1615,hold,84.0
1616,hold,84.5
1617,hold,83.1
1618,hold,83.0
1619,hold,83.2
1620,hold,82.7
1621,hold,85.0
1622,hold,84.2
1623,hold,85.1
1624,hold,81.6
1625,hold,79.3
1626,hold,81.0
1627,hold,76.9
1628,sell,78.4
1629,buy,79.1
1630,hold,79.1
1631,hold,79.2
1632,hold,82.3
1633,hold,83.6
1634,hold,82.0
1635,hold,82.5
1636,hold,81.5
1637,hold,78.4
1638,hold,75.3
1639,sell,74.0
1640,hold,78.0
1641,buy,79.0
1642,hold,78.6
1643,hold,80.2
1644,hold,79.7
1645,hold,79.7
1646,hold,79.1
1647,hold,78.0
1648,hold,79.0
1649,hold,82.0
1650,hold,82.9
1651,hold,83.0
1652,hold,82.1
1653,hold,83.0
1654,hold,82.5
1655,hold,80.8
1656,hold,81.5
1657,hold,81.5
1658,hold,80.3
1659,hold,82.0
1660,hold,80.6
1661,hold,83.6
1662,hold,85.9
1663,hold,88.5
1664,hold,91.0
1665,hold,92.0
1666,hold,92.0
1667,hold,90.9
1668,hold,93.9
1669,hold,97.7
1670,hold,99.5
1671,hold,97.5
1672,hold,98.3
1673,hold,98.4
1674,hold,98.1
1675,hold,99.5
1676,hold,98.0
1677,hold,96.7
1678,hold,98.5
1679,hold,97.8
1680,hold,98.7
1681,hold,97.3
1682,hold,95.1
1683,hold,96.6
1684,hold,96.7
1685,hold,98.0
1686,hold,97.9
1687,hold,99.4
1688,hold,98.7
1689,hold,99.8
1690,hold,98.8
1691,hold,95.2
1692,sell,97.0
1693,buy,95.2
1694,hold,98.5
1695,hold,96.3
1696,hold,98.0
1697,hold,97.0
1698,hold,97.0
1699,hold,98.4
1700,hold,97.6
1701,hold,93.2
1702,sell,87.7
1703,hold,84.8
1704,hold,84.5
1705,hold,86.0
1706,buy,84.0
1707,hold,88.6
1708,hold,86.0
1709,hold,85.0
1710,hold,87.5
1711,hold,87.6
1712,hold,89.3
1713,hold,89.0
1714,hold,87.7
1715,hold,89.6
1716,hold,91.2
1717,hold,90.7
1718,hold,91.2
1719,hold,89.0
1720,hold,85.1
1721,hold,87.2
1722,hold,85.5
1723,hold,85.1
1724,hold,86.5
1725,hold,85.7
1726,hold,87.9
1727,hold,89.0
1728,hold,89.1
1729,hold,89.0
1730,hold,90.9
1731,hold,90.9
1732,hold,91.1
1733,hold,88.0
1734,hold,88.5
1735,hold,90.0
1736,hold,88.5
1737,hold,92.4
1738,hold,96.5
1739,hold,96.2
1740,hold,94.6
1741,hold,100.5
1742,hold,99.5
1743,hold,96.2
1744,hold,93.9
1745,hold,91.8
1746,hold,89.7
1747,hold,84.8
1748,hold,86.0
1749,hold,89.0
1750,hold,89.0
1751,hold,85.0
1752,hold,81.9
1753,hold,77.5
1754,sell,72.9
1755,hold,77.1
1756,buy,79.0
1757,hold,81.6
1758,hold,84.0
1759,hold,82.2
1760,hold,82.0
1761,hold,83.5
1762,hold,82.9
1763,hold,84.1
1764,hold,84.0
1765,hold,85.5
1766,hold,84.8
1767,hold,86.0
1768,hold,85.1
1769,hold,86.9
1770,hold,90.0
1771,hold,92.5
1772,hold,93.0
1773,hold,93.4
1774,hold,92.9
1775,hold,91.1
1776,hold,93.0
1777,hold,90.4
1778,hold,90.4
1779,hold,90.0
1780,hold,92.2
1781,hold,94.0
1782,hold,96.3
1783,hold,99.0
1784,hold,103.0
1785,hold,99.3
1786,hold,99.3
1787,hold,96.3
1788,hold,95.7
1789,hold,91.9
1790,hold,88.2
1791,hold,89.2
1792,hold,87.3
1793,hold,87.6
1794,hold,89.0
1795,hold,88.6
1796,hold,91.0
1797,hold,91.0
1798,hold,91.0
1799,hold,90.6
1800,hold,90.5
1801,hold,91.0
1802,hold,91.2
1803,hold,91.9
1804,hold,89.8
1805,hold,89.5
1806,hold,89.2
1807,hold,88.2
1808,hold,91.4
1809,hold,88.6
1810,hold,87.0
1811,sell,88.4
1812,buy,87.2
1813,hold,85.4
1814,sell,85.6
1815,hold,86.2
1816,buy,86.3
1817,hold,87.1
1818,hold,89.2
1819,hold,89.2
1820,hold,91.5
1821,hold,91.0
1822,hold,91.6
1823,hold,89.0
1824,hold,88.0
1825,hold,87.8
1826,hold,86.9
1827,hold,86.3
1828,hold,86.8
1829,hold,85.3
1830,hold,86.8
1831,hold,85.8
1832,hold,87.1
1833,hold,85.6
1834,hold,83.0
1835,sell,82.5
1836,hold,82.0
1837,hold,82.5
1838,buy,81.0
1839,hold,83.0
1840,hold,81.0
1841,hold,81.1
1842,hold,82.6
1843,hold,83.9
1844,hold,83.6
1845,hold,81.1
1846,hold,78.2
1847,sell,79.5
1848,buy,78.0
1849,hold,80.4
1850,hold,80.0
1851,hold,76.5
1852,sell,73.2
1853,hold,73.7
1854,hold,74.0
1855,buy,73.5
1856,hold,68.8
1857,sell,71.8
1858,buy,62.9
1859,sell,64.1
1860,hold,64.0
1861,buy,63.0
1862,hold,62.0
1863,hold,59.5
1864,hold,60.5
1865,hold,63.9
1866,hold,60.8
1867,hold,62.0
1868,hold,62.6
1869,hold,66.6
1870,hold,67.6
1871,hold,66.6
1872,hold,64.4
1873,hold,65.0
1874,hold,65.1
1875,hold,65.5
1876,hold,64.3
1877,hold,64.1
1878,hold,67.0
1879,hold,65.9
1880,hold,67.4
1881,hold,66.9
1882,hold,65.0
1883,hold,64.1
1884,hold,64.2
1885,hold,63.4
1886,hold,62.5
1887,hold,63.0
1888,hold,63.0
1889,hold,62.2
1890,hold,62.1
1891,hold,61.8
1892,hold,60.3
1893,sell,60.7
1894,buy,60.2
1895,hold,61.9
1896,hold,61.5
1897,hold,61.0
1898,hold,60.8
1899,hold,59.7
1900,hold,58.1
1901,sell,59.9
1902,buy,57.0
1903,sell,56.8
1904,hold,55.5
1905,hold,56.8
1906,buy,55.6
1907,hold,53.2
1908,sell,54.1
1909,buy,54.0
1910,hold,57.0
1911,hold,57.0
1912,hold,56.6
1913,hold,55.1
1914,hold,54.4
1915,hold,54.2
1916,hold,51.1
1917,sell,51.8
1918,buy,52.7
1919,hold,52.7
1920,hold,51.9
1921,hold,52.5
1922,hold,51.1
1923,hold,51.3
1924,hold,52.0
1925,hold,54.6
1926,hold,53.9
1927,hold,52.1
1928,hold,52.1
1929,hold,51.2
1930,hold,51.9
1931,hold,51.9
1932,hold,51.1
1933,hold,49.35
1934,sell,49.35
1935,buy,49.85
1936,hold,50.0
1937,hold,53.5
1938,hold,55.6
1939,hold,57.0
1940,hold,57.1
1941,hold,57.4
1942,hold,55.4
1943,hold,55.5
1944,hold,55.6
1945,hold,54.9
1946,hold,53.1
1947,hold,53.1
1948,hold,53.3
1949,hold,54.0
1950,hold,54.0
1951,hold,53.8
1952,hold,51.0
1953,hold,47.9
1954,sell,47.9
1955,buy,47.4
1956,hold,47.4
1957,hold,48.65
1958,hold,48.65
1959,hold,49.0
1960,hold,48.9
1961,hold,48.9
1962,hold,48.85
1963,hold,48.75
1964,hold,48.75
1965,hold,48.4
1966,hold,49.1
1967,hold,47.65
1968,hold,46.8
1969,hold,46.8
1970,hold,46.0
1971,hold,45.2
1972,sell,45.65
1973,buy,45.3
1974,hold,44.5
1975,sell,43.4
1976,hold,42.6
1977,hold,41.75
1978,hold,43.15
1979,buy,42.9
1980,hold,44.45
1981,hold,43.6
1982,hold,43.2
1983,hold,45.0
1984,hold,48.15
1985,hold,47.1
1986,hold,47.8
1987,hold,47.15
1988,hold,48.0
1989,hold,48.0
1990,hold,47.25
1991,hold,45.4
1992,hold,45.15
1993,hold,46.3
1994,hold,47.45
1995,hold,46.3
1996,hold,47.55
1997,hold,48.0
1998,hold,48.0
1999,hold,47.4
2000,hold,46.6
2001,hold,47.3
2002,hold,47.8
2003,hold,48.3
2004,hold,48.95
2005,hold,47.4
2006,hold,48.2
2007,hold,48.0
2008,hold,48.2
2009,hold,48.1
2010,hold,48.0
2011,hold,47.1
2012,hold,47.5
2013,hold,46.8
2014,hold,47.2
2015,hold,47.6
2016,hold,47.7
2017,hold,46.5
2018,sell,46.55
2019,hold,47.1
2020,buy,48.4
2021,hold,48.5
2022,hold,49.3
2023,hold,49.4
2024,hold,52.7
2025,hold,52.3
2026,hold,53.2
2027,hold,54.0
2028,hold,55.2
2029,hold,54.4
2030,hold,53.1
2031,hold,53.6
2032,hold,55.4
2033,hold,55.4
2034,hold,55.3
2035,hold,54.9
2036,hold,54.0
2037,hold,52.5
2038,hold,51.1
2039,hold,51.9
2040,hold,53.9
2041,hold,53.1
2042,hold,53.6
2043,hold,54.0
2044,hold,54.7
2045,hold,56.0
2046,hold,57.0
2047,hold,57.0
2048,hold,56.7
2049,hold,56.5
2050,hold,57.0
2051,hold,56.1
2052,hold,56.8
2053,hold,57.4
2054,hold,56.6
2055,hold,57.0
2056,hold,56.1
2057,hold,54.8
2058,hold,54.0
2059,hold,54.5
2060,hold,58.3
2061,hold,62.3
2062,hold,63.2
2063,hold,65.0
2064,hold,64.5
2065,hold,64.4
2066,hold,64.0
2067,hold,63.0
2068,hold,62.1
2069,hold,61.2
2070,hold,62.7
2071,hold,62.3
2072,hold,61.5
2073,hold,60.8
2074,hold,61.4
2075,hold,61.0
2076,hold,61.2
2077,hold,64.3
2078,hold,63.0
2079,hold,63.7
2080,hold,62.7
2081,hold,62.7
2082,hold,60.6
2083,hold,60.3
2084,hold,61.5
2085,hold,60.0
2086,hold,59.9
2087,hold,60.0
2088,hold,61.2
2089,hold,60.0
2090,hold,60.0
2091,hold,59.8
2092,hold,59.9
2093,hold,59.5
2094,hold,60.3
2095,hold,59.6
2096,hold,57.0
2097,sell,58.4
2098,buy,57.2
2099,sell,57.9
2100,buy,57.4
2101,hold,58.5
2102,hold,58.8
2103,hold,59.2
2104,hold,59.0
2105,hold,58.6
2106,hold,59.0
2107,hold,53.6
2108,sell,54.5
2109,hold,54.8
2110,buy,53.4
2111,sell,53.5
2112,buy,54.1
2113,hold,54.4
2114,hold,54.6
2115,hold,55.5
2116,hold,56.5
2117,hold,56.5
2118,hold,56.3
2119,hold,56.0
2120,hold,57.0
2121,hold,56.9
2122,hold,56.7
2123,hold,56.4
2124,hold,56.4
2125,hold,56.2
2126,hold,57.6
2127,hold,58.7
2128,hold,58.9
2129,hold,58.3
2130,hold,58.8
2131,hold,59.1
2132,hold,60.5
2133,hold,62.5
2134,hold,61.0
2135,hold,59.5
2136,hold,58.7
2137,hold,58.3
2138,hold,59.3
2139,hold,61.7
2140,hold,61.0
2141,hold,60.0
2142,hold,59.4
2143,hold,60.5
2144,hold,59.2
2145,hold,59.7
2146,hold,59.5
2147,hold,60.4
2148,hold,60.0
2149,hold,60.2
2150,hold,61.2
2151,hold,61.1
2152,hold,63.6
2153,hold,63.8
2154,hold,64.2
2155,hold,65.0
2156,hold,67.1
2157,hold,67.5
2158,hold,66.6
2159,hold,67.0
2160,hold,67.4
2161,hold,66.2
2162,hold,63.8
2163,hold,64.0
2164,hold,64.0
2165,hold,65.0
2166,hold,65.5
2167,hold,66.2
2168,hold,64.6
2169,hold,65.7
2170,hold,67.0
2171,hold,66.9
2172,hold,66.2
2173,hold,67.0
2174,hold,67.2
2175,hold,66.9
2176,hold,67.1
2177,hold,67.0
2178,hold,66.0
2179,hold,66.3
2180,hold,66.1
2181,hold,65.2
2182,hold,64.6
2183,hold,64.6
2184,hold,66.3
2185,hold,66.1
2186,hold,65.0
2187,hold,63.9
2188,sell,63.2
2189,hold,63.1
2190,hold,62.8
2191,hold,63.7
2192,buy,62.9
2193,hold,63.3
2194,hold,64.6
2195,hold,65.9
2196,hold,66.5
2197,hold,66.7
2198,hold,66.1
2199,hold,67.0
2200,hold,66.5
2201,hold,66.1
2202,hold,66.2
2203,hold,65.1
2204,hold,64.5
2205,hold,65.6
2206,hold,66.1
2207,hold,65.5
2208,hold,63.5
2209,hold,63.9
2210,hold,64.6
2211,hold,65.9
2212,hold,66.2
2213,hold,65.5
2214,hold,66.1
2215,hold,66.2
2216,hold,65.6
2217,hold,64.5
2218,hold,65.7
2219,hold,65.9
2220,hold,65.9
2221,hold,65.0
2222,hold,65.5
2223,hold,65.5
2224,hold,65.3
2225,hold,65.6
2226,hold,65.9
2227,hold,66.5
2228,hold,66.2
2229,hold,66.8
2230,hold,66.8
2231,hold,66.6
2232,hold,67.3
2233,hold,67.0
2234,hold,67.8
2235,hold,70.0
2236,hold,70.0
2237,hold,70.6
2238,hold,71.3
2239,hold,71.0
2240,hold,70.0
2241,hold,70.8
2242,hold,70.5
2243,hold,69.8
2244,hold,68.3
2245,hold,68.0
2246,hold,67.9
2247,hold,66.8
2248,hold,66.4
2249,hold,64.2
2250,sell,65.6
2251,buy,66.5
2252,hold,66.6
2253,hold,67.3
2254,hold,66.2
2255,hold,67.0
2256,hold,66.5
2257,hold,65.0
2258,hold,66.0
2259,hold,65.9
2260,hold,65.7
2261,hold,65.9
2262,hold,67.4
2263,hold,68.9
2264,hold,68.3
2265,hold,68.6
2266,hold,69.2
2267,hold,68.8
2268,hold,68.7
2269,hold,69.1
2270,hold,69.4
2271,hold,70.0
2272,hold,70.0
2273,hold,70.0
2274,hold,70.0
2275,hold,69.9
2276,hold,69.9
2277,hold,69.9
2278,hold,70.2
2279,hold,70.6
2280,hold,71.0
2281,hold,71.0
2282,hold,70.2
2283,hold,69.8
2284,hold,69.8
2285,hold,69.7
2286,hold,70.8
2287,hold,70.5
2288,hold,70.7
2289,hold,70.0
2290,hold,71.3
2291,hold,71.2
2292,hold,71.1
2293,hold,71.1
2294,hold,69.8
2295,hold,69.7
2296,hold,70.0
2297,hold,70.0
2298,hold,70.8
2299,hold,71.3
2300,hold,70.5
2301,hold,69.4
2302,hold,69.2
2303,hold,69.6
2304,hold,68.7
2305,sell,68.7
2306,hold,70.5
2307,buy,70.4
2308,hold,69.4
2309,hold,69.2
2310,hold,70.0
2311,hold,70.0
2312,hold,69.3
2313,hold,67.6
2314,sell,67.0
2315,hold,66.5
2316,hold,67.5
2317,buy,66.4
2318,hold,66.0
2319,hold,67.5
2320,hold,67.9
2321,hold,67.2
2322,hold,66.9
2323,hold,66.2
2324,hold,65.2
2325,hold,64.5
2326,hold,65.2
2327,hold,64.0
2328,hold,64.0
2329,hold,63.9
2330,hold,64.2
2331,hold,64.6
2332,hold,63.2
2333,hold,63.0
2334,hold,64.0
2335,hold,64.2
2336,hold,63.7
2337,hold,64.4
2338,hold,63.6
2339,hold,64.0
2340,hold,64.9
2341,hold,66.4
2342,hold,67.2
2343,hold,68.5
2344,hold,67.7
2345,hold,68.9
2346,hold,68.3
2347,hold,68.1
2348,hold,67.4
2349,hold,66.2
2350,hold,67.5
2351,hold,66.9
2352,hold,68.0
2353,hold,66.2
2354,hold,66.4
2355,hold,67.7
2356,hold,69.7
2357,hold,70.0
2358,hold,71.3
2359,hold,72.3
2360,hold,72.5
2361,hold,71.6
2362,hold,72.2
2363,hold,69.1
2364,hold,68.6
2365,hold,67.6
2366,hold,67.8
2367,hold,68.5
2368,hold,67.9
2369,hold,69.0
2370,hold,68.0
2371,hold,66.7
2372,hold,67.1
2373,hold,67.8
2374,hold,66.9
2375,hold,67.8
2376,hold,68.4
2377,hold,68.8
2378,hold,68.3
2379,hold,68.8
2380,hold,69.2
2381,hold,69.3
2382,hold,69.6
2383,hold,70.0
2384,hold,70.4
2385,hold,70.4
2386,hold,70.0
2387,hold,69.9
2388,hold,71.2
2389,hold,70.5
2390,hold,70.9
2391,hold,70.5
2392,hold,69.1
2393,hold,69.5
2394,hold,69.7
2395,hold,71.0
2396,hold,71.0
2397,hold,71.2
2398,hold,72.0
2399,hold,71.9
2400,hold,71.8
2401,hold,72.0
2402,hold,71.9
2403,hold,71.7
2404,hold,72.5
2405,hold,75.0
2406,hold,74.9
2407,hold,75.5
2408,hold,74.8
2409,hold,74.9
2410,hold,75.3
2411,hold,75.3
2412,hold,76.1
2413,hold,76.5
2414,hold,77.4
2415,hold,77.5
2416,hold,76.8
2417,hold,76.7
2418,hold,77.0
2419,hold,77.7
2420,hold,77.6
2421,hold,77.5
2422,hold,77.7
2423,hold,77.5
2424,hold,76.2
2425,hold,75.7
2426,hold,77.7
2427,hold,82.0
2428,hold,82.0
2429,hold,80.0
2430,hold,79.5
2431,hold,81.5
2432,hold,83.2
2433,hold,84.5
2434,hold,86.9
2435,hold,90.0
2436,hold,91.4
2437,hold,90.3
2438,hold,87.8
2439,hold,89.5
2440,hold,89.0
2441,hold,89.5
2442,hold,90.6
2443,hold,92.9
2444,hold,94.5
2445,hold,94.6
2446,hold,94.0
2447,hold,92.3
2448,hold,89.6
2449,hold,88.1
2450,hold,90.5
2451,hold,89.3
2452,hold,90.7
2453,hold,90.6
2454,hold,90.0
2455,hold,90.1
2456,hold,90.5
2457,hold,90.7
2458,hold,90.7
2459,hold,91.5
2460,hold,90.7
2461,hold,93.9
2462,hold,94.0
2463,hold,93.8
2464,hold,95.0
2465,hold,95.3
2466,hold,95.7
2467,hold,95.2
2468,hold,93.0
2469,hold,93.6
2470,hold,94.2
2471,hold,96.0
2472,hold,96.0
2473,hold,97.3
2474,hold,96.6
2475,hold,96.1
2476,hold,96.2
2477,hold,96.7
2478,hold,96.3
2479,hold,96.3
2480,hold,96.7
2481,hold,96.6
2482,hold,97.1
2483,hold,97.5
2484,hold,97.0
2485,hold,96.7
2486,hold,95.7
2487,hold,95.1
2488,hold,91.8
2489,sell,91.6
2490,hold,92.2
2491,hold,92.6
2492,buy,93.7
2493,hold,94.0
2494,hold,94.2
2495,hold,95.5
2496,hold,96.7
2497,hold,95.7
2498,hold,96.9
2499,hold,96.1
2500,hold,95.8
2501,hold,96.3
2502,hold,97.1
2503,hold,99.3
2504,hold,102.0
2505,hold,101.5
2506,hold,101.0
2507,hold,101.0
2508,hold,98.0
2509,hold,100.0
2510,hold,98.6
2511,hold,99.5
2512,hold,103.0
2513,hold,105.0
2514,hold,103.0
2515,hold,98.8
2516,hold,99.3
2517,hold,99.5
2518,hold,99.4
2519,hold,94.8
2520,sell,95.3
2521,buy,97.5
2522,hold,97.0
2523,hold,96.7
2524,hold,94.9
2525,hold,92.2
2526,sell,92.8
2527,buy,98.2
2528,hold,98.0
2529,hold,98.2
2530,hold,99.4
2531,hold,99.0
2532,hold,101.5
2533,hold,100.5
2534,hold,101.5
2535,hold,100.5
2536,hold,100.5
2537,hold,100.0
2538,hold,103.0
2539,hold,104.5
2540,hold,103.5
2541,hold,104.0
2542,hold,106.0
2543,hold,106.0
2544,hold,104.5
2545,hold,105.0
2546,hold,104.0
2547,hold,106.0
2548,hold,105.0
2549,hold,104.0
2550,hold,105.5
2551,hold,105.0
2552,hold,107.0
2553,hold,114.0
2554,hold,112.5
2555,hold,110.5
2556,hold,111.0
2557,hold,114.5
2558,hold,115.5
2559,hold,117.0
2560,hold,116.0
2561,hold,113.5
2562,hold,112.5
2563,hold,111.5
2564,hold,112.0
2565,hold,114.5
2566,hold,116.5
2567,hold,115.0
2568,hold,114.0
2569,hold,112.5
2570,hold,115.0
2571,hold,116.0
2572,hold,115.5
2573,hold,114.5
2574,hold,116.0
2575,hold,114.5
2576,hold,113.0
2577,hold,113.0
2578,hold,113.0
2579,hold,109.0
2580,sell,110.0
2581,buy,113.5
2582,hold,113.5
2583,hold,115.0
2584,hold,113.5
2585,hold,112.5
2586,hold,112.0
2587,hold,109.0
2588,sell,106.0
2589,hold,107.0
2590,hold,110.5
2591,buy,109.5
2592,hold,108.5
2593,hold,106.0
2594,hold,103.0
2595,sell,101.0
2596,hold,98.4
2597,hold,96.5
2598,hold,95.7
2599,hold,97.0
2600,buy,100.0
2601,hold,103.5
2602,hold,106.0
2603,hold,108.0
2604,hold,110.5
2605,hold,111.5
2606,hold,109.0
2607,hold,110.0
2608,hold,103.5
2609,hold,101.5
2610,hold,107.0
2611,hold,109.5
2612,hold,109.5
2613,hold,110.0
2614,hold,109.0
2615,hold,110.5
2616,hold,109.0
2617,hold,111.0
2618,hold,110.0
2619,hold,111.0
2620,hold,107.5
2621,hold,109.5
2622,hold,108.5
2623,hold,101.0
2624,sell,94.0
2625,hold,94.1
2626,hold,91.4
2627,hold,89.5
2628,hold,84.3
2629,hold,83.6
2630,hold,86.2
2631,buy,85.8
2632,hold,84.7
2633,hold,85.7
2634,hold,85.5
2635,hold,85.8
2636,hold,86.0
2637,hold,83.4
2638,hold,84.7
2639,hold,87.9
2640,hold,88.5
2641,hold,88.8
2642,hold,90.1
2643,hold,90.1
2644,hold,89.4
2645,hold,90.1
2646,hold,90.5
2647,hold,91.9
2648,hold,88.1
2649,hold,85.0
2650,hold,85.4
2651,hold,84.6
2652,hold,84.5
2653,hold,81.4
2654,sell,81.0
2655,hold,81.7
2656,buy,83.0
2657,hold,83.2
2658,hold,83.0
2659,hold,82.5
2660,hold,79.8
2661,hold,77.3
2662,hold,77.2
2663,hold,80.9
2664,hold,80.0
2665,hold,80.0
2666,hold,81.7
2667,hold,77.3
2668,hold,77.3
2669,hold,77.1
2670,hold,82.4
2671,hold,86.2
2672,hold,88.0
2673,hold,86.5
2674,hold,86.9
2675,hold,83.5
2676,hold,85.1
2677,hold,84.1
2678,hold,84.9
2679,hold,84.8
2680,hold,85.5
2681,hold,87.9
2682,hold,88.0
2683,hold,88.0
2684,hold,88.1
2685,hold,89.3
2686,hold,89.0
2687,hold,89.1
2688,hold,88.9
2689,hold,86.6
2690,hold,88.1
2691,hold,88.7
2692,hold,87.4
2693,hold,88.0
2694,hold,86.9
2695,hold,86.4
2696,hold,89.9
2697,hold,89.8
2698,hold,87.5
2699,hold,85.2
2700,sell,80.3
2701,hold,78.2
2702,hold,79.1
2703,hold,78.7
2704,buy,79.8
2705,hold,78.3
2706,hold,80.6
2707,hold,81.5
2708,hold,79.4
2709,hold,82.2
2710,hold,82.4
2711,hold,84.4
2712,hold,82.2
2713,hold,85.0
2714,hold,85.0
2715,hold,85.0
2716,hold,85.6
2717,hold,84.9
2718,hold,85.2
2719,hold,82.6
2720,hold,82.9
2721,hold,83.4
2722,hold,81.8
2723,hold,83.9
2724,hold,84.4
2725,hold,85.1
2726,hold,85.0
2727,hold,85.2
2728,hold,82.8
2729,hold,80.8
2730,sell,80.8
2731,hold,79.2
2732,hold,79.4
2733,hold,79.4
2734,buy,80.2
2735,hold,81.9
2736,hold,82.1
2737,hold,82.9
2738,hold,82.1
2739,hold,83.3
2740,hold,84.0
2741,hold,84.1
2742,hold,84.2
2743,hold,84.7
2744,hold,86.1
2745,hold,86.2
2746,hold,84.3
2747,hold,85.6
2748,hold,85.3
2749,hold,87.5
2750,hold,87.2
2751,hold,86.0
2752,hold,87.0
2753,hold,87.0
2754,hold,86.3
2755,hold,87.1
2756,hold,88.0
2757,hold,88.6
2758,hold,87.6
2759,hold,89.6
2760,hold,92.0
2761,hold,91.3
2762,hold,91.0
2763,hold,91.0
2764,hold,91.3
2765,hold,92.0
2766,hold,90.5
2767,hold,91.0
2768,hold,91.0
2769,hold,91.1
2770,hold,92.0
2771,hold,90.5
2772,hold,90.0
2773,hold,90.3
2774,hold,90.0
2775,hold,90.9
2776,hold,91.9
2777,hold,91.5
2778,hold,90.0
2779,hold,89.5
2780,sell,88.9
2781,hold,87.1
2782,hold,89.1
2783,buy,87.7
2784,sell,84.7
2785,hold,85.1
2786,hold,85.6
2787,buy,86.1
2788,hold,86.9
2789,hold,85.2
2790,hold,86.7
2791,hold,84.8
2792,hold,84.4
2793,hold,85.0
2794,hold,85.5
2795,hold,85.0
2796,hold,85.5
2797,hold,86.4
2798,hold,84.5
2799,hold,83.4
2800,hold,84.4
2801,hold,85.0
2802,hold,84.2
2803,hold,84.0
2804,hold,81.9
2805,sell,83.4
2806,buy,83.9
2807,hold,84.4
2808,hold,83.0
2809,hold,83.0
2810,hold,83.5
2811,hold,83.3
2812,hold,80.4
2813,sell,80.0
2814,hold,79.4
2815,hold,79.5
2816,hold,78.3
2817,hold,78.0
2818,hold,78.0
2819,buy,77.0
2820,sell,78.4
2821,buy,77.6
2822,hold,78.6
2823,hold,79.2
2824,hold,79.0
2825,hold,78.9
2826,hold,78.6
2827,hold,79.2
2828,hold,81.0
2829,hold,78.3
2830,hold,78.1
2831,hold,77.1
2832,hold,77.0
2833,hold,76.4
2834,sell,76.9
2835,buy,76.5
2836,hold,74.3
2837,sell,75.5
2838,buy,75.3
2839,hold,75.0
2840,hold,73.7
2841,sell,78.8
2842,buy,77.8
2843,hold,79.4
2844,hold,80.1
2845,hold,79.8
2846,hold,77.3
2847,hold,75.6
2848,hold,76.0
2849,hold,76.8
2850,hold,77.5
2851,hold,79.8
2852,hold,80.2
2853,hold,80.5
2854,hold,81.1
2855,hold,80.4
2856,hold,80.4
2857,hold,77.2
2858,hold,77.9
2859,hold,77.0
2860,hold,75.2
2861,hold,75.0
2862,hold,77.2
2863,hold,80.0
2864,hold,78.5
2865,hold,79.6
2866,hold,80.4
2867,hold,78.8
2868,hold,78.8
2869,hold,79.0
2870,hold,78.0
2871,hold,80.9
2872,hold,81.4
2873,hold,83.0
2874,hold,83.0
2875,hold,82.4
2876,hold,85.0
2877,hold,84.9
2878,hold,84.9
2879,hold,84.5
2880,hold,84.0
2881,hold,83.9
2882,hold,84.3
2883,hold,84.6
2884,hold,83.5
2885,hold,82.7
2886,hold,82.5
2887,hold,84.1
2888,hold,83.7
2889,hold,83.2
2890,hold,82.2
2891,hold,81.6
2892,hold,80.9
2893,sell,81.0
2894,hold,80.5
2895,hold,80.7
2896,buy,80.6
2897,hold,80.9
2898,hold,80.2
2899,hold,80.3
2900,hold,81.5
2901,hold,82.7
2902,hold,82.0
2903,hold,82.4
2904,hold,82.6
2905,hold,85.0
2906,hold,85.1
2907,hold,84.8
2908,hold,85.4
2909,hold,83.7
2910,hold,83.7
2911,hold,84.0
2912,hold,84.0
2913,hold,84.0
2914,hold,83.8
2915,hold,83.8
2916,hold,83.5
2917,hold,83.9
2918,hold,82.7
2919,hold,80.9
2920,sell,81.2
2921,buy,81.0
2922,hold,81.0
2923,hold,79.6
2924,sell,80.0
2925,buy,80.1
2926,hold,80.0
2927,hold,80.0
2928,hold,80.1
2929,hold,79.3
2930,hold,77.6
2931,sell,78.4
2932,buy,78.1
2933,hold,78.5
2934,hold,78.2
2935,hold,78.3
2936,hold,78.9
2937,hold,79.6
2938,hold,77.2
2939,hold,76.9
2940,hold,76.0
2941,sell,77.0
2942,buy,77.3
2943,hold,76.9
2944,hold,75.9
2945,hold,75.2
2946,sell,72.3
2947,hold,70.0
2948,hold,67.7
2949,hold,68.6
2950,hold,71.0
2951,buy,72.9
2952,hold,71.6
2953,hold,70.5
2954,hold,72.4
2955,hold,73.0
2956,hold,73.5
2957,hold,73.3
2958,hold,76.0
2959,hold,76.5
2960,hold,76.3
2961,hold,74.6
2962,hold,75.2
2963,hold,75.5
2964,hold,76.1
2965,hold,77.0
2966,hold,77.0
2967,hold,78.0
2968,hold,78.8
2969,hold,78.5
2970,hold,77.8
2971,hold,77.5
2972,hold,78.3
2973,hold,77.3
2974,hold,76.5
2975,hold,75.6
2976,hold,75.7
2977,hold,77.5
2978,hold,77.6
2979,hold,77.9
2980,hold,78.6
2981,hold,79.0
2982,hold,79.8
2983,hold,80.3
2984,hold,80.0
2985,hold,80.1
2986,hold,80.0
2987,hold,81.9
2988,hold,81.0
2989,hold,79.8
2990,hold,80.2
2991,hold,79.3
2992,hold,78.8
2993,hold,80.2
2994,hold,79.9
2995,hold,80.0
2996,hold,79.8
2997,hold,78.8
2998,hold,78.8
2999,hold,78.5
3000,hold,79.0
3001,hold,80.0
3002,hold,80.2
3003,hold,80.1
3004,hold,81.0
3005,hold,80.9
3006,hold,80.0
3007,hold,79.0
3008,hold,78.9
3009,hold,78.6
3010,hold,78.2
3011,hold,77.6
3012,sell,78.1
3013,buy,77.3
3014,sell,76.5
3015,hold,75.0
3016,hold,76.8
3017,buy,74.6
3018,sell,74.3
3019,hold,74.7
3020,buy,75.5
3021,hold,75.6
3022,hold,75.6
3023,hold,75.5
3024,hold,73.5
3025,hold,72.2
3026,sell,74.5
3027,buy,72.7
3028,hold,72.5
3029,hold,71.5
3030,sell,71.3
3031,buy,71.5
3032,hold,71.9
3033,hold,70.7
3034,hold,70.8
3035,hold,70.6
3036,hold,71.9
3037,hold,71.2
3038,hold,71.5
3039,hold,71.1
3040,hold,70.0
3041,hold,69.9
3042,hold,68.5
3043,sell,70.0
3044,buy,70.0
3045,hold,70.0
3046,hold,69.0
3047,hold,68.0
3048,sell,67.8
3049,hold,68.4
3050,buy,69.0
3051,hold,69.0
3052,hold,72.3
3053,hold,72.2
3054,hold,72.2
3055,hold,71.0
3056,hold,71.6
3057,hold,71.8
3058,hold,70.8
3059,hold,71.6
3060,hold,71.8
3061,hold,73.3
3062,hold,73.5
3063,hold,74.0
3064,hold,73.0
3065,hold,73.1
3066,hold,73.9
3067,hold,74.6
3068,hold,73.6
3069,hold,73.3
3070,hold,73.9
3071,hold,73.3
3072,hold,71.2
3073,hold,70.0
3074,sell,70.4
3075,buy,71.0
3076,hold,71.1
3077,hold,70.0
3078,hold,69.5
3079,sell,69.5
3080,buy,69.9
3081,hold,69.6
3082,hold,69.4
3083,hold,69.9
3084,hold,70.0
3085,hold,69.5
3086,hold,68.4
3087,hold,68.5
3088,hold,69.7
3089,hold,69.0
3090,hold,69.6
3091,hold,68.6
3092,hold,67.8
3093,sell,68.4
3094,buy,68.2
3095,hold,68.8
3096,hold,70.2
3097,hold,72.5
3098,hold,71.0
3099,hold,69.7
3100,hold,69.0
3101,hold,69.7
3102,hold,70.9
3103,hold,70.5
3104,hold,72.3
3105,hold,72.7
3106,hold,74.4
3107,hold,75.0
3108,hold,76.3
3109,hold,76.4
3110,hold,75.0
3111,hold,74.9
3112,hold,74.3
3113,hold,76.4
3114,hold,78.0
3115,hold,77.5
3116,hold,76.7
3117,hold,75.5
3118,hold,75.8
3119,hold,76.4
3120,hold,75.4
3121,hold,75.1
3122,hold,77.8
3123,hold,78.0
3124,hold,75.8
3125,hold,74.8
3126,hold,74.7
3127,hold,73.4
3128,sell,74.4
3129,buy,74.4
3130,hold,73.8
3131,hold,73.0
3132,hold,73.6
3133,hold,72.5
3134,hold,72.5
3135,hold,71.0
3136,sell,72.5
3137,buy,72.8
3138,hold,72.2
3139,hold,72.0
3140,hold,74.0
3141,hold,74.6
3142,hold,75.0
3143,hold,75.5
3144,hold,76.0
3145,hold,76.9
3146,hold,76.0
3147,hold,77.0
3148,hold,77.0
3149,hold,76.5
3150,hold,77.0
3151,hold,76.2
3152,hold,76.1
3153,hold,77.7
3154,hold,77.5
3155,hold,76.6
3156,hold,77.0
3157,hold,77.2
3158,hold,77.5
3159,hold,76.8
3160,hold,77.5
3161,hold,76.3
3162,hold,77.0
3163,hold,77.6
3164,hold,79.6
3165,hold,79.0
3166,hold,77.6
3167,hold,78.0
3168,hold,78.0
3169,hold,77.5
3170,hold,76.6
3171,hold,77.7
3172,hold,77.8
3173,hold,79.2
3174,hold,79.2
3175,hold,79.5
3176,hold,79.8
3177,hold,79.6
3178,hold,79.6
3179,hold,79.0
3180,hold,78.9
3181,hold,79.4
3182,hold,79.5
3183,hold,79.8
3184,hold,79.0
3185,hold,77.3
3186,hold,76.0
3187,sell,76.0
3188,hold,76.4
3189,buy,75.9
3190,hold,75.7
3191,hold,76.7
3192,hold,75.0
3193,sell,74.2
3194,hold,75.8
3195,buy,75.9
3196,hold,76.1
3197,hold,75.1
3198,hold,74.1
3199,hold,75.1
3200,hold,75.8
3201,hold,75.4
3202,hold,76.0
3203,hold,77.4
3204,hold,77.8
3205,hold,78.0
3206,hold,77.4
3207,hold,78.0
3208,hold,78.1
3209,hold,77.1
3210,hold,78.9
3211,hold,79.0
3212,hold,79.7
3213,hold,78.9
3214,hold,79.1
3215,hold,78.2
3216,hold,78.2
3217,hold,78.1
3218,hold,78.1
3219,hold,77.6
3220,hold,78.8
3221,hold,79.0
3222,hold,79.5
3223,hold,79.1
3224,hold,79.2
3225,hold,80.0
3226,hold,80.5
3227,hold,79.8
3228,hold,79.5
3229,hold,79.0
3230,hold,78.4
3231,hold,78.0
3232,hold,78.8
3233,hold,78.8
3234,hold,79.0
3235,hold,78.6
3236,hold,79.0
3237,hold,79.2
3238,hold,78.7
3239,hold,79.0
3240,hold,79.5
3241,hold,80.0
3242,hold,79.9
3243,hold,80.1
3244,hold,78.0
3245,sell,75.3
3246,hold,75.2
3247,hold,75.4
3248,hold,75.6
3249,buy,76.3
3250,hold,76.9
3251,hold,76.5
3252,hold,77.0
3253,hold,76.7
3254,hold,76.7
3255,hold,77.3
3256,hold,76.4
3257,hold,77.0
3258,hold,76.8
3259,hold,77.2
3260,hold,77.5
3261,hold,77.0
3262,hold,76.0
3263,hold,75.3
3264,hold,75.5
3265,hold,75.5
3266,hold,76.3
3267,hold,75.4
3268,hold,76.0
3269,hold,75.0
3270,sell,75.0
3271,buy,73.5
3272,sell,73.0
3273,hold,74.0
3274,buy,73.3
3275,hold,73.8
3276,hold,73.0
3277,hold,73.4
3278,hold,74.6
3279,hold,74.0
3280,hold,75.9
3281,hold,76.0
3282,hold,76.2
3283,hold,76.3
3284,hold,76.8
3285,hold,77.1
3286,hold,77.1
3287,hold,77.5
3288,hold,77.5
3289,hold,77.5
3290,hold,77.5
3291,hold,77.5
3292,hold,77.8
3293,hold,77.4
3294,hold,77.6
3295,hold,77.8
3296,hold,77.6
3297,hold,77.1
3298,hold,75.8
3299,hold,76.8
3300,hold,75.7
3301,hold,76.1
3302,hold,76.9
3303,hold,77.8
3304,hold,77.8
3305,hold,78.0
3306,hold,77.7
3307,hold,78.2
3308,hold,77.4
3309,hold,77.8
3310,hold,77.0
3311,hold,76.9
3312,hold,77.3
3313,hold,76.6
3314,hold,76.4
3315,hold,77.2
3316,hold,76.3
3317,hold,76.9
3318,hold,77.6
3319,hold,77.5
3320,hold,77.9
3321,hold,77.8
3322,hold,77.7
3323,hold,78.1
3324,hold,76.7
3325,hold,78.0
3326,hold,77.5
3327,hold,77.5
3328,hold,77.1
3329,hold,77.1
3330,hold,77.0
3331,hold,76.7
3332,hold,76.5
3333,hold,76.7
3334,hold,76.4
3335,hold,76.8
3336,hold,78.0
3337,hold,79.3
3338,hold,78.5
3339,hold,79.3
3340,hold,79.9
3341,hold,79.1
3342,hold,79.8
3343,hold,79.8
3344,hold,79.8
3345,hold,80.0
3346,hold,80.2
3347,hold,77.6
3348,hold,77.5
3349,hold,77.0
3350,hold,77.4
3351,hold,76.9
3352,hold,77.5
3353,hold,77.3
3354,hold,77.2
3355,hold,77.8
3356,hold,76.7
3357,hold,76.6
3358,hold,76.6
3359,hold,77.1
3360,hold,77.2
3361,hold,77.0
3362,hold,77.0
3363,hold,77.7
3364,hold,77.7
3365,hold,78.7
3366,hold,77.3
3367,hold,76.7
3368,hold,75.2
3369,sell,74.3
3370,hold,76.2
3371,buy,75.3
3372,hold,75.0
3373,hold,75.5
3374,hold,75.7
3375,hold,75.9
3376,hold,75.5
3377,hold,76.3
3378,hold,75.4
3379,hold,76.8
3380,hold,77.3
3381,hold,76.9
3382,hold,78.1
3383,hold,78.0
3384,hold,78.0
3385,hold,78.6
3386,hold,78.5
3387,hold,77.5
3388,hold,77.5
3389,hold,77.4
3390,hold,77.5
3391,hold,78.1
3392,hold,78.0
3393,hold,77.3
3394,hold,75.8
3395,hold,75.5
3396,hold,75.4
3397,hold,75.3
3398,hold,75.0
3399,sell,75.2
3400,buy,75.1
3401,hold,74.8
3402,hold,73.5
3403,sell,73.5
3404,buy,73.3
3405,hold,73.0
3406,hold,73.5
3407,hold,72.0
3408,hold,72.1
3409,hold,71.4
3410,hold,70.9
3411,hold,71.5
3412,hold,70.9
3413,hold,70.8
3414,hold,71.1
3415,hold,71.0
3416,hold,69.5
3417,hold,69.4
3418,hold,68.0
3419,sell,67.7
3420,buy,65.4
3421,sell,66.2
3422,hold,66.3
3423,buy,67.9
3424,hold,68.0
3425,hold,67.6
3426,hold,68.0
3427,hold,68.6
3428,hold,69.8
3429,hold,70.3
3430,hold,70.2
3431,hold,70.5
3432,hold,70.4
3433,hold,69.8
3434,hold,70.0
3435,hold,69.3
3436,hold,70.0
3437,hold,69.6
3438,hold,68.5
3439,hold,68.3
3440,hold,68.0
3441,hold,67.7
3442,hold,69.1
3443,hold,69.8
3444,hold,70.2
3445,hold,70.0
3446,hold,71.2
3447,hold,70.4
3448,hold,70.4
3449,hold,70.6
3450,hold,71.0
3451,hold,69.7
3452,hold,69.7
3453,hold,70.7
3454,hold,71.0
3455,hold,71.0
3456,hold,70.6
3457,hold,69.8
3458,hold,68.8
3459,hold,68.0
3460,hold,67.3
3461,sell,66.0
3462,hold,66.4
3463,hold,65.1
3464,hold,66.0
3465,buy,66.7
3466,hold,68.0
3467,hold,68.7
3468,hold,71.7
3469,hold,71.0
3470,hold,71.3
3471,hold,71.0
3472,hold,72.1
3473,hold,72.1
3474,hold,72.3
3475,hold,71.5
3476,hold,69.0
3477,hold,68.5
3478,hold,72.0
3479,hold,71.8
3480,hold,74.0
3481,hold,74.5
3482,hold,73.2
3483,hold,74.0
3484,hold,72.8
3485,hold,74.6
3486,hold,75.5
3487,hold,76.0
3488,hold,76.2
3489,hold,76.4
3490,hold,76.5
3491,hold,76.5
3492,hold,77.0
3493,hold,77.2
3494,hold,76.5
3495,hold,77.3
3496,hold,77.5
3497,hold,78.5
3498,hold,78.0
3499,hold,78.3
3500,hold,77.8
3501,hold,77.4
3502,hold,77.1
3503,hold,77.0
3504,hold,76.7
3505,hold,78.1
3506,hold,77.9
3507,hold,77.5
3508,hold,76.1
3509,hold,76.0
3510,hold,75.9
3511,hold,75.0
3512,sell,76.2
3513,buy,75.0
3514,sell,74.2
3515,hold,73.5
3516,hold,74.8
3517,buy,73.6
3518,hold,73.5
3519,hold,74.0
3520,hold,74.5
3521,hold,75.6
3522,hold,75.8
3523,hold,75.3
3524,hold,75.7
3525,hold,74.0
3526,hold,75.1
3527,hold,74.9
3528,hold,74.9
3529,hold,75.9
3530,hold,74.5
3531,hold,74.8
3532,hold,75.6
3533,hold,75.6
3534,hold,76.0
3535,hold,76.5
3536,hold,77.7
3537,hold,77.9
3538,hold,77.0
3539,hold,78.0
3540,hold,77.7
3541,hold,77.1
3542,hold,78.5
3543,hold,78.6
3544,hold,79.1
3545,hold,80.5
3546,hold,80.8
3547,hold,80.8
3548,hold,80.5
3549,hold,78.9
3550,hold,79.9
3551,hold,80.3
3552,hold,80.0
3553,hold,77.8
3554,hold,78.6
3555,hold,78.3
3556,hold,78.6
3557,hold,78.5
3558,hold,77.7
3559,hold,77.8
3560,hold,78.5
3561,hold,79.1
3562,hold,78.7
3563,hold,75.1
3564,sell,77.4
3565,buy,76.2
3566,hold,76.0
3567,hold,75.5
3568,hold,75.1
3569,hold,75.3
3570,hold,74.7
3571,hold,75.7
3572,hold,74.9
3573,hold,73.2
3574,sell,72.6
3575,hold,73.8
3576,buy,73.0
3577,hold,73.7
3578,hold,73.9
3579,hold,72.8
3580,hold,72.5
3581,hold,72.0
3582,hold,70.9
3583,sell,72.0
3584,buy,72.5
3585,hold,72.1
3586,hold,73.3
3587,hold,73.7
3588,hold,73.9
3589,hold,71.7
3590,hold,72.6
3591,hold,72.8
3592,hold,72.6
3593,hold,72.5
3594,hold,72.2
3595,hold,72.0
3596,hold,70.0
3597,sell,69.8
3598,hold,70.0
3599,hold,70.5
3600,buy,72.3
3601,hold,71.9
3602,hold,71.9
3603,hold,70.8
3604,hold,71.3
3605,hold,71.3
3606,hold,71.1
3607,hold,71.0
3608,hold,69.9
3609,hold,69.6
3610,hold,70.0
3611,hold,69.6
3612,hold,70.0
3613,hold,69.8
3614,hold,69.5
3615,hold,71.0
3616,hold,71.5
3617,hold,71.3
3618,hold,70.6
3619,hold,68.9
3620,sell,68.7
3621,hold,68.5
3622,hold,68.5
3623,buy,68.5
3624,hold,67.9
3625,sell,68.0
3626,buy,66.3
3627,sell,66.0
3628,hold,62.0
3629,hold,63.6
3630,hold,64.0
3631,buy,65.0
3632,hold,68.5
3633,hold,71.7
3634,hold,68.9
3635,hold,68.9
3636,hold,68.3
3637,hold,68.3
3638,hold,68.4
3639,hold,68.0
3640,hold,70.0
3641,hold,69.7
3642,hold,70.2
3643,hold,70.4
3644,hold,70.4
3645,hold,70.4
3646,hold,71.9
3647,hold,71.0
3648,hold,70.0
3649,hold,70.6
3650,hold,70.1
3651,hold,69.0
3652,hold,68.4
3653,hold,69.4
3654,hold,70.5
3655,hold,70.8
3656,hold,70.6
3657,hold,72.0
3658,hold,74.9
3659,hold,75.6
3660,hold,77.9
3661,hold,77.2
3662,hold,75.5
3663,hold,76.1
3664,hold,75.4
3665,hold,77.0
3666,hold,76.8
3667,hold,76.1
3668,hold,75.1
3669,hold,77.0
3670,hold,78.5
3671,hold,78.5
3672,hold,78.3
3673,hold,77.2
3674,hold,75.5
3675,hold,76.5
3676,hold,77.9
3677,hold,78.7
3678,hold,77.8
3679,hold,75.7
3680,hold,75.0
3681,hold,74.1
3682,sell,75.2
3683,buy,75.6
3684,hold,73.3
3685,sell,72.9
3686,hold,74.0
3687,buy,73.0
3688,hold,75.1
3689,hold,74.9
3690,hold,76.0
3691,hold,75.0
3692,hold,75.5
3693,hold,76.5
3694,hold,74.9
3695,hold,73.7
3696,hold,75.6
3697,hold,75.3
3698,hold,75.8
3699,hold,74.8
3700,hold,74.5
3701,hold,72.9
3702,sell,72.9
3703,buy,72.2
3704,sell,72.0
3705,hold,71.3
3706,hold,70.5
3707,hold,71.1
3708,buy,72.8
3709,hold,72.8
3710,hold,72.4
3711,hold,73.0
3712,hold,72.8
3713,hold,73.4
3714,hold,73.1
3715,hold,74.0
3716,hold,72.9
3717,hold,73.5
3718,hold,77.0
3719,hold,72.4
3720,hold,72.9
3721,hold,73.0
3722,hold,73.0
3723,hold,71.4
3724,hold,71.7
3725,hold,72.9
3726,hold,74.9
3727,hold,75.2
3728,hold,75.5
3729,hold,75.5
3730,hold,75.5
3731,hold,76.0
3732,hold,73.9
3733,hold,74.4
3734,hold,76.0
3735,hold,75.4
3736,hold,74.9
3737,hold,75.6
3738,hold,77.0
3739,hold,76.5
3740,hold,76.2
3741,hold,76.5
3742,hold,75.3
3743,hold,75.8
3744,hold,76.4
3745,hold,76.8
3746,hold,77.7
3747,hold,78.1
3748,hold,77.8
3749,hold,77.4
3750,hold,77.0
3751,hold,78.2
3752,hold,79.0
3753,hold,79.5
3754,hold,80.0
3755,hold,80.0
3756,hold,80.0
3757,hold,80.0
3758,hold,80.0
3759,hold,78.4
3760,hold,79.0
3761,hold,79.0
3762,hold,78.8
3763,hold,78.5
3764,hold,77.9
3765,hold,79.0
3766,hold,80.5
3767,hold,79.9
3768,hold,79.6
3769,hold,79.9
3770,hold,80.2
3771,hold,79.2
3772,hold,80.0
3773,hold,79.6
3774,hold,80.8
3775,hold,79.8
3776,hold,79.5
3777,hold,77.7
3778,sell,78.3
3779,buy,78.9
3780,hold,79.0
3781,hold,79.5
3782,hold,80.7
3783,hold,81.4
3784,hold,82.0
3785,hold,81.2
3786,hold,81.6
3787,hold,80.8
3788,hold,80.2
3789,hold,81.0
3790,hold,81.9
3791,hold,80.8
3792,hold,81.7
3793,hold,81.5
3794,hold,80.3
3795,hold,79.0
3796,hold,77.6
3797,hold,77.2
3798,sell,77.8
3799,buy,77.6
3800,hold,77.1
3801,hold,77.0
3802,hold,77.1
3803,hold,76.5
3804,hold,77.2
3805,hold,77.1
3806,hold,77.7
3807,hold,75.9
3808,hold,76.3
3809,hold,77.0
3810,hold,78.3
3811,hold,79.0
3812,hold,78.1
3813,hold,78.4
3814,hold,79.1
3815,hold,79.0
3816,hold,79.0
3817,hold,78.9
3818,hold,79.0
3819,hold,78.8
3820,hold,78.5
3821,hold,79.9
3822,hold,81.3
3823,hold,79.0
3824,hold,78.6
3825,hold,78.7
3826,hold,77.0
3827,hold,76.7
3828,hold,77.5
3829,hold,78.2
3830,hold,78.4
3831,hold,77.1
3832,hold,75.7
3833,sell,76.2
3834,hold,76.0
3835,buy,76.9
3836,hold,77.8
3837,hold,78.8
3838,hold,78.8
3839,hold,78.8
3840,hold,77.5
3841,hold,78.1
3842,hold,79.4
3843,hold,80.6
3844,hold,78.0
3845,hold,77.9
3846,hold,78.4
3847,hold,79.2
3848,hold,79.8
3849,hold,79.9
3850,hold,79.8
3851,hold,80.0
3852,hold,80.0
3853,hold,79.9
3854,hold,79.0
3855,hold,78.9
3856,hold,77.8
3857,hold,78.2
3858,hold,77.1
3859,sell,77.6
3860,buy,77.4
3861,hold,78.6
3862,hold,78.6
3863,hold,78.8
3864,hold,79.6
3865,hold,80.0
3866,hold,80.0
3867,hold,80.0
3868,hold,79.8
3869,hold,79.5
3870,hold,79.9
3871,hold,78.1
3872,hold,78.1
3873,hold,79.3
3874,hold,78.8
3875,hold,79.0
3876,hold,79.2
3877,hold,79.6
3878,hold,79.3
3879,hold,78.3
3880,hold,77.0
3881,sell,78.0
3882,buy,78.7
3883,hold,79.7
3884,hold,80.1
3885,hold,79.6
3886,hold,77.9
3887,hold,77.5
3888,hold,76.6
3889,sell,76.5
3890,hold,75.9
3891,hold,77.4
3892,buy,77.3
3893,hold,78.1
3894,hold,78.3
3895,hold,78.7
3896,hold,78.4
3897,hold,78.7
3898,hold,77.8
3899,hold,78.2
3900,hold,78.9
3901,hold,78.5
3902,hold,79.1
3903,hold,79.5
3904,hold,79.8
3905,hold,79.9
3906,hold,79.4
3907,hold,79.7
3908,hold,80.0
3909,hold,80.5
3910,hold,82.2
3911,hold,85.0
3912,hold,84.7
3913,hold,84.1
3914,hold,85.0
3915,hold,85.0
3916,hold,84.9
3917,hold,85.6
3918,hold,85.4
3919,hold,85.0
3920,hold,84.6
3921,hold,84.9
3922,hold,85.2
3923,hold,85.5
3924,hold,86.3
3925,hold,84.2
3926,hold,86.4
3927,hold,85.0
3928,hold,85.1
3929,hold,85.0
3930,hold,85.5
3931,hold,86.2
3932,hold,85.7
3933,hold,86.4
3934,hold,88.0
3935,hold,88.6
3936,hold,88.5
3937,hold,88.0
3938,hold,88.8
3939,hold,89.9
3940,hold,90.8
3941,hold,91.1
3942,hold,91.4
3943,hold,90.3
3944,hold,90.3
3945,hold,90.9
3946,hold,91.5
3947,hold,91.9
3948,hold,91.9
3949,hold,90.9
3950,hold,90.0
3951,hold,88.8
3952,hold,89.4
3953,hold,88.4
3954,hold,88.7
3955,hold,89.0
3956,hold,87.1
3957,sell,86.1
3958,hold,86.4
3959,hold,86.4
3960,buy,88.5
3961,hold,87.4
3962,hold,89.2
3963,hold,90.1
3964,hold,90.3
3965,hold,90.4
3966,hold,90.5
3967,hold,90.2
3968,hold,89.5
3969,hold,89.3
3970,hold,90.8
3971,hold,91.0
3972,hold,89.4
3973,hold,90.0
3974,hold,87.6
3975,hold,88.0
3976,hold,88.5
3977,hold,89.7
3978,hold,90.2
3979,hold,89.0
3980,hold,89.0
3981,hold,89.8
3982,hold,90.7
3983,hold,90.2
3984,hold,90.2
3985,hold,92.5
3986,hold,93.0
3987,hold,92.5
3988,hold,96.5
3989,hold,94.0
3990,hold,93.5
3991,hold,93.8
3992,hold,93.5
3993,hold,93.3
3994,hold,92.5
3995,hold,92.5
3996,hold,92.6
3997,hold,91.0
3998,hold,90.4
3999,hold,89.7
4000,hold,89.6
4001,hold,90.9
4002,hold,90.3
4003,hold,88.5
4004,sell,88.0
4005,hold,87.9
4006,buy,89.1
4007,hold,89.4
4008,hold,90.7
4009,hold,91.3
4010,hold,91.8
4011,hold,93.0
4012,hold,92.2
4013,hold,92.5
4014,hold,92.9
4015,hold,92.9
4016,hold,93.1
4017,hold,92.6
4018,hold,91.6
4019,hold,90.5
4020,hold,92.7
4021,hold,92.1
4022,hold,91.5
4023,hold,92.8
4024,hold,93.3
4025,hold,92.5
4026,hold,93.2
4027,hold,92.6
4028,hold,92.7
4029,hold,93.5
4030,hold,91.4
4031,hold,91.0
4032,hold,91.7
4033,hold,91.1
4034,hold,92.0
4035,hold,92.0
4036,hold,91.2
4037,hold,90.7
4038,hold,91.4
4039,hold,91.3
4040,hold,91.0
4041,hold,90.0
4042,sell,90.5
4043,buy,88.5
4044,sell,88.2
4045,hold,88.9
4046,buy,88.9
4047,hold,89.0
4048,hold,89.0
4049,hold,89.0
4050,hold,88.5
4051,hold,88.0
4052,hold,88.0
4053,hold,88.0
4054,hold,89.0
4055,hold,90.2
4056,hold,89.9
4057,hold,89.7
4058,hold,89.4
4059,hold,89.3
4060,hold,89.4
4061,hold,89.5
4062,hold,90.2
4063,hold,90.7
4064,hold,89.3
4065,hold,90.0
4066,hold,89.3
4067,hold,89.8
4068,hold,90.4
4069,hold,90.1
4070,hold,89.6
4071,hold,90.7
4072,hold,91.0
4073,hold,90.7
4074,hold,91.0
4075,hold,91.5
4076,hold,93.3
4077,hold,93.3
4078,hold,92.4
4079,hold,92.4
4080,hold,92.7
4081,hold,92.9
4082,hold,93.0
4083,hold,93.9
4084,hold,93.9
4085,hold,93.4
4086,hold,92.2
4087,hold,93.0
4088,hold,89.7
4089,hold,91.4
4090,hold,90.5
4091,hold,91.0
4092,hold,91.1
4093,hold,92.0
4094,hold,91.7
4095,hold,91.5
4096,hold,92.0
4097,hold,91.2
4098,hold,90.0
4099,hold,91.5
4100,hold,91.5
4101,hold,90.6
4102,hold,91.3
4103,hold,91.0
4104,hold,91.9
4105,hold,92.4
4106,hold,93.0
4107,hold,93.2
4108,hold,92.8
4109,hold,92.6
4110,hold,92.0
4111,hold,92.3
4112,hold,92.3
4113,hold,91.5
4114,hold,92.9
4115,hold,92.8
4116,hold,92.5
4117,hold,93.0
4118,hold,93.0
4119,hold,93.5
4120,hold,93.9
4121,hold,94.5
4122,hold,93.7
4123,hold,94.0
4124,hold,93.9
4125,hold,93.7
4126,hold,94.5
4127,hold,95.3
4128,hold,95.4
4129,hold,95.8
4130,hold,97.0
4131,hold,95.9
4132,hold,95.8
4133,hold,95.0
4134,hold,94.6
4135,hold,95.4
4136,hold,96.0
4137,hold,94.8
4138,hold,94.1
4139,hold,93.8
4140,hold,93.0
4141,hold,92.3
4142,sell,92.8
4143,buy,92.7
4144,hold,91.5
4145,sell,91.8
4146,buy,91.8
4147,hold,91.8
4148,hold,91.2
4149,hold,91.2
4150,hold,92.0
4151,hold,94.4
4152,hold,94.6
4153,hold,93.5
4154,hold,93.2
4155,hold,93.5
4156,hold,93.0
4157,hold,92.8
4158,hold,92.8
4159,hold,91.7
4160,hold,92.0
4161,hold,92.0
4162,hold,92.0
4163,hold,91.9
4164,hold,91.6
4165,hold,91.9
4166,hold,91.4
4167,hold,91.5
4168,hold,92.5
4169,hold,91.8
4170,hold,92.7
4171,hold,92.3
4172,hold,92.1
4173,hold,92.1
4174,hold,93.0
4175,hold,92.6
4176,hold,92.7
4177,hold,92.3
4178,hold,92.1
4179,hold,92.5
4180,hold,92.1
4181,hold,92.5
4182,hold,93.4
4183,hold,92.5
4184,hold,93.3
4185,hold,93.4
4186,hold,93.6
4187,hold,90.6
4188,sell,92.8
4189,buy,93.3
4190,hold,93.6
4191,hold,93.0
4192,hold,93.0
4193,hold,93.0
4194,hold,92.9
4195,hold,93.3
4196,hold,93.5
4197,hold,93.9
4198,hold,93.3
4199,hold,94.7
4200,hold,94.8
4201,hold,94.8
4202,hold,94.9
4203,hold,95.4
4204,hold,96.0
4205,hold,96.0
4206,hold,98.5
4207,hold,96.9
4208,hold,98.7
4209,hold,98.1
4210,hold,98.5
4211,hold,98.5
4212,hold,98.4
4213,hold,99.5
4214,hold,102.5
4215,hold,101.0
4216,hold,101.0
4217,hold,101.5
4218,hold,102.0
4219,hold,102.0
4220,hold,102.0
4221,hold,101.5
4222,hold,100.5
4223,hold,101.5
4224,hold,100.0
4225,hold,99.2
4226,hold,101.5
4227,hold,103.5
4228,hold,104.5
4229,hold,103.0
4230,hold,103.5
4231,hold,103.0
4232,hold,100.0
4233,hold,100.5
4234,hold,96.7
4235,sell,101.0
4236,buy,100.0
4237,hold,97.8
4238,hold,101.0
4239,hold,104.0
4240,hold,102.5
4241,hold,104.0
4242,hold,103.5
4243,hold,103.5
4244,hold,102.0
4245,hold,100.5
4246,hold,101.0
4247,hold,101.5
4248,hold,101.5
4249,hold,101.5
4250,hold,101.5
4251,hold,103.5
4252,hold,103.0
4253,hold,102.0
4254,hold,102.0
4255,hold,102.0
4256,hold,103.0
4257,hold,105.0
4258,hold,106.5
4259,hold,104.0
4260,hold,104.5
4261,hold,103.5
4262,hold,105.0
4263,hold,103.0
4264,hold,103.0
4265,hold,103.5
4266,hold,104.0
4267,hold,102.5
4268,hold,102.0
4269,hold,105.0
4270,hold,105.5
4271,hold,105.5
4272,hold,106.5
4273,hold,106.5
4274,hold,107.5
4275,hold,106.0
4276,hold,106.0
4277,hold,105.5
4278,hold,106.5
4279,hold,105.5
4280,hold,104.0
4281,hold,103.0
4282,hold,104.0
4283,hold,104.5
4284,hold,104.5
4285,hold,105.5
4286,hold,104.5
4287,hold,105.0
4288,hold,105.5
4289,hold,105.5
4290,hold,105.5
4291,hold,106.0
4292,hold,108.5
4293,hold,111.0
4294,hold,110.5
4295,hold,111.0
4296,hold,111.5
4297,hold,112.0
4298,hold,112.5
4299,hold,109.5
4300,hold,110.0
4301,hold,111.0
4302,hold,108.5
4303,hold,110.0
4304,hold,110.0
4305,hold,108.5
4306,hold,107.5
4307,hold,109.5
4308,hold,110.5
4309,hold,109.5
4310,hold,109.5
4311,hold,110.0
4312,hold,108.5
4313,hold,109.0
4314,hold,107.5
4315,hold,107.5
4316,hold,106.5
4317,sell,106.0
4318,hold,105.5
4319,hold,107.5
4320,buy,108.5
4321,hold,109.5
4322,hold,110.0
4323,hold,110.0
4324,hold,110.0
4325,hold,109.0
4326,hold,112.5
4327,hold,112.5
4328,hold,113.0
4329,hold,114.0
4330,hold,113.5
4331,hold,109.5
4332,hold,111.0
4333,hold,112.0
4334,hold,106.0
4335,hold,106.0
4336,hold,110.0
4337,hold,108.5
4338,hold,107.0
4339,hold,108.5
4340,hold,107.5
4341,hold,107.5
4342,hold,108.5
4343,hold,109.5
4344,hold,108.5
4345,hold,111.0
4346,hold,110.5
4347,hold,111.5
4348,hold,112.5
4349,hold,113.0
4350,hold,112.0
4351,hold,111.5
4352,hold,112.5
4353,hold,111.0
4354,hold,112.0
4355,hold,111.5
4356,hold,110.5
4357,hold,108.0
4358,hold,109.5
4359,hold,109.0
4360,hold,108.5
4361,hold,109.0
4362,hold,109.0
4363,hold,109.0
4364,hold,110.0
4365,hold,113.5
4366,hold,112.5
4367,hold,113.5
4368,hold,114.0
4369,hold,113.5
4370,hold,112.0
4371,hold,112.5
4372,hold,111.0
4373,hold,112.5
4374,hold,110.5
4375,hold,111.5
4376,hold,111.5
4377,hold,111.5
4378,hold,111.0
4379,hold,111.0
4380,hold,112.5
4381,hold,112.0
4382,hold,112.5
4383,hold,112.5
4384,hold,113.0
4385,hold,113.5
4386,hold,117.5
4387,hold,115.5
4388,hold,114.5
4389,hold,117.0
4390,hold,117.0
4391,hold,117.5
4392,hold,115.0
4393,hold,113.0
4394,hold,113.0
4395,hold,111.0
4396,hold,111.5
4397,hold,113.5
4398,hold,103.0
4399,sell,106.0
4400,hold,103.5
4401,hold,104.0
4402,buy,103.0
4403,hold,103.0
4404,hold,103.0
4405,hold,103.0
4406,hold,101.5
4407,hold,101.0
4408,hold,98.6
4409,hold,98.2
4410,hold,98.8
4411,hold,98.6
4412,hold,101.0
4413,hold,101.5
4414,hold,101.0
4415,hold,103.0
4416,hold,103.0
4417,hold,102.5
4418,hold,102.0
4419,hold,101.0
4420,hold,101.0
4421,hold,100.0
4422,hold,100.0
4423,hold,101.0
4424,hold,101.0
4425,hold,102.0
4426,hold,100.5
4427,hold,99.8
4428,hold,101.0
4429,hold,100.5
4430,hold,101.0
4431,hold,99.0
4432,sell,100.0
4433,buy,99.5
4434,hold,100.0
4435,hold,102.0
4436,hold,101.5
4437,hold,101.0
4438,hold,100.0
4439,hold,100.5
4440,hold,99.5
4441,hold,98.5
4442,sell,99.0
4443,buy,99.1
4444,hold,99.2
4445,hold,99.3
4446,hold,98.0
4447,sell,99.3
4448,buy,99.6
4449,hold,98.6
4450,hold,98.3
4451,hold,98.3
4452,hold,96.7
4453,sell,96.3
4454,hold,97.8
4455,buy,101.0
4456,hold,97.6
4457,hold,96.0
4458,sell,95.3
4459,hold,99.5
4460,buy,102.0
4461,hold,102.5
4462,hold,100.5
4463,hold,101.5
4464,hold,101.5
4465,hold,101.5
4466,hold,101.0
4467,hold,101.5
4468,hold,102.5
4469,hold,102.5
4470,hold,103.0
4471,hold,101.0
4472,hold,100.0
4473,hold,102.0
4474,hold,101.5
4475,hold,101.0
4476,hold,102.0
4477,hold,100.0
4478,hold,101.5
4479,hold,101.5
4480,hold,101.5
4481,hold,101.5
4482,hold,102.5
4483,hold,102.5
4484,hold,103.0
4485,hold,103.5
4486,hold,104.0
4487,hold,103.5
4488,hold,103.0
4489,hold,102.5
4490,hold,101.5
4491,hold,102.0
4492,hold,103.0
4493,hold,105.5
4494,hold,104.0
4495,hold,103.0
4496,hold,104.5
4497,hold,104.5
4498,hold,104.0
4499,hold,105.5
4500,hold,106.5
4501,hold,106.0
4502,hold,106.5
4503,hold,106.5
4504,hold,107.5
4505,hold,106.5
4506,hold,108.0
4507,hold,109.0
4508,hold,109.0
4509,hold,109.5
4510,hold,107.5
4511,hold,108.0
4512,hold,108.0
4513,hold,108.0
4514,hold,109.5
4515,hold,110.0
4516,hold,110.0
4517,hold,108.5
4518,hold,108.5
4519,hold,109.0
4520,hold,109.0
4521,hold,108.0
4522,hold,108.5
4523,hold,108.5
4524,hold,109.5
4525,hold,109.5
4526,hold,110.5
4527,hold,111.5
4528,hold,112.5
4529,hold,112.0
4530,hold,112.0
4531,hold,111.0
4532,hold,111.0
4533,hold,110.5
4534,hold,109.5
4535,hold,108.5
4536,hold,109.5
4537,hold,108.5
4538,hold,108.0
4539,hold,109.0
4540,hold,108.5
4541,hold,108.5
4542,hold,110.0
4543,hold,111.0
4544,hold,110.0
4545,hold,109.0
4546,hold,108.5
4547,hold,109.5
4548,hold,110.0
4549,hold,109.0
4550,hold,110.0
4551,hold,110.5
4552,hold,109.5
4553,hold,109.0
4554,hold,110.0
4555,hold,110.0
4556,hold,111.0
4557,hold,111.5
4558,hold,112.0
4559,hold,112.0
4560,hold,112.0
4561,hold,112.5
4562,hold,112.5
4563,hold,113.0
4564,hold,112.5
4565,hold,113.0
4566,hold,114.5
4567,hold,114.5
4568,hold,114.5
4569,hold,114.5
4570,hold,114.5
4571,hold,115.0
4572,hold,105.5
4573,sell,105.0
4574,hold,104.5
4575,hold,104.5
4576,hold,104.0
4577,buy,102.0
4578,sell,103.0
4579,buy,102.5
4580,hold,104.0
4581,hold,105.5
4582,hold,104.0
4583,hold,102.0
4584,hold,101.5
4585,hold,101.0
4586,hold,102.0
4587,hold,103.5
4588,hold,101.0
4589,hold,101.5
4590,hold,101.0
4591,hold,101.0
4592,hold,101.5
4593,hold,100.5
4594,hold,99.5
4595,hold,97.5
4596,sell,96.5
4597,hold,95.8
4598,hold,95.3
4599,hold,95.2
4600,buy,93.9
4601,sell,92.5
4602,hold,93.6
4603,buy,90.3
4604,sell,91.1
4605,buy,92.0
4606,hold,93.1
4607,hold,92.9
4608,hold,92.3
4609,hold,93.4
4610,hold,91.7
4611,hold,90.6
4612,hold,91.5
4613,hold,91.4
4614,hold,94.1
4615,hold,94.0
4616,hold,93.7
4617,hold,94.7
4618,hold,96.0
4619,hold,95.2
4620,hold,95.2
4621,hold,95.5
4622,hold,95.4
4623,hold,96.1
4624,hold,98.0
4625,hold,97.8
4626,hold,97.6
4627,hold,97.3
4628,hold,97.6
4629,hold,96.8
4630,hold,96.7
4631,hold,95.5
4632,hold,96.2
4633,hold,94.5
4634,hold,94.8
4635,hold,93.8
4636,hold,93.1
4637,sell,93.3
4638,buy,94.1
4639,hold,94.3
4640,hold,93.1
4641,hold,93.3
4642,hold,94.6
4643,hold,95.9
4644,hold,96.6
4645,hold,96.0
4646,hold,95.4
4647,hold,96.8
4648,hold,95.8
4649,hold,97.5
4650,hold,97.3
4651,hold,97.2
4652,hold,97.7
4653,hold,98.3
4654,hold,97.8
4655,hold,98.1
4656,hold,98.9
4657,hold,98.9
4658,hold,98.7
4659,hold,98.2
4660,hold,97.4
4661,hold,97.0
4662,hold,96.9
4663,hold,96.3
4664,hold,96.6
4665,hold,96.8
4666,hold,97.4
4667,hold,97.4
4668,hold,96.5
4669,hold,96.2
4670,hold,96.8
4671,hold,97.0
4672,hold,98.0
4673,hold,98.4
4674,hold,98.3
4675,hold,97.2
4676,hold,98.1
4677,hold,97.5
4678,hold,97.5
4679,hold,96.4
4680,hold,97.2
4681,hold,96.7
4682,hold,96.5
4683,hold,96.5
4684,hold,96.9
4685,hold,96.8
4686,hold,96.8
4687,hold,99.1
4688,hold,101.5
4689,hold,99.9
4690,hold,101.0
4691,hold,101.0
4692,hold,100.5
4693,hold,100.0
4694,hold,99.8
4695,hold,101.0
4696,hold,99.9
4697,hold,99.8
4698,hold,99.6
4699,hold,101.5
4700,hold,102.0
4701,hold,101.5
4702,hold,100.0
4703,hold,100.0
4704,hold,99.8
4705,hold,99.7
4706,hold,98.8
4707,hold,98.5
4708,sell,97.9
4709,hold,99.0
4710,buy,99.0
4711,hold,91.6
4712,sell,93.4
4713,hold,93.0
4714,hold,93.5
4715,buy,92.7
4716,hold,94.5
4717,hold,93.7
4718,hold,94.0
4719,hold,93.7
4720,hold,94.0
4721,hold,94.8
4722,hold,95.2
4723,hold,94.8
4724,hold,94.8
4725,hold,96.2
4726,hold,94.7
4727,hold,94.6
4728,hold,93.3
4729,hold,93.1
4730,hold,91.5
4731,sell,91.0
4732,hold,90.0
4733,hold,91.6
4734,buy,92.5
4735,hold,93.3
4736,hold,91.4
4737,hold,89.3
4738,sell,89.0
4739,buy,88.9
4740,hold,84.0
4741,sell,80.6
4742,hold,78.2
4743,hold,74.6
4744,hold,70.0
4745,hold,66.6
4746,hold,68.8
4747,buy,66.7
4748,hold,70.5
4749,hold,74.9
4750,hold,74.1
4751,hold,74.7
4752,hold,75.2
4753,hold,75.1
4754,hold,74.4
4755,hold,77.6
4756,hold,79.8
4757,hold,80.4
4758,hold,80.6
4759,hold,81.9
4760,hold,80.7
4761,hold,82.2
4762,hold,83.1
4763,hold,82.1
4764,hold,83.2
4765,hold,82.4
4766,hold,80.1
4767,hold,80.2
4768,hold,80.4
4769,hold,80.0
4770,hold,82.0
4771,hold,82.7
4772,hold,83.8
4773,hold,87.9
4774,hold,85.5
4775,hold,85.8
4776,hold,85.3
4777,hold,85.3
4778,hold,86.4
4779,hold,87.5
4780,hold,86.5
4781,hold,85.1
4782,hold,83.5
4783,hold,83.6
4784,hold,85.0
4785,hold,86.2
4786,hold,86.4
4787,hold,86.5
4788,hold,85.0
4789,hold,84.3
4790,hold,85.7
4791,hold,85.2
4792,hold,83.8
4793,hold,83.0
4794,sell,83.8
4795,buy,84.3
4796,hold,86.1
4797,hold,86.8
4798,hold,87.6
4799,hold,89.2
4800,hold,89.5
4801,hold,89.4
4802,hold,88.0
4803,hold,86.4
4804,hold,86.0
4805,hold,86.1
4806,hold,86.2
4807,hold,86.2
4808,hold,85.8
4809,hold,86.8
4810,hold,86.9
4811,hold,87.4
4812,hold,86.6
4813,hold,87.6
4814,hold,87.6
4815,hold,83.8
4816,sell,84.3
4817,buy,84.4
4818,hold,83.7
4819,hold,83.2
4820,hold,83.0
4821,hold,82.0
4822,sell,82.0
4823,hold,81.0
4824,hold,80.4
4825,hold,81.0
4826,buy,81.0
4827,hold,80.5
4828,hold,80.5
4829,hold,80.5
4830,hold,80.1
4831,hold,79.7
4832,hold,78.1
4833,hold,77.3
4834,hold,77.9
4835,hold,78.5
4836,hold,78.5
4837,hold,77.4
4838,hold,77.6
4839,hold,78.1
4840,hold,79.1
4841,hold,79.6
4842,hold,81.1
4843,hold,81.5
4844,hold,80.7
4845,hold,80.9
4846,hold,80.8
4847,hold,81.5
4848,hold,81.4
4849,hold,80.5
4850,hold,79.0
4851,hold,79.8
4852,hold,79.2
4853,hold,79.2
4854,hold,79.6
4855,hold,78.9
4856,hold,78.9
4857,hold,78.2
4858,hold,77.9
4859,hold,78.0
4860,hold,78.4
4861,hold,78.5
4862,hold,79.6
4863,hold,79.6
4864,hold,79.2
4865,hold,78.7
4866,hold,79.0
4867,hold,79.2
4868,hold,79.2
4869,hold,78.9
4870,hold,78.6
4871,hold,81.6
4872,hold,83.3
4873,hold,81.4
4874,hold,80.1
4875,hold,78.0
4876,hold,79.0
4877,hold,79.4
4878,hold,78.9
4879,hold,78.6
4880,hold,80.0
4881,hold,81.2
4882,hold,80.8
4883,hold,81.0
4884,hold,81.2
4885,hold,80.9
4886,hold,80.0
4887,hold,79.2
4888,hold,79.0
4889,hold,79.1
4890,hold,79.5
4891,hold,79.0
4892,hold,79.8
4893,hold,79.8
4894,hold,80.2
4895,hold,80.3
4896,hold,79.5
4897,hold,78.9
4898,hold,79.1
4899,hold,79.7
4900,hold,81.0
4901,hold,81.3
4902,hold,81.5
4903,hold,81.5
4904,hold,81.8
4905,hold,84.9
4906,hold,89.0
4907,hold,88.0
4908,hold,87.0
4909,hold,88.1
4910,hold,88.0
4911,hold,88.0
4912,hold,88.1
4913,hold,88.3
4914,hold,88.8
4915,hold,87.6
4916,hold,87.8
4917,hold,87.6
4918,hold,87.2
4919,hold,85.2
4920,hold,87.6
4921,hold,87.7
4922,hold,88.5
4923,hold,89.3
4924,hold,89.5
4925,hold,89.5
4926,hold,90.0
4927,hold,89.9
4928,hold,89.8
4929,hold,89.8
4930,hold,89.2
4931,hold,90.2
4932,hold,89.8
4933,hold,88.2
4934,hold,92.3
4935,hold,92.1
4936,hold,91.5
4937,hold,92.6
4938,hold,92.8
4939,hold,93.8
4940,hold,94.0
4941,hold,96.7
4942,sell,96.4
