0,buy,83.5
1,hold,80.5
2,hold,85.0
3,hold,90.5
4,sell,89.5
5,buy,93.0
6,hold,94.0
7,hold,92.5
8,hold,94.0
9,hold,94.5
10,hold,101.0
11,sell,101.0
12,buy,102.0
13,hold,97.0
14,hold,99.0
15,hold,105.5
16,sell,101.5
17,buy,100.5
18,hold,98.5
19,hold,98.0
20,hold,91.5
21,hold,90.5
22,hold,91.5
23,hold,92.0
24,hold,98.0
25,hold,94.0
26,hold,100.5
27,hold,98.0
28,hold,96.0
29,hold,96.0
30,hold,97.5
31,hold,93.5
32,hold,91.0
33,hold,89.0
34,hold,90.0
35,hold,84.0
36,hold,83.5
37,hold,84.5
38,hold,88.5
39,hold,92.0
40,hold,90.5
41,hold,88.0
42,hold,85.5
43,hold,87.0
44,hold,86.5
45,hold,88.0
46,hold,88.5
47,hold,87.0
48,hold,86.0
49,hold,85.0
50,hold,86.5
51,hold,90.5
52,hold,90.0
53,hold,89.5
54,hold,89.0
55,hold,88.0
56,hold,88.5
57,hold,85.0
58,hold,81.5
59,hold,79.5
60,hold,82.5
61,hold,80.0
62,hold,79.0
63,hold,83.0
64,hold,86.0
65,hold,85.0
66,hold,84.0
67,hold,83.5
68,hold,85.0
69,hold,90.5
70,sell,90.5
71,buy,90.0
72,hold,88.0
73,hold,86.5
74,hold,89.0
75,hold,87.0
76,hold,91.0
77,hold,96.0
78,hold,96.5
79,hold,93.0
80,hold,95.0
81,hold,94.5
82,hold,95.0
83,hold,92.5
84,hold,94.0
85,hold,92.5
86,hold,89.5
87,hold,88.0
88,hold,89.0
89,hold,90.5
90,hold,88.5
91,hold,90.0
92,hold,94.5
93,hold,94.0
94,hold,94.5
95,hold,93.0
96,hold,93.0
97,hold,90.0
98,hold,89.5
99,hold,89.0
100,hold,90.0
101,hold,91.0
102,hold,93.5
103,hold,93.0
104,hold,97.0
105,hold,99.0
106,sell,97.0
107,buy,94.0
108,hold,92.5
109,hold,93.5
110,hold,92.0
111,hold,90.5
112,hold,90.0
113,hold,86.0
114,hold,85.0
115,hold,61.0
116,hold,63.5
117,hold,61.5
118,hold,64.0
119,hold,67.0
120,hold,66.5
121,hold,65.5
122,hold,65.5
123,hold,63.0
124,hold,61.0
125,hold,61.5
126,hold,61.5
127,hold,63.5
128,hold,63.0
129,hold,63.0
130,hold,62.5
131,hold,62.0
132,hold,61.0
133,hold,60.5
134,hold,58.0
135,hold,57.5
136,hold,59.0
137,hold,60.5
138,hold,63.5
139,hold,66.0
140,sell,68.5
141,hold,70.5
142,buy,69.0
143,hold,68.0
144,hold,66.0
145,hold,67.5
146,hold,65.0
147,hold,68.5
148,hold,68.0
149,hold,69.0
150,hold,68.5
151,hold,68.0
152,hold,67.5
153,hold,66.0
154,hold,66.5
155,hold,62.0
156,hold,62.0
157,hold,60.5
158,hold,63.5
159,hold,63.0
160,hold,64.5
161,hold,63.0
162,hold,64.0
163,hold,64.0
164,hold,66.0
165,hold,65.5
166,hold,64.0
167,hold,63.0
168,hold,64.0
169,hold,63.0
170,hold,59.0
171,hold,55.5
172,hold,54.0
173,hold,52.5
174,hold,51.0
175,hold,47.5
176,hold,47.4
177,hold,48.5
178,hold,46.5
179,hold,46.7
180,hold,45.0
181,hold,44.1
182,hold,44.3
183,hold,46.8
184,hold,46.0
185,hold,49.2
186,hold,52.5
187,sell,55.0
188,buy,53.5
189,hold,55.5
190,hold,58.0
191,hold,59.5
192,sell,58.5
193,buy,58.0
194,hold,57.5
195,hold,61.5
196,sell,62.5
197,buy,63.0
198,hold,67.0
199,sell,62.5
200,buy,61.0
201,hold,61.0
202,hold,62.5
203,hold,65.0
204,hold,65.5
205,hold,67.0
206,hold,67.5
207,hold,68.0
208,hold,68.0
209,hold,67.5
210,hold,72.0
211,sell,74.5
212,hold,77.5
213,buy,79.5
214,sell,74.5
215,buy,75.5
216,hold,73.0
217,hold,73.5
218,hold,74.0
219,hold,75.5
220,hold,74.0
221,hold,73.0
222,hold,73.0
223,hold,77.5
224,hold,78.5
225,hold,83.5
226,sell,89.0
227,hold,88.5
228,buy,84.0
229,hold,85.5
230,hold,88.5
231,hold,84.0
232,hold,83.5
233,hold,81.0
234,hold,82.5
235,hold,85.5
236,hold,85.5
237,hold,80.0
238,hold,81.0
239,hold,83.5
240,hold,82.5
241,hold,82.0
242,hold,85.0
243,hold,87.5
244,hold,86.0
245,hold,85.5
246,hold,89.0
247,hold,92.5
248,hold,90.5
249,hold,91.5
250,hold,90.5
251,hold,87.5
252,hold,88.0
253,hold,87.5
254,hold,85.0
255,hold,84.5
256,hold,85.0
257,hold,90.5
258,hold,90.0
259,hold,88.5
260,hold,90.5
261,hold,92.0
262,hold,92.0
263,hold,89.0
264,hold,87.0
265,hold,87.5
266,hold,85.5
267,hold,86.0
268,hold,85.5
269,hold,86.5
270,hold,87.5
271,hold,85.5
272,hold,82.0
273,hold,82.5
274,hold,81.5
275,hold,81.0
276,hold,80.0
277,hold,82.0
278,hold,81.0
279,hold,86.5
280,hold,91.0
281,hold,94.5
282,sell,93.5
283,buy,91.5
284,hold,97.5
285,sell,95.0
286,buy,94.0
287,hold,93.0
288,hold,90.5
289,hold,91.5
290,hold,91.5
291,hold,96.0
292,hold,94.0
293,hold,95.0
294,hold,96.0
295,hold,94.5
296,hold,92.5
297,hold,95.0
298,hold,96.5
299,hold,95.5
300,hold,96.0
301,hold,95.0
302,hold,92.5
303,hold,91.5
304,hold,91.5
305,hold,90.5
306,hold,90.0
307,hold,92.0
308,hold,91.5
309,hold,92.5
310,hold,96.0
311,hold,95.5
312,hold,94.5
313,hold,93.0
314,hold,94.0
315,hold,95.0
316,hold,92.0
317,hold,92.0
318,hold,89.0
319,hold,87.5
320,hold,85.0
321,hold,85.0
322,hold,81.0
323,hold,82.0
324,hold,83.0
325,hold,85.0
326,hold,86.5
327,hold,85.0
328,hold,87.0
329,hold,90.0
330,hold,88.5
331,hold,89.5
332,hold,87.0
333,hold,86.5
334,hold,88.0
335,hold,87.0
336,hold,87.5
337,hold,86.5
338,hold,86.0
339,hold,85.5
340,hold,86.5
341,hold,85.5
342,hold,85.0
343,hold,81.5
344,hold,82.0
345,hold,80.5
346,hold,75.0
347,hold,75.0
348,hold,74.0
349,hold,72.0
350,hold,75.5
351,hold,75.5
352,hold,74.0
353,hold,75.5
354,hold,68.5
355,hold,68.5
356,hold,69.0
357,hold,68.5
358,hold,69.5
359,hold,66.5
360,hold,66.5
361,hold,68.0
362,hold,67.0
363,hold,66.0
364,hold,63.5
365,hold,64.5
366,hold,67.0
367,hold,71.0
368,hold,71.5
369,sell,70.0
370,buy,67.5
371,hold,71.0
372,hold,69.5
373,hold,69.0
374,hold,67.0
375,hold,64.5
376,hold,61.5
377,hold,60.5
378,hold,62.0
379,hold,58.5
380,hold,58.0
381,hold,54.0
382,hold,50.5
383,hold,52.0
384,hold,50.5
385,hold,50.0
386,hold,49.9
387,hold,46.5
388,hold,46.1
389,hold,49.3
390,hold,49.1
391,hold,51.0
392,hold,50.5
393,hold,50.0
394,hold,51.0
395,hold,53.0
396,hold,53.5
397,hold,53.5
398,hold,54.5
399,hold,53.0
400,hold,53.0
401,hold,54.0
402,hold,52.5
403,hold,51.0
404,hold,50.0
405,hold,50.0
406,hold,49.9
407,hold,48.7
408,hold,48.7
409,hold,47.9
410,hold,47.5
411,hold,48.5
412,hold,50.5
413,hold,50.5
414,hold,49.9
415,hold,48.1
416,hold,47.2
417,hold,49.0
418,hold,45.6
419,hold,45.6
420,hold,43.5
421,hold,42.1
422,hold,42.3
423,hold,42.0
424,hold,42.6
425,hold,42.0
426,hold,41.1
427,hold,40.1
428,hold,40.0
429,hold,37.7
430,hold,38.0
431,hold,36.0
432,hold,35.6
433,hold,36.0
434,hold,35.7
435,hold,38.0
436,hold,40.6
437,hold,43.4
438,hold,43.5
439,hold,46.5
440,sell,45.5
441,buy,43.5
442,hold,45.0
443,hold,45.0
444,hold,46.0
445,hold,46.6
446,hold,46.8
447,hold,45.5
448,hold,46.5
449,hold,45.0
450,hold,47.0
451,hold,47.7
452,hold,51.0
453,sell,51.5
454,buy,51.0
455,hold,47.7
456,hold,46.8
457,hold,46.8
458,hold,46.4
459,hold,48.4
460,hold,48.2
461,hold,47.6
462,hold,46.1
463,hold,46.9
464,hold,50.0
465,hold,52.0
466,hold,50.5
467,hold,50.0
468,hold,50.5
469,hold,50.5
470,hold,52.0
471,sell,53.5
472,buy,52.0
473,hold,52.5
474,hold,51.5
475,hold,52.0
476,hold,50.0
477,hold,50.0
478,hold,49.0
479,hold,48.7
480,hold,47.9
481,hold,47.8
482,hold,48.0
483,hold,45.9
484,hold,46.0
485,hold,44.5
486,hold,44.8
487,hold,44.7
488,hold,46.0
489,hold,45.5
490,hold,43.2
491,hold,42.6
492,hold,42.5
493,hold,44.8
494,hold,44.8
495,hold,45.4
496,hold,46.5
497,hold,46.0
498,hold,47.2
499,hold,50.5
500,sell,50.5
501,buy,50.5
502,hold,48.6
503,hold,48.8
504,hold,47.9
505,hold,47.6
506,hold,47.8
507,hold,50.5
508,hold,49.4
509,hold,48.9
510,hold,47.7
511,hold,44.4
512,hold,42.0
513,hold,40.7
514,hold,41.5
515,hold,40.4
516,hold,40.2
517,hold,41.0
518,hold,43.8
519,hold,42.9
520,hold,43.0
521,hold,44.1
522,hold,44.9
523,hold,45.3
524,hold,43.0
525,hold,42.8
526,hold,42.0
527,hold,44.0
528,hold,43.4
529,hold,41.6
530,hold,41.4
531,hold,41.6
532,hold,42.6
533,hold,42.5
534,hold,43.0
535,hold,44.1
536,hold,45.5
537,hold,44.0
538,hold,47.0
539,sell,47.9
540,buy,48.6
541,hold,48.5
542,hold,48.5
543,hold,46.6
544,hold,47.0
545,hold,44.9
546,hold,44.4
547,hold,42.3
548,hold,42.2
549,hold,42.8
550,hold,43.9
551,hold,45.2
552,hold,46.2
553,hold,45.7
554,hold,44.8
555,hold,44.5
556,hold,44.8
557,hold,43.6
558,hold,44.7
559,hold,46.9
560,hold,45.8
561,hold,47.5
562,hold,48.3
563,sell,47.0
564,buy,48.3
565,hold,47.3
566,hold,45.5
567,hold,44.0
568,hold,45.1
569,hold,47.8
570,hold,48.3
571,hold,48.5
572,hold,47.8
573,hold,47.7
574,hold,46.7
575,hold,47.5
576,hold,48.3
577,hold,49.2
578,hold,49.2
579,hold,49.5
580,hold,48.8
581,hold,48.9
582,hold,48.0
583,hold,48.0
584,hold,48.0
585,hold,49.1
586,hold,49.8
587,hold,49.3
588,hold,50.5
589,hold,52.0
590,sell,53.5
591,buy,56.5
592,hold,56.0
593,hold,57.5
594,hold,58.5
595,sell,59.0
596,buy,57.5
597,hold,56.5
598,hold,58.5
599,hold,57.0
600,hold,56.0
601,hold,58.0
602,hold,59.0
603,hold,59.0
604,hold,58.5
605,hold,57.5
606,hold,57.0
607,hold,57.0
608,hold,57.0
609,hold,57.0
610,hold,57.0
611,hold,58.5
612,hold,60.0
613,sell,61.0
614,buy,62.0
615,hold,61.0
616,hold,62.0
617,hold,60.5
618,hold,57.5
619,hold,57.5
620,hold,59.5
621,hold,59.5
622,hold,59.5
623,hold,58.0
624,hold,58.0
625,hold,57.0
626,hold,56.5
627,hold,57.5
628,hold,58.5
629,hold,57.0
630,hold,58.0
631,hold,57.0
632,hold,57.0
633,hold,59.0
634,hold,60.0
635,hold,60.0
636,hold,58.5
637,hold,58.5
638,hold,60.0
639,hold,58.0
640,hold,57.0
641,hold,57.0
642,hold,59.0
643,hold,59.5
644,hold,61.0
645,sell,61.5
646,hold,62.5
647,buy,63.0
648,hold,64.0
649,sell,64.0
650,buy,64.5
651,sell,63.0
652,buy,64.0
653,hold,65.5
654,hold,67.0
655,hold,67.5
656,hold,67.0
657,hold,66.5
658,hold,66.0
659,hold,68.0
660,hold,71.0
661,sell,70.5
662,buy,69.5
663,hold,68.0
664,hold,67.0
665,hold,68.5
666,hold,71.5
667,hold,70.5
668,hold,69.0
669,hold,67.5
670,hold,68.0
671,hold,68.0
672,hold,66.5
673,hold,66.0
674,hold,66.5
675,hold,66.5
676,hold,66.5
677,hold,68.5
678,hold,70.0
679,hold,71.0
680,hold,70.0
681,hold,69.5
682,hold,69.0
683,hold,70.0
684,hold,68.5
685,hold,68.0
686,hold,69.5
687,hold,68.0
688,hold,68.0
689,hold,67.0
690,hold,66.0
691,hold,64.5
692,hold,64.5
693,hold,65.5
694,hold,68.0
695,hold,69.5
696,hold,69.5
697,hold,67.0
698,hold,67.0
699,hold,68.5
700,hold,69.5
701,hold,69.0
702,hold,69.0
703,hold,68.0
704,hold,66.0
705,hold,66.5
706,hold,67.5
707,hold,67.5
708,hold,66.5
709,hold,67.0
710,hold,66.0
711,hold,65.5
712,hold,65.0
713,hold,64.0
714,hold,65.5
715,hold,65.0
716,hold,63.0
717,hold,63.5
718,hold,64.0
719,hold,66.0
720,hold,66.5
721,hold,67.0
722,sell,65.0
723,buy,63.5
724,hold,64.5
725,hold,62.0
726,hold,62.5
727,hold,62.0
728,hold,63.0
729,hold,61.0
730,hold,59.5
731,hold,60.0
732,hold,60.0
733,hold,61.5
734,hold,62.0
735,hold,61.5
736,hold,62.0
737,hold,62.0
738,hold,62.0
739,hold,63.0
740,hold,63.5
741,sell,65.5
742,hold,66.0
743,hold,66.0
744,buy,65.5
745,hold,65.5
746,hold,67.5
747,sell,67.5
748,buy,67.5
749,hold,67.0
750,hold,67.0
751,hold,66.5
752,hold,68.5
753,sell,67.5
754,buy,66.5
755,hold,66.0
756,hold,65.0
757,hold,63.5
758,hold,62.5
759,hold,62.5
760,hold,63.0
761,hold,65.0
762,hold,64.0
763,hold,64.0
764,hold,64.5
765,hold,64.0
766,hold,62.5
767,hold,62.5
768,hold,63.0
769,hold,63.5
770,hold,63.5
771,hold,62.5
772,hold,61.5
773,hold,61.5
774,hold,63.5
775,hold,63.5
776,hold,64.5
777,hold,67.0
778,sell,66.0
779,buy,67.0
780,hold,67.0
781,hold,66.0
782,hold,65.5
783,hold,63.0
784,hold,63.5
785,hold,62.0
786,hold,61.0
787,hold,60.5
788,hold,60.5
789,hold,62.0
790,hold,63.0
791,hold,59.0
792,hold,55.0
793,hold,58.0
794,hold,58.0
795,hold,58.5
796,hold,61.5
797,hold,60.0
798,hold,60.0
799,hold,59.5
800,hold,59.5
801,hold,62.0
802,hold,62.0
803,hold,61.5
804,hold,61.0
805,hold,60.0
806,hold,61.0
807,hold,60.5
808,hold,63.0
809,hold,61.0
810,hold,61.0
811,hold,59.5
812,hold,61.0
813,hold,61.5
814,hold,62.0
815,hold,64.0
816,sell,63.5
817,buy,63.5
818,hold,62.0
819,hold,60.5
820,hold,57.5
821,hold,58.0
822,hold,59.0
823,hold,55.0
824,hold,55.5
825,hold,57.0
826,hold,55.0
827,hold,57.5
828,hold,57.5
829,hold,57.0
830,hold,55.0
831,hold,51.5
832,hold,52.0
833,hold,55.5
834,hold,55.0
835,hold,55.0
836,hold,54.0
837,hold,54.5
838,hold,56.0
839,hold,57.0
840,hold,58.0
841,hold,56.0
842,hold,56.5
843,hold,55.5
844,hold,53.0
845,hold,53.0
846,hold,55.0
847,hold,56.5
848,hold,55.0
849,hold,53.0
850,hold,50.5
851,hold,43.3
852,hold,43.0
853,hold,43.5
854,hold,44.3
855,hold,42.8
856,hold,43.5
857,hold,45.7
858,hold,45.8
859,hold,46.2
860,hold,45.9
861,hold,46.1
862,hold,48.4
863,hold,48.4
864,hold,46.2
865,hold,44.8
866,hold,46.0
867,hold,44.7
868,hold,45.0
869,hold,46.0
870,hold,44.8
871,hold,44.2
872,hold,44.2
873,hold,43.0
874,hold,42.5
875,hold,42.2
876,hold,41.5
877,hold,43.4
878,hold,43.3
879,hold,42.8
880,hold,40.9
881,hold,41.7
882,hold,41.7
883,hold,41.0
884,hold,42.9
885,hold,42.8
886,hold,44.0
887,hold,43.8
888,hold,45.0
889,hold,44.0
890,hold,43.3
891,hold,43.3
892,hold,43.8
893,hold,43.8
894,hold,43.8
895,hold,43.4
896,hold,43.8
897,hold,44.8
898,hold,46.8
899,hold,46.4
900,hold,47.0
901,hold,48.6
902,hold,48.0
903,hold,48.1
904,hold,47.0
905,hold,47.1
906,hold,45.9
907,hold,44.4
908,hold,44.0
909,hold,44.4
910,hold,43.9
911,hold,43.7
912,hold,44.6
913,hold,45.9
914,hold,45.5
915,hold,45.4
916,hold,45.4
917,hold,44.8
918,hold,45.2
919,hold,46.0
920,hold,45.8
921,hold,44.9
922,hold,43.7
923,hold,43.0
924,hold,42.7
925,hold,43.3
926,hold,44.5
927,hold,45.5
928,hold,45.3
929,hold,45.0
930,hold,45.0
931,hold,43.3
932,hold,42.8
933,hold,42.6
934,hold,42.6
935,hold,42.7
936,hold,42.5
937,hold,42.2
938,hold,43.0
939,hold,42.8
940,hold,43.2
941,hold,43.2
942,hold,42.2
943,hold,41.9
944,hold,43.0
945,hold,43.8
946,hold,43.9
947,hold,45.0
948,hold,46.9
949,hold,47.5
950,hold,47.7
951,hold,47.9
952,hold,47.8
953,hold,48.0
954,hold,46.3
955,hold,47.0
956,hold,47.5
957,hold,48.4
958,hold,49.7
959,sell,50.5
960,buy,50.5
961,hold,48.2
962,hold,48.4
963,hold,48.9
964,hold,48.3
965,hold,47.2
966,hold,46.9
967,hold,47.3
968,hold,46.4
969,hold,48.0
970,hold,48.9
971,hold,48.9
972,hold,49.2
973,hold,48.8
974,hold,48.2
975,hold,48.2
976,hold,47.6
977,hold,48.1
978,hold,49.8
979,hold,50.0
980,sell,49.8
981,buy,50.0
982,hold,49.3
983,hold,49.8
984,hold,50.0
985,hold,50.0
986,hold,49.9
987,hold,50.0
988,hold,50.5
989,hold,50.5
990,hold,50.5
991,hold,51.0
992,hold,49.6
993,hold,48.5
994,hold,48.0
995,hold,47.8
996,hold,48.5
997,hold,48.2
998,hold,47.0
999,hold,46.8
1000,hold,47.0
1001,hold,48.9
1002,hold,49.1
1003,hold,47.7
1004,hold,48.0
1005,hold,47.5
1006,hold,47.0
1007,hold,47.6
1008,hold,49.2
1009,hold,49.4
1010,hold,50.0
1011,hold,52.0
1012,hold,52.5
1013,hold,53.5
1014,hold,53.5
1015,hold,54.5
1016,hold,55.0
1017,hold,54.5
1018,hold,53.5
1019,hold,54.0
1020,hold,54.5
1021,hold,54.0
1022,hold,53.5
1023,hold,53.0
1024,hold,55.0
1025,hold,54.3
1026,hold,54.1
1027,hold,53.5
1028,hold,52.5
1029,hold,52.8
1030,hold,53.7
1031,hold,53.0
1032,hold,52.0
1033,hold,52.5
1034,hold,51.5
1035,hold,51.1
1036,hold,52.0
1037,hold,50.9
1038,hold,50.9
1039,hold,50.6
1040,hold,50.5
1041,hold,50.3
1042,hold,50.6
1043,hold,51.5
1044,hold,51.5
1045,hold,51.1
1046,hold,50.6
1047,hold,51.5
1048,hold,52.6
1049,hold,52.2
1050,hold,51.5
1051,hold,51.4
1052,hold,52.3
1053,hold,51.9
1054,hold,52.3
1055,hold,52.5
1056,hold,51.3
1057,hold,51.3
1058,hold,50.3
1059,hold,50.1
1060,hold,50.1
1061,hold,49.6
1062,hold,49.6
1063,hold,49.8
1064,hold,51.6
1065,hold,52.2
1066,hold,53.0
1067,sell,51.9
1068,buy,52.3
1069,hold,52.5
1070,hold,53.9
1071,hold,54.6
1072,hold,54.7
1073,sell,54.7
1074,buy,53.6
1075,hold,54.5
1076,hold,54.8
1077,hold,54.8
1078,hold,54.3
1079,hold,54.9
1080,hold,56.4
1081,hold,56.5
1082,hold,55.2
1083,hold,56.4
1084,hold,55.8
1085,hold,56.0
1086,hold,56.8
1087,hold,56.7
1088,hold,56.9
1089,hold,55.9
1090,hold,56.9
1091,hold,57.7
1092,hold,58.1
1093,sell,57.5
1094,buy,58.2
1095,hold,58.0
1096,hold,58.1
1097,hold,54.5
1098,hold,54.5
1099,hold,55.0
1100,hold,55.9
1101,hold,56.8
1102,hold,56.9
1103,hold,55.8
1104,hold,56.9
1105,hold,57.2
1106,hold,56.6
1107,hold,56.5
1108,hold,56.4
1109,hold,54.9
1110,hold,55.1
1111,hold,55.7
1112,hold,55.1
1113,hold,54.4
1114,hold,54.6
1115,hold,54.6
1116,hold,53.8
1117,hold,56.8
1118,hold,57.1
1119,hold,56.8
1120,hold,57.0
1121,hold,56.6
1122,hold,56.2
1123,hold,56.4
1124,hold,56.4
1125,hold,56.9
1126,hold,56.1
1127,hold,55.6
1128,hold,53.1
1129,hold,53.9
1130,hold,53.2
1131,hold,53.3
1132,hold,54.9
1133,hold,55.9
1134,hold,54.7
1135,hold,53.4
1136,hold,53.0
1137,hold,52.8
1138,hold,53.6
1139,hold,53.6
1140,hold,53.0
1141,hold,53.0
1142,hold,52.7
1143,hold,52.0
1144,hold,51.6
1145,hold,52.0
1146,hold,52.0
1147,hold,51.5
1148,hold,51.8
1149,hold,52.8
1150,hold,51.3
1151,hold,51.1
1152,hold,54.0
1153,hold,52.6
1154,hold,52.1
1155,hold,52.2
1156,hold,52.0
1157,hold,51.9
1158,hold,51.6
1159,hold,52.7
1160,hold,53.5
1161,hold,53.9
1162,hold,53.9
1163,hold,52.6
1164,hold,53.2
1165,hold,53.6
1166,hold,53.6
1167,hold,52.1
1168,hold,51.4
1169,hold,51.0
1170,hold,51.5
1171,hold,51.2
1172,hold,52.1
1173,hold,53.3
1174,hold,52.8
1175,hold,54.0
1176,hold,54.2
1177,hold,53.7
1178,hold,53.9
1179,hold,52.9
1180,hold,51.8
1181,hold,51.4
1182,hold,51.1
1183,hold,50.1
1184,hold,50.5
1185,hold,49.55
1186,hold,50.3
1187,hold,49.2
1188,hold,50.3
1189,hold,50.8
1190,hold,50.8
1191,hold,49.6
1192,hold,50.4
1193,hold,52.0
1194,hold,51.8
1195,hold,52.7
1196,hold,53.5
1197,hold,54.2
1198,hold,54.4
1199,sell,54.5
1200,hold,55.3
1201,buy,55.9
1202,hold,57.0
1203,sell,57.0
1204,buy,57.0
1205,hold,56.8
1206,hold,56.1
1207,hold,57.1
1208,hold,57.9
1209,hold,58.0
1210,hold,59.7
1211,hold,59.7
1212,hold,59.1
1213,hold,59.5
1214,hold,57.8
1215,hold,59.5
1216,hold,59.3
1217,hold,60.6
1218,hold,62.0
1219,sell,62.5
1220,buy,62.5
1221,hold,61.7
1222,hold,60.8
1223,hold,61.2
1224,hold,62.0
1225,hold,61.1
1226,hold,60.9
1227,hold,62.0
1228,hold,62.5
1229,hold,62.3
1230,hold,63.0
1231,hold,62.3
1232,hold,63.9
1233,sell,63.8
1234,buy,63.8
1235,hold,63.5
1236,hold,63.0
1237,hold,62.5
1238,hold,61.0
1239,hold,62.9
1240,hold,63.4
1241,hold,64.0
1242,hold,65.5
1243,sell,68.1
1244,buy,66.7
1245,hold,65.8
1246,hold,65.5
1247,hold,64.5
1248,hold,63.9
1249,hold,64.6
1250,hold,61.6
1251,hold,62.0
1252,hold,62.5
1253,hold,61.8
1254,hold,61.9
1255,hold,63.5
1256,hold,63.4
1257,hold,66.5
1258,hold,65.0
1259,hold,63.1
1260,hold,63.0
1261,hold,62.6
1262,hold,62.4
1263,hold,62.3
1264,hold,61.3
1265,hold,62.4
1266,hold,61.7
1267,hold,62.7
1268,hold,62.1
1269,hold,61.9
1270,hold,60.8
1271,hold,61.0
1272,hold,60.9
1273,hold,60.4
1274,hold,62.7
1275,hold,61.8
1276,hold,60.9
1277,hold,60.1
1278,hold,59.0
1279,hold,59.8
1280,hold,61.4
1281,hold,61.4
1282,hold,60.0
1283,hold,61.1
1284,hold,60.5
1285,hold,60.7
1286,hold,60.2
1287,hold,60.5
1288,hold,59.6
1289,hold,59.6
1290,hold,59.8
1291,hold,60.3
1292,hold,61.4
1293,hold,61.9
1294,hold,62.9
1295,hold,64.2
1296,hold,64.8
1297,hold,64.5
1298,hold,65.9
1299,sell,67.4
1300,buy,67.0
1301,hold,66.1
1302,hold,66.8
1303,hold,67.2
1304,hold,68.0
1305,sell,67.8
1306,buy,67.9
1307,hold,69.4
1308,hold,69.9
1309,hold,69.3
1310,hold,68.2
1311,hold,67.0
1312,hold,69.0
1313,hold,67.2
1314,hold,68.1
1315,hold,67.2
1316,hold,67.0
1317,hold,67.5
1318,hold,68.5
1319,hold,69.4
1320,hold,68.0
1321,hold,66.5
1322,hold,66.6
1323,hold,64.9
1324,hold,63.2
1325,hold,62.4
1326,hold,63.7
1327,hold,62.5
1328,hold,62.5
1329,hold,60.8
1330,hold,61.1
1331,hold,61.0
1332,hold,59.8
1333,hold,59.5
1334,hold,60.2
1335,hold,60.3
1336,hold,61.4
1337,hold,62.5
1338,hold,60.4
1339,hold,60.8
1340,hold,60.1
1341,hold,55.9
1342,hold,58.5
1343,hold,57.5
1344,hold,56.2
1345,hold,58.1
1346,hold,56.8
1347,hold,59.4
1348,hold,59.4
1349,hold,54.7
1350,hold,55.3
1351,hold,57.7
1352,hold,56.6
1353,hold,57.0
1354,hold,57.4
1355,hold,56.1
1356,hold,56.7
1357,hold,58.4
1358,hold,58.5
1359,hold,58.8
1360,hold,57.7
1361,hold,57.1
1362,hold,56.9
1363,hold,56.9
1364,hold,56.4
1365,hold,57.1
1366,hold,56.3
1367,hold,55.1
1368,hold,53.8
1369,hold,54.1
1370,hold,53.8
1371,hold,56.2
1372,hold,54.9
1373,hold,52.9
1374,hold,53.8
1375,hold,53.9
1376,hold,54.2
1377,hold,54.4
1378,hold,54.8
1379,hold,55.1
1380,hold,54.9
1381,hold,54.9
1382,hold,54.9
1383,hold,54.6
1384,hold,55.5
1385,hold,55.8
1386,hold,56.8
1387,hold,57.4
1388,hold,57.6
1389,hold,57.6
1390,hold,59.0
1391,hold,59.7
1392,hold,59.6
1393,hold,57.9
1394,hold,58.8
1395,hold,58.1
1396,hold,56.9
1397,hold,57.0
1398,hold,56.2
1399,hold,56.5
1400,hold,57.3
1401,hold,58.1
1402,hold,58.8
1403,hold,59.3
1404,hold,58.6
1405,hold,57.8
1406,hold,57.1
1407,hold,56.7
1408,hold,56.3
1409,hold,56.7
1410,hold,58.4
1411,hold,58.4
1412,hold,59.0
1413,hold,59.9
1414,hold,60.5
1415,hold,59.9
1416,hold,60.5
1417,hold,59.7
1418,hold,59.7
1419,hold,60.5
1420,hold,60.9
1421,hold,60.9
1422,hold,59.7
1423,hold,60.2
1424,hold,60.0
1425,hold,58.5
1426,hold,60.7
1427,hold,60.6
1428,hold,61.0
1429,hold,63.2
1430,hold,63.0
1431,hold,65.0
1432,hold,62.9
1433,hold,62.0
1434,hold,61.0
1435,hold,61.8
1436,hold,61.2
1437,hold,63.0
1438,hold,62.3
1439,hold,61.5
1440,hold,62.5
1441,hold,60.7
1442,hold,61.0
1443,hold,60.2
1444,hold,60.8
1445,hold,61.1
1446,hold,60.5
1447,hold,60.6
1448,hold,60.4
1449,hold,60.5
1450,hold,60.8
1451,hold,60.0
1452,hold,60.8
1453,hold,61.8
1454,hold,62.2
1455,hold,62.4
1456,hold,62.2
1457,hold,63.0
1458,sell,63.0
1459,buy,63.5
1460,hold,63.4
1461,hold,64.6
1462,hold,64.0
1463,hold,64.5
1464,hold,65.5
1465,sell,66.5
1466,hold,66.3
1467,buy,66.9
1468,hold,67.9
1469,hold,67.0
1470,hold,66.1
1471,hold,66.5
1472,hold,64.2
1473,hold,64.9
1474,hold,64.1
1475,hold,64.9
1476,hold,66.6
1477,hold,65.1
1478,hold,64.8
1479,hold,64.9
1480,hold,65.6
1481,hold,65.1
1482,hold,66.0
1483,hold,66.4
1484,hold,66.1
1485,hold,67.5
1486,sell,67.7
1487,buy,68.0
1488,hold,67.7
1489,hold,66.9
1490,hold,65.8
1491,hold,66.0
1492,hold,64.2
1493,hold,65.8
1494,hold,69.1
1495,hold,69.2
1496,hold,70.3
1497,hold,70.9
1498,hold,71.2
1499,hold,69.8
1500,hold,69.0
1501,hold,68.8
1502,hold,70.5
1503,hold,71.0
1504,hold,68.0
1505,hold,68.6
1506,hold,68.0
1507,hold,67.4
1508,hold,67.0
1509,hold,67.8
1510,hold,67.8
1511,hold,68.9
1512,hold,68.8
1513,hold,68.4
1514,hold,68.0
1515,hold,67.0
1516,hold,65.8
1517,hold,67.3
1518,hold,68.9
1519,hold,69.3
1520,hold,66.7
1521,hold,66.8
1522,hold,66.1
1523,hold,63.3
1524,hold,65.1
1525,hold,65.5
1526,hold,65.9
1527,hold,66.5
1528,hold,67.2
1529,hold,69.1
1530,hold,67.9
1531,hold,69.0
1532,hold,69.0
1533,hold,69.0
1534,hold,69.2
1535,hold,69.7
1536,hold,70.2
1537,hold,70.0
1538,hold,70.0
1539,hold,69.2
1540,hold,68.3
1541,hold,68.7
1542,hold,67.9
1543,hold,68.2
1544,hold,68.0
1545,hold,69.3
1546,hold,69.0
1547,hold,68.5
1548,hold,69.3
1549,hold,68.5
1550,hold,68.3
1551,hold,68.7
1552,hold,67.5
1553,hold,68.0
1554,hold,68.6
1555,hold,67.4
1556,hold,67.5
1557,hold,68.6
1558,hold,69.8
1559,hold,69.3
1560,hold,69.9
1561,hold,69.0
1562,hold,68.7
1563,hold,68.0
1564,hold,68.4
1565,hold,69.1
1566,hold,68.5
1567,hold,68.0
1568,hold,68.0
1569,hold,68.5
1570,hold,67.5
1571,hold,67.2
1572,hold,66.5
1573,hold,66.6
1574,hold,67.7
1575,hold,68.5
1576,hold,69.2
1577,hold,68.4
1578,hold,68.9
1579,hold,68.5
1580,hold,67.4
1581,hold,67.6
1582,hold,68.6
1583,hold,68.0
1584,hold,68.2
1585,hold,68.8
1586,hold,69.1
1587,hold,69.0
1588,hold,68.9
1589,hold,69.0
1590,hold,65.4
1591,hold,65.6
1592,hold,64.8
1593,hold,64.1
1594,hold,65.0
1595,hold,65.7
1596,hold,68.3
1597,hold,69.2
1598,hold,69.0
1599,hold,68.3
1600,hold,70.4
1601,sell,69.1
1602,buy,69.5
1603,hold,70.4
1604,hold,70.9
1605,hold,71.0
1606,sell,71.2
1607,buy,71.9
1608,hold,71.4
1609,hold,70.5
1610,hold,72.0
1611,sell,72.0
1612,buy,72.4
1613,hold,71.7
1614,hold,73.0
1615,hold,72.5
1616,hold,72.7
1617,hold,71.0
1618,hold,70.0
1619,hold,69.4
1620,hold,68.7
1621,hold,71.3
1622,hold,69.6
1623,hold,68.2
1624,hold,64.0
1625,hold,65.0
1626,hold,65.0
1627,hold,61.3
1628,hold,63.8
1629,hold,63.9
1630,hold,62.6
1631,hold,61.3
1632,hold,62.8
1633,hold,63.8
1634,hold,61.5
1635,hold,62.0
1636,hold,61.9
1637,hold,61.0
1638,hold,59.1
1639,hold,59.0
1640,hold,62.2
1641,hold,61.9
1642,hold,60.9
1643,hold,62.8
1644,hold,61.6
1645,hold,61.6
1646,hold,61.4
1647,hold,60.2
1648,hold,60.5
1649,hold,62.7
1650,hold,62.6
1651,hold,61.6
1652,hold,61.8
1653,hold,62.2
1654,hold,62.0
1655,hold,61.2
1656,hold,61.3
1657,hold,61.5
1658,hold,60.6
1659,hold,61.8
1660,hold,60.8
1661,hold,61.4
1662,hold,61.0
1663,hold,61.5
1664,hold,61.5
1665,hold,63.6
1666,sell,63.6
1667,buy,63.3
1668,hold,63.9
1669,hold,64.9
1670,hold,65.0
1671,hold,64.2
1672,hold,64.6
1673,hold,65.0
1674,hold,64.8
1675,hold,63.3
1676,hold,61.3
1677,hold,62.9
1678,hold,62.4
1679,hold,62.0
1680,hold,62.9
1681,hold,62.0
1682,hold,60.6
1683,hold,61.5
1684,hold,60.8
1685,hold,61.1
1686,hold,61.6
1687,hold,63.9
1688,hold,63.0
1689,hold,63.8
1690,hold,64.2
1691,hold,61.6
1692,hold,62.5
1693,hold,62.6
1694,hold,63.0
1695,hold,61.9
1696,hold,62.3
1697,hold,61.6
1698,hold,61.7
1699,hold,61.5
1700,hold,60.9
1701,hold,60.5
1702,hold,60.5
1703,hold,60.5
1704,hold,58.6
1705,hold,59.9
1706,hold,59.6
1707,hold,61.1
1708,hold,59.1
1709,hold,58.5
1710,hold,60.0
1711,hold,60.6
1712,hold,59.8
1713,hold,60.3
1714,hold,60.9
1715,hold,61.9
1716,hold,62.6
1717,hold,61.1
1718,hold,62.7
1719,hold,61.3
1720,hold,60.7
1721,hold,59.8
1722,hold,59.5
1723,hold,58.8
1724,hold,59.2
1725,hold,59.0
1726,hold,59.0
1727,hold,59.2
1728,hold,59.6
1729,hold,59.5
1730,hold,61.7
1731,hold,60.5
1732,hold,62.0
1733,hold,60.5
1734,hold,59.4
1735,hold,60.0
1736,hold,55.8
1737,hold,56.0
1738,hold,57.0
1739,hold,55.7
1740,hold,55.0
1741,hold,54.9
1742,hold,57.5
1743,hold,55.4
1744,hold,54.7
1745,hold,54.6
1746,hold,53.3
1747,hold,49.6
1748,hold,51.0
1749,hold,53.7
1750,hold,55.5
1751,hold,54.2
1752,hold,57.0
1753,hold,57.8
1754,hold,59.9
1755,sell,61.4
1756,buy,60.0
1757,hold,59.9
1758,hold,62.0
1759,hold,61.5
1760,hold,60.0
1761,hold,61.5
1762,hold,61.1
1763,hold,61.9
1764,hold,60.9
1765,hold,61.2
1766,hold,62.4
1767,hold,63.6
1768,sell,61.6
1769,buy,60.7
1770,hold,62.9
1771,hold,63.3
1772,hold,64.9
1773,sell,64.0
1774,buy,61.2
1775,hold,62.4
1776,hold,63.8
1777,hold,62.0
1778,hold,61.1
1779,hold,59.9
1780,hold,59.9
1781,hold,62.1
1782,hold,62.6
1783,hold,64.8
1784,hold,67.4
1785,hold,67.2
1786,hold,67.0
1787,hold,63.8
1788,hold,62.3
1789,hold,63.1
1790,hold,61.8
1791,hold,64.0
1792,hold,64.4
1793,hold,65.0
1794,hold,64.4
1795,hold,63.1
1796,hold,64.5
1797,hold,64.1
1798,hold,63.0
1799,hold,63.0
1800,hold,65.2
1801,hold,67.1
1802,hold,66.8
1803,hold,67.4
1804,hold,67.3
1805,hold,64.6
1806,hold,63.9
1807,hold,64.7
1808,hold,66.5
1809,hold,64.7
1810,hold,66.7
1811,hold,68.0
1812,hold,67.2
1813,hold,68.0
1814,hold,68.2
1815,hold,67.5
1816,hold,66.3
1817,hold,67.6
1818,hold,68.9
1819,hold,68.6
1820,hold,68.6
1821,hold,69.2
1822,hold,69.4
1823,hold,68.2
1824,hold,67.3
1825,hold,66.9
1826,hold,65.5
1827,hold,65.5
1828,hold,65.8
1829,hold,67.0
1830,hold,67.1
1831,hold,65.6
1832,hold,67.6
1833,hold,66.1
1834,hold,67.1
1835,hold,67.8
1836,hold,68.4
1837,hold,65.3
1838,hold,63.9
1839,hold,65.9
1840,hold,64.8
1841,hold,64.8
1842,hold,65.9
1843,hold,65.2
1844,hold,65.5
1845,hold,64.3
1846,hold,63.7
1847,hold,64.1
1848,hold,64.2
1849,hold,66.2
1850,hold,65.0
1851,hold,64.0
1852,hold,65.0
1853,hold,64.2
1854,hold,61.8
1855,hold,58.8
1856,hold,59.0
1857,hold,60.1
1858,hold,58.9
1859,hold,59.5
1860,hold,59.5
1861,hold,62.4
1862,hold,60.6
1863,hold,57.6
1864,hold,53.8
1865,hold,57.5
1866,hold,58.0
1867,hold,59.8
1868,hold,57.9
1869,hold,57.6
1870,hold,58.9
1871,hold,57.8
1872,hold,55.0
1873,hold,57.0
1874,hold,56.2
1875,hold,56.0
1876,hold,55.7
1877,hold,55.4
1878,hold,58.8
1879,hold,59.5
1880,hold,60.5
1881,hold,60.6
1882,hold,61.2
1883,hold,61.2
1884,hold,60.5
1885,hold,60.6
1886,hold,60.1
1887,hold,60.0
1888,hold,60.0
1889,hold,59.4
1890,hold,60.2
1891,hold,60.5
1892,hold,60.0
1893,hold,60.4
1894,hold,60.1
1895,hold,58.9
1896,hold,56.6
1897,hold,54.3
1898,hold,55.0
1899,hold,53.4
1900,hold,53.0
1901,hold,56.7
1902,hold,54.3
1903,hold,53.7
1904,hold,52.3
1905,hold,52.7
1906,hold,51.7
1907,hold,51.0
1908,hold,52.9
1909,hold,52.0
1910,hold,55.6
1911,hold,55.8
1912,hold,55.0
1913,hold,53.3
1914,hold,53.0
1915,hold,53.4
1916,hold,52.5
1917,hold,52.5
1918,hold,51.4
1919,hold,51.4
1920,hold,49.0
1921,hold,49.7
1922,hold,46.25
1923,hold,46.1
1924,hold,46.65
1925,hold,49.9
1926,hold,48.2
1927,hold,46.55
1928,hold,44.95
1929,hold,44.2
1930,hold,44.1
1931,hold,42.6
1932,hold,41.15
1933,hold,39.75
1934,hold,38.3
1935,hold,39.7
1936,hold,42.0
1937,hold,44.9
1938,hold,48.0
1939,hold,47.0
1940,hold,48.0
1941,hold,48.0
1942,hold,44.65
1943,hold,43.5
1944,hold,43.2
1945,hold,43.1
1946,hold,43.4
1947,hold,40.5
1948,hold,41.7
1949,hold,40.8
1950,hold,38.5
1951,hold,38.0
1952,hold,36.8
1953,hold,38.5
1954,hold,37.3
1955,hold,39.9
1956,hold,39.0
1957,hold,40.9
1958,hold,40.8
1959,hold,40.8
1960,hold,37.95
1961,hold,37.15
1962,hold,37.05
1963,hold,37.2
1964,hold,39.8
1965,hold,40.8
1966,hold,43.65
1967,sell,44.9
1968,hold,41.8
1969,buy,43.45
1970,hold,44.5
1971,hold,46.0
1972,hold,45.0
1973,hold,44.95
1974,hold,44.6
1975,hold,43.85
1976,hold,43.4
1977,hold,43.1
1978,hold,43.4
1979,hold,43.35
1980,hold,45.2
1981,hold,44.4
1982,hold,46.25
1983,hold,45.6
1984,hold,44.55
1985,hold,41.55
1986,hold,41.0
1987,hold,41.0
1988,hold,41.65
1989,hold,43.8
1990,hold,43.0
1991,hold,41.0
1992,hold,41.7
1993,hold,41.45
1994,hold,41.0
1995,hold,39.6
1996,hold,40.2
1997,hold,41.8
1998,hold,42.85
1999,hold,42.9
2000,hold,42.4
2001,hold,44.7
2002,hold,45.5
2003,hold,44.85
2004,hold,46.05
2005,hold,45.35
2006,hold,45.95
2007,hold,45.85
2008,hold,43.8
2009,hold,44.6
2010,hold,45.4
2011,hold,43.9
2012,hold,45.0
2013,hold,44.0
2014,hold,44.7
2015,hold,45.0
2016,hold,44.95
2017,hold,44.75
2018,hold,44.6
2019,hold,46.0
2020,hold,46.6
2021,hold,48.5
2022,hold,48.25
2023,hold,47.15
2024,hold,48.7
2025,hold,48.25
2026,hold,49.5
2027,hold,50.0
2028,hold,50.0
2029,hold,50.4
2030,hold,49.2
2031,hold,47.7
2032,hold,50.3
2033,hold,52.4
2034,sell,52.2
2035,buy,51.7
2036,hold,51.9
2037,hold,52.0
2038,hold,51.4
2039,hold,50.7
2040,hold,52.4
2041,hold,52.6
2042,hold,52.4
2043,hold,52.1
2044,hold,50.2
2045,hold,52.4
2046,hold,53.0
2047,hold,52.7
2048,hold,52.5
2049,hold,52.0
2050,hold,51.3
2051,hold,50.4
2052,hold,51.9
2053,hold,51.6
2054,hold,50.7
2055,hold,51.3
2056,hold,50.5
2057,hold,50.5
2058,hold,51.0
2059,hold,51.6
2060,hold,55.2
2061,sell,59.0
2062,hold,58.0
2063,buy,57.5
2064,hold,56.5
2065,hold,56.3
2066,hold,56.2
2067,hold,55.4
2068,hold,56.4
2069,hold,54.5
2070,hold,54.8
2071,hold,56.0
2072,hold,57.0
2073,hold,56.2
2074,hold,56.6
2075,hold,56.2
2076,hold,55.7
2077,hold,56.6
2078,hold,60.4
2079,sell,59.0
2080,buy,59.9
2081,hold,59.8
2082,hold,57.9
2083,hold,57.4
2084,hold,57.7
2085,hold,56.6
2086,hold,56.1
2087,hold,58.2
2088,hold,58.3
2089,hold,56.0
2090,hold,53.3
2091,hold,53.6
2092,hold,52.0
2093,hold,52.7
2094,hold,52.3
2095,hold,53.0
2096,hold,51.3
2097,hold,52.9
2098,hold,53.7
2099,hold,54.4
2100,hold,53.4
2101,hold,54.7
2102,hold,55.0
2103,hold,55.1
2104,hold,55.0
2105,hold,54.4
2106,hold,55.4
2107,hold,54.4
2108,hold,55.3
2109,hold,56.1
2110,hold,55.0
2111,hold,55.8
2112,hold,53.6
2113,hold,54.1
2114,hold,54.0
2115,hold,54.8
2116,hold,55.5
2117,hold,55.3
2118,hold,56.5
2119,hold,57.2
2120,hold,57.6
2121,hold,57.9
2122,sell,56.5
2123,buy,56.0
2124,hold,58.9
2125,hold,58.3
2126,hold,57.6
2127,hold,56.9
2128,hold,56.8
2129,hold,57.8
2130,hold,57.1
2131,hold,57.5
2132,hold,58.6
2133,hold,58.9
2134,hold,57.8
2135,hold,57.6
2136,hold,57.4
2137,hold,57.7
2138,hold,56.8
2139,hold,58.4
2140,hold,58.7
2141,hold,59.0
2142,hold,58.8
2143,hold,59.5
2144,sell,59.2
2145,buy,61.0
2146,sell,59.6
2147,buy,59.8
2148,hold,60.0
2149,hold,62.0
2150,sell,62.7
2151,buy,62.0
2152,hold,63.5
2153,hold,62.4
2154,hold,61.5
2155,hold,62.5
2156,hold,62.7
2157,hold,62.5
2158,hold,62.7
2159,hold,62.3
2160,hold,62.5
2161,hold,62.3
2162,hold,60.8
2163,hold,61.1
2164,hold,60.7
2165,hold,63.7
2166,hold,64.5
2167,hold,65.0
2168,hold,62.7
2169,hold,62.0
2170,hold,62.4
2171,hold,62.1
2172,hold,60.9
2173,hold,61.1
2174,hold,61.2
2175,hold,61.8
2176,hold,63.5
2177,hold,63.8
2178,hold,61.9
2179,hold,61.4
2180,hold,62.0
2181,hold,61.6
2182,hold,61.8
2183,hold,61.5
2184,hold,61.5
2185,hold,61.3
2186,hold,60.5
2187,hold,60.3
2188,hold,60.0
2189,hold,59.8
2190,hold,59.2
2191,hold,59.6
2192,hold,59.7
2193,hold,60.0
2194,hold,60.0
2195,hold,60.5
2196,hold,62.2
2197,hold,62.2
2198,hold,61.8
2199,hold,62.4
2200,hold,62.6
2201,hold,62.9
2202,hold,62.9
2203,hold,61.7
2204,hold,62.0
2205,hold,62.4
2206,hold,62.7
2207,hold,62.0
2208,hold,60.0
2209,hold,61.1
2210,hold,60.7
2211,hold,60.8
2212,hold,61.5
2213,hold,61.5
2214,hold,62.5
2215,hold,62.4
2216,hold,62.4
2217,hold,61.3
2218,hold,62.6
2219,hold,62.7
2220,hold,62.7
2221,hold,61.8
2222,hold,62.2
2223,hold,61.9
2224,hold,62.2
2225,hold,62.9
2226,sell,63.4
2227,buy,63.6
2228,hold,63.4
2229,hold,63.7
2230,hold,63.3
2231,hold,63.9
2232,hold,64.5
2233,sell,64.9
2234,buy,64.5
2235,hold,64.9
2236,hold,64.2
2237,hold,64.0
2238,hold,64.5
2239,hold,63.6
2240,hold,62.8
2241,hold,63.2
2242,hold,63.5
2243,hold,62.9
2244,hold,62.5
2245,hold,63.0
2246,hold,62.6
2247,hold,61.1
2248,hold,60.4
2249,hold,60.1
2250,hold,59.6
2251,hold,60.0
2252,hold,61.5
2253,hold,59.8
2254,hold,59.0
2255,hold,59.8
2256,hold,59.1
2257,hold,57.2
2258,hold,58.0
2259,hold,57.4
2260,hold,58.6
2261,hold,58.4
2262,hold,59.0
2263,hold,59.8
2264,hold,58.5
2265,hold,58.2
2266,hold,58.8
2267,hold,59.6
2268,hold,59.9
2269,hold,60.0
2270,hold,59.2
2271,hold,60.4
2272,hold,61.2
2273,sell,61.3
2274,buy,61.4
2275,sell,61.4
2276,buy,60.8
2277,hold,59.8
2278,hold,59.7
2279,hold,60.5
2280,hold,60.4
2281,hold,60.0
2282,hold,59.0
2283,hold,59.6
2284,hold,60.6
2285,hold,61.5
2286,hold,62.0
2287,sell,62.2
2288,buy,62.2
2289,hold,61.5
2290,hold,62.1
2291,hold,62.4
2292,hold,63.4
2293,hold,63.5
2294,sell,62.3
2295,buy,62.7
2296,hold,63.1
2297,hold,62.9
2298,hold,63.8
2299,sell,64.4
2300,buy,63.0
2301,hold,62.6
2302,hold,62.8
2303,hold,62.4
2304,hold,61.6
2305,hold,61.7
2306,hold,63.5
2307,hold,63.7
2308,hold,62.1
2309,hold,61.6
2310,hold,61.8
2311,hold,61.6
2312,hold,61.0
2313,hold,59.8
2314,hold,59.5
2315,hold,59.4
2316,hold,59.8
2317,hold,60.1
2318,hold,60.1
2319,hold,61.2
2320,hold,61.2
2321,hold,59.2
2322,hold,59.5
2323,hold,59.3
2324,hold,58.9
2325,hold,58.8
2326,hold,59.0
2327,hold,58.4
2328,hold,58.9
2329,hold,58.7
2330,hold,58.7
2331,hold,60.2
2332,hold,59.8
2333,hold,59.8
2334,hold,60.8
2335,hold,61.0
2336,sell,59.2
2337,buy,58.5
2338,hold,58.6
2339,hold,59.4
2340,hold,60.5
2341,hold,61.1
2342,hold,61.4
2343,hold,62.1
2344,hold,62.7
2345,sell,63.3
2346,buy,62.6
2347,hold,62.1
2348,hold,62.0
2349,hold,61.4
2350,hold,61.7
2351,hold,61.0
2352,hold,60.6
2353,hold,60.0
2354,hold,60.3
2355,hold,61.4
2356,hold,59.9
2357,hold,59.5
2358,hold,60.4
2359,hold,60.4
2360,hold,59.8
2361,hold,59.6
2362,hold,60.4
2363,hold,60.3
2364,hold,59.9
2365,hold,61.1
2366,hold,61.5
2367,hold,61.8
2368,hold,62.0
2369,hold,62.8
2370,hold,62.6
2371,hold,62.5
2372,hold,63.0
2373,hold,63.0
2374,hold,62.4
2375,hold,62.3
2376,hold,62.0
2377,hold,62.0
2378,hold,61.9
2379,hold,60.9
2380,hold,60.7
2381,hold,61.0
2382,hold,61.0
2383,hold,60.2
2384,hold,60.1
2385,hold,60.3
2386,hold,59.8
2387,hold,59.6
2388,hold,60.1
2389,hold,59.9
2390,hold,60.1
2391,hold,59.6
2392,hold,58.7
2393,hold,58.8
2394,hold,58.8
2395,hold,59.4
2396,hold,58.9
2397,hold,59.1
2398,hold,59.5
2399,hold,59.8
2400,hold,60.5
2401,hold,60.2
2402,hold,59.3
2403,hold,59.5
2404,hold,59.3
2405,hold,60.9
2406,sell,61.0
2407,buy,61.2
2408,sell,60.5
2409,buy,61.2
2410,hold,62.0
2411,sell,61.8
2412,buy,60.0
2413,hold,60.1
2414,hold,60.7
2415,hold,61.0
2416,hold,61.5
2417,hold,62.0
2418,hold,62.0
2419,hold,61.9
2420,hold,61.1
2421,hold,61.8
2422,hold,61.3
2423,hold,61.8
2424,hold,61.5
2425,hold,61.0
2426,hold,61.0
2427,hold,61.8
2428,hold,61.9
2429,hold,60.5
2430,hold,60.7
2431,hold,61.0
2432,hold,61.0
2433,hold,61.8
2434,hold,62.0
2435,hold,62.3
2436,sell,62.0
2437,buy,62.7
2438,hold,62.8
2439,hold,63.5
2440,sell,63.3
2441,buy,63.9
2442,hold,63.9
2443,hold,64.2
2444,hold,63.3
2445,hold,64.0
2446,hold,64.2
2447,hold,63.7
2448,hold,63.0
2449,hold,63.9
2450,hold,64.5
2451,hold,63.8
2452,hold,63.3
2453,hold,63.7
2454,hold,63.8
2455,hold,63.4
2456,hold,63.2
2457,hold,64.4
2458,hold,64.4
2459,hold,64.3
2460,hold,63.4
2461,hold,64.6
2462,hold,66.2
2463,hold,68.3
2464,hold,68.5
2465,hold,68.0
2466,hold,68.0
2467,hold,70.0
2468,hold,69.7
2469,hold,69.4
2470,hold,69.0
2471,hold,70.0
2472,hold,71.2
2473,hold,72.9
2474,hold,71.2
2475,hold,71.3
2476,hold,71.2
2477,hold,71.0
2478,hold,70.8
2479,hold,70.7
2480,hold,70.9
2481,hold,70.6
2482,hold,70.6
2483,hold,71.0
2484,hold,71.1
2485,hold,71.2
2486,hold,69.8
2487,hold,71.0
2488,hold,72.5
2489,hold,74.2
2490,sell,74.5
2491,buy,74.9
2492,hold,74.6
2493,hold,74.8
2494,hold,75.8
2495,hold,76.8
2496,hold,78.0
2497,hold,76.4
2498,hold,74.6
2499,hold,75.3
2500,hold,75.0
2501,hold,74.6
2502,hold,75.2
2503,hold,76.3
2504,hold,75.5
2505,hold,73.8
2506,hold,72.0
2507,hold,71.4
2508,hold,72.5
2509,hold,72.5
2510,hold,72.1
2511,hold,72.5
2512,hold,73.0
2513,hold,73.4
2514,hold,72.5
2515,hold,71.0
2516,hold,70.5
2517,hold,70.5
2518,hold,71.4
2519,hold,70.4
2520,hold,70.8
2521,hold,71.8
2522,hold,70.9
2523,hold,71.5
2524,hold,71.4
2525,hold,70.5
2526,hold,70.0
2527,hold,70.3
2528,hold,68.0
2529,hold,68.5
2530,hold,67.4
2531,hold,68.3
2532,hold,69.0
2533,hold,68.6
2534,hold,68.7
2535,hold,69.4
2536,hold,71.2
2537,hold,71.0
2538,hold,70.8
2539,hold,70.3
2540,hold,70.6
2541,hold,70.7
2542,hold,72.9
2543,sell,72.8
2544,buy,72.9
2545,hold,71.1
2546,hold,70.1
2547,hold,70.7
2548,hold,69.8
2549,hold,69.2
2550,hold,69.0
2551,hold,68.1
2552,hold,69.8
2553,hold,70.7
2554,hold,70.9
2555,hold,70.3
2556,hold,70.3
2557,hold,72.3
2558,hold,73.0
2559,hold,73.2
2560,hold,74.6
2561,hold,73.8
2562,hold,74.8
2563,sell,75.0
2564,buy,75.5
2565,hold,74.4
2566,hold,75.0
2567,hold,75.7
2568,hold,75.9
2569,hold,74.9
2570,hold,75.6
2571,hold,75.3
2572,hold,75.2
2573,hold,75.5
2574,hold,75.1
2575,hold,74.8
2576,hold,74.5
2577,hold,74.2
2578,hold,74.0
2579,hold,75.1
2580,hold,76.7
2581,hold,77.0
2582,hold,76.4
2583,hold,77.2
2584,hold,77.5
2585,hold,77.5
2586,hold,76.9
2587,hold,75.3
2588,hold,74.7
2589,hold,76.2
2590,hold,77.0
2591,hold,75.5
2592,hold,74.2
2593,hold,74.9
2594,hold,75.9
2595,hold,75.0
2596,hold,74.2
2597,hold,72.9
2598,hold,72.0
2599,hold,72.5
2600,hold,71.4
2601,hold,72.2
2602,hold,72.8
2603,hold,73.5
2604,hold,73.2
2605,hold,72.8
2606,hold,71.6
2607,hold,72.5
2608,hold,71.3
2609,hold,70.3
2610,hold,72.2
2611,hold,70.7
2612,hold,69.9
2613,hold,69.7
2614,hold,68.5
2615,hold,71.6
2616,hold,71.6
2617,hold,72.0
2618,hold,72.0
2619,hold,73.7
2620,sell,73.4
2621,buy,73.0
2622,hold,72.0
2623,hold,72.6
2624,hold,71.4
2625,hold,70.1
2626,hold,70.0
2627,hold,66.6
2628,hold,65.2
2629,hold,63.3
2630,hold,65.8
2631,hold,66.4
2632,hold,65.1
2633,hold,66.8
2634,hold,66.0
2635,hold,65.8
2636,hold,64.4
2637,hold,63.9
2638,hold,65.0
2639,hold,66.8
2640,hold,67.5
2641,hold,67.0
2642,hold,67.9
2643,hold,69.4
2644,hold,69.0
2645,hold,69.4
2646,hold,68.6
2647,hold,67.5
2648,hold,66.6
2649,hold,66.1
2650,hold,68.6
2651,hold,68.7
2652,hold,69.3
2653,hold,68.4
2654,hold,67.2
2655,hold,69.1
2656,hold,71.1
2657,hold,71.2
2658,hold,70.5
2659,hold,72.0
2660,hold,69.0
2661,hold,67.5
2662,hold,67.2
2663,hold,69.9
2664,hold,70.3
2665,hold,70.3
2666,hold,70.0
2667,hold,68.6
2668,hold,69.1
2669,hold,69.1
2670,hold,69.0
2671,hold,69.1
2672,hold,70.0
2673,hold,70.4
2674,hold,70.4
2675,hold,70.3
2676,hold,71.1
2677,sell,70.7
2678,buy,71.1
2679,sell,69.7
2680,buy,70.3
2681,hold,71.7
2682,hold,71.5
2683,hold,71.9
2684,hold,71.9
2685,hold,73.1
2686,hold,73.6
2687,hold,73.8
2688,hold,73.9
2689,hold,73.5
2690,hold,74.6
2691,hold,75.0
2692,hold,74.5
2693,hold,74.1
2694,hold,72.6
2695,hold,73.4
2696,hold,75.9
2697,hold,76.0
2698,sell,75.4
2699,buy,75.7
2700,hold,74.2
2701,hold,73.3
2702,hold,74.0
2703,hold,73.4
2704,hold,72.8
2705,hold,71.6
2706,hold,73.6
2707,hold,73.6
2708,hold,74.6
2709,hold,76.6
2710,sell,76.0
2711,buy,76.3
2712,hold,75.4
2713,hold,76.4
2714,hold,76.3
2715,hold,74.1
2716,hold,75.0
2717,hold,75.2
2718,hold,74.5
2719,hold,72.5
2720,hold,72.7
2721,hold,72.5
2722,hold,72.8
2723,hold,76.0
2724,hold,75.0
2725,hold,75.4
2726,hold,75.0
2727,hold,75.5
2728,hold,75.7
2729,hold,75.8
2730,hold,75.8
2731,hold,75.0
2732,hold,75.7
2733,hold,75.8
2734,hold,76.0
2735,hold,75.6
2736,hold,75.6
2737,hold,76.5
2738,sell,76.5
2739,buy,77.0
2740,hold,77.5
2741,hold,75.3
2742,hold,75.6
2743,hold,76.7
2744,hold,78.7
2745,hold,78.5
2746,hold,77.0
2747,hold,76.8
2748,hold,76.2
2749,hold,76.5
2750,hold,77.4
2751,hold,77.4
2752,hold,77.5
2753,hold,78.0
2754,hold,76.9
2755,hold,76.6
2756,hold,77.3
2757,hold,78.5
2758,hold,78.5
2759,hold,80.0
2760,hold,80.0
2761,hold,80.0
2762,hold,79.7
2763,hold,78.1
2764,hold,79.1
2765,hold,81.1
2766,sell,80.1
2767,buy,80.0
2768,hold,79.3
2769,hold,78.9
2770,hold,79.5
2771,hold,79.1
2772,hold,79.7
2773,hold,80.0
2774,hold,80.0
2775,hold,81.3
2776,sell,83.2
2777,hold,83.2
2778,hold,81.1
2779,buy,83.7
2780,hold,83.2
2781,hold,84.9
2782,hold,85.2
2783,hold,85.4
2784,hold,83.6
2785,hold,85.8
2786,sell,85.5
2787,buy,84.1
2788,hold,84.9
2789,hold,85.1
2790,hold,85.0
2791,hold,83.1
2792,hold,83.8
2793,hold,83.0
2794,hold,82.0
2795,hold,82.4
2796,hold,82.6
2797,hold,84.9
2798,hold,84.9
2799,hold,83.8
2800,hold,85.0
2801,hold,85.8
2802,sell,84.3
2803,buy,84.3
2804,hold,84.6
2805,hold,84.2
2806,hold,84.0
2807,hold,86.0
2808,hold,86.8
2809,hold,88.4
2810,hold,88.9
2811,hold,87.6
2812,hold,85.6
2813,hold,84.4
2814,hold,84.6
2815,hold,85.3
2816,hold,85.5
2817,hold,85.4
2818,hold,85.5
2819,hold,83.4
2820,hold,85.1
2821,hold,81.8
2822,hold,82.5
2823,hold,82.2
2824,hold,79.1
2825,hold,80.6
2826,hold,80.0
2827,hold,81.6
2828,hold,82.3
2829,hold,81.7
2830,hold,85.1
2831,hold,79.9
2832,hold,76.5
2833,hold,78.2
2834,hold,77.8
2835,hold,79.8
2836,hold,77.9
2837,hold,80.4
2838,hold,79.4
2839,hold,80.0
2840,hold,79.2
2841,hold,78.1
2842,hold,80.8
2843,hold,80.5
2844,hold,81.6
2845,hold,80.6
2846,hold,80.1
2847,hold,79.6
2848,hold,78.7
2849,hold,79.3
2850,hold,79.9
2851,hold,81.3
2852,hold,83.3
2853,hold,84.2
2854,hold,81.2
2855,hold,81.0
2856,hold,80.9
2857,hold,80.0
2858,hold,79.1
2859,hold,78.1
2860,hold,75.7
2861,hold,75.8
2862,hold,75.5
2863,hold,74.8
2864,hold,74.8
2865,hold,77.5
2866,hold,76.7
2867,hold,74.3
2868,hold,74.8
2869,hold,74.6
2870,hold,76.3
2871,hold,79.3
2872,hold,79.0
2873,hold,81.0
2874,sell,80.0
2875,buy,79.8
2876,hold,80.9
2877,hold,81.4
2878,hold,80.5
2879,hold,82.3
2880,sell,82.0
2881,buy,82.7
2882,hold,83.2
2883,hold,83.0
2884,hold,82.9
2885,hold,82.0
2886,hold,82.4
2887,hold,83.6
2888,hold,82.4
2889,hold,82.7
2890,hold,82.0
2891,hold,83.0
2892,hold,82.4
2893,hold,82.7
2894,hold,82.7
2895,hold,83.3
2896,hold,83.9
2897,sell,84.0
2898,hold,82.0
2899,buy,81.1
2900,hold,83.8
2901,hold,83.5
2902,hold,84.4
2903,hold,84.5
2904,hold,85.0
2905,sell,86.5
2906,hold,86.5
2907,buy,85.7
2908,hold,86.0
2909,hold,85.3
2910,hold,85.7
2911,hold,86.1
2912,hold,85.9
2913,hold,86.4
2914,hold,87.6
2915,hold,89.8
2916,sell,88.9
2917,buy,89.6
2918,hold,89.8
2919,hold,90.6
2920,sell,91.0
2921,buy,89.1
2922,hold,87.1
2923,hold,85.5
2924,hold,86.3
2925,hold,86.4
2926,hold,87.5
2927,hold,87.4
2928,hold,88.1
2929,hold,86.7
2930,hold,86.0
2931,hold,85.7
2932,hold,85.4
2933,hold,84.8
2934,hold,87.3
2935,hold,88.1
2936,hold,88.0
2937,hold,88.7
2938,hold,89.2
2939,sell,89.9
2940,buy,90.3
2941,sell,90.4
2942,buy,91.0
2943,sell,90.5
2944,buy,90.8
2945,hold,91.3
2946,hold,90.3
2947,hold,90.5
2948,hold,90.2
2949,hold,90.2
2950,hold,90.0
2951,hold,90.4
2952,hold,90.5
2953,hold,91.3
2954,hold,95.5
2955,sell,95.3
2956,buy,96.3
2957,sell,95.9
2958,buy,96.5
2959,hold,98.7
2960,hold,97.9
2961,hold,96.6
2962,hold,96.9
2963,hold,96.6
2964,hold,98.1
2965,hold,96.5
2966,hold,98.3
2967,hold,98.4
2968,hold,99.2
2969,hold,98.4
2970,hold,97.0
2971,hold,96.7
2972,hold,97.3
2973,hold,96.0
2974,hold,94.8
2975,hold,95.7
2976,hold,95.2
2977,hold,96.5
2978,hold,96.0
2979,hold,95.6
2980,hold,97.0
2981,hold,99.6
2982,hold,101.0
2983,hold,101.5
2984,hold,100.5
2985,hold,99.7
2986,hold,100.0
2987,hold,101.0
2988,hold,101.0
2989,hold,102.0
2990,sell,100.5
2991,buy,99.2
2992,hold,99.3
2993,hold,101.5
2994,hold,100.5
2995,hold,101.0
2996,hold,101.0
2997,hold,99.9
2998,hold,99.0
2999,hold,99.3
3000,hold,101.0
3001,hold,101.5
3002,hold,101.5
3003,hold,101.5
3004,hold,103.0
3005,sell,103.0
3006,hold,105.0
3007,hold,107.0
3008,buy,107.0
3009,hold,109.0
3010,hold,107.0
3011,hold,105.5
3012,hold,107.0
3013,hold,105.0
3014,hold,103.5
3015,hold,104.5
3016,hold,105.0
3017,hold,102.0
3018,hold,104.0
3019,hold,104.0
3020,hold,103.0
3021,hold,103.5
3022,hold,102.0
3023,hold,102.5
3024,hold,104.5
3025,hold,104.0
3026,hold,103.0
3027,hold,100.5
3028,hold,100.0
3029,hold,98.8
3030,hold,98.7
3031,hold,98.0
3032,hold,99.5
3033,hold,99.0
3034,hold,100.5
3035,hold,100.0
3036,hold,100.5
3037,hold,101.0
3038,hold,100.5
3039,hold,100.5
3040,hold,98.5
3041,hold,97.5
3042,hold,98.3
3043,hold,101.5
3044,hold,100.5
3045,hold,99.4
3046,hold,100.5
3047,hold,100.0
3048,hold,99.9
3049,hold,106.5
3050,sell,108.5
3051,buy,106.0
3052,hold,106.0
3053,hold,107.0
3054,hold,108.5
3055,hold,108.0
3056,hold,109.5
3057,sell,110.5
3058,buy,110.0
3059,hold,111.5
3060,hold,112.5
3061,hold,114.5
3062,hold,115.0
3063,hold,114.5
3064,hold,114.5
3065,hold,115.5
3066,hold,115.0
3067,hold,113.5
3068,hold,113.5
3069,hold,114.0
3070,hold,112.5
3071,hold,112.0
3072,hold,108.0
3073,hold,109.5
3074,hold,112.0
3075,hold,109.5
3076,hold,111.0
3077,hold,110.0
3078,hold,109.5
3079,hold,107.5
3080,hold,109.0
3081,hold,109.5
3082,hold,107.5
3083,hold,108.5
3084,hold,108.5
3085,hold,108.0
3086,hold,104.5
3087,hold,106.0
3088,hold,106.0
3089,hold,106.5
3090,hold,105.5
3091,hold,104.0
3092,hold,103.5
3093,hold,101.0
3094,hold,101.0
3095,hold,101.5
3096,hold,104.5
3097,hold,111.0
3098,sell,108.0
3099,buy,110.0
3100,hold,107.0
3101,hold,107.0
3102,hold,109.0
3103,hold,105.0
3104,hold,106.0
3105,hold,106.0
3106,hold,109.5
3107,hold,110.0
3108,hold,109.5
3109,hold,108.0
3110,hold,109.0
3111,hold,105.5
3112,hold,98.2
3113,hold,97.0
3114,hold,100.0
3115,hold,102.0
3116,hold,102.5
3117,hold,102.5
3118,hold,100.0
3119,hold,102.0
3120,hold,102.5
3121,hold,100.5
3122,hold,100.5
3123,hold,100.5
3124,hold,98.8
3125,hold,97.0
3126,hold,96.4
3127,hold,96.4
3128,hold,96.0
3129,hold,97.2
3130,hold,96.8
3131,hold,96.0
3132,hold,96.5
3133,hold,95.5
3134,hold,94.4
3135,hold,94.5
3136,hold,97.0
3137,hold,96.8
3138,hold,95.6
3139,hold,96.8
3140,hold,98.7
3141,hold,100.5
3142,sell,102.0
3143,hold,102.0
3144,buy,100.5
3145,hold,101.5
3146,hold,102.0
3147,hold,103.0
3148,sell,104.5
3149,hold,104.5
3150,hold,103.5
3151,buy,102.5
3152,hold,102.5
3153,hold,105.5
3154,sell,105.5
3155,hold,103.0
3156,buy,105.5
3157,hold,105.0
3158,hold,103.0
3159,hold,101.5
3160,hold,103.0
3161,hold,100.5
3162,hold,101.5
3163,hold,103.0
3164,hold,105.0
3165,hold,104.0
3166,hold,103.0
3167,hold,105.0
3168,hold,105.0
3169,hold,106.5
3170,hold,105.0
3171,hold,107.0
3172,hold,106.0
3173,hold,107.0
3174,hold,110.0
3175,sell,110.0
3176,buy,111.5
3177,sell,111.0
3178,buy,110.0
3179,hold,107.0
3180,hold,109.5
3181,hold,109.5
3182,hold,110.0
3183,hold,109.5
3184,hold,109.5
3185,hold,109.0
3186,hold,106.5
3187,hold,107.0
3188,hold,107.0
3189,hold,106.0
3190,hold,104.5
3191,hold,105.0
3192,hold,103.0
3193,hold,103.5
3194,hold,104.0
3195,hold,104.0
3196,hold,105.0
3197,hold,103.0
3198,hold,101.0
3199,hold,100.0
3200,hold,101.0
3201,hold,103.5
3202,hold,105.0
3203,hold,105.0
3204,hold,105.0
3205,hold,104.5
3206,hold,104.0
3207,hold,105.0
3208,hold,104.0
3209,hold,103.0
3210,hold,105.0
3211,hold,104.0
3212,hold,105.0
3213,hold,103.0
3214,hold,102.5
3215,hold,102.0
3216,hold,103.5
3217,hold,101.0
3218,hold,102.5
3219,hold,102.0
3220,hold,104.0
3221,hold,103.0
3222,hold,103.0
3223,hold,104.0
3224,hold,104.5
3225,hold,106.0
3226,sell,105.5
3227,buy,104.5
3228,hold,102.5
3229,hold,102.5
3230,hold,102.0
3231,hold,104.0
3232,hold,101.0
3233,hold,102.0
3234,hold,103.0
3235,hold,103.5
3236,hold,105.0
3237,hold,107.0
3238,hold,107.5
3239,hold,107.5
3240,hold,106.5
3241,hold,107.5
3242,hold,107.5
3243,hold,108.0
3244,hold,105.0
3245,hold,100.5
3246,hold,102.0
3247,hold,104.0
3248,hold,103.0
3249,hold,104.5
3250,hold,105.0
3251,hold,105.0
3252,hold,107.5
3253,hold,108.5
3254,sell,108.0
3255,buy,108.0
3256,hold,106.5
3257,hold,107.5
3258,hold,107.0
3259,hold,108.0
3260,hold,107.5
3261,hold,108.0
3262,hold,108.0
3263,hold,107.5
3264,hold,110.0
3265,sell,113.0
3266,buy,114.5
3267,hold,113.0
3268,hold,114.0
3269,hold,113.0
3270,hold,116.5
3271,hold,115.0
3272,hold,114.0
3273,hold,114.5
3274,hold,114.5
3275,hold,112.0
3276,hold,112.5
3277,hold,112.5
3278,hold,113.5
3279,hold,115.5
3280,hold,116.0
3281,hold,117.5
3282,sell,118.5
3283,hold,119.5
3284,hold,120.0
3285,buy,118.5
3286,hold,117.5
3287,hold,119.0
3288,hold,119.0
3289,hold,119.5
3290,hold,120.0
3291,hold,120.5
3292,hold,122.5
3293,sell,121.0
3294,buy,120.0
3295,hold,123.0
3296,sell,121.5
3297,buy,121.5
3298,hold,121.0
3299,hold,121.0
3300,hold,118.5
3301,hold,119.0
3302,hold,120.5
3303,hold,118.5
3304,hold,118.0
3305,hold,117.0
3306,hold,118.0
3307,hold,118.5
3308,hold,119.5
3309,hold,120.0
3310,hold,118.5
3311,hold,120.5
3312,hold,122.0
3313,sell,122.0
3314,hold,122.0
3315,buy,121.0
3316,hold,121.0
3317,hold,120.5
3318,hold,122.0
3319,hold,122.0
3320,hold,123.0
3321,hold,123.5
3322,hold,124.0
3323,sell,122.0
3324,buy,119.5
3325,hold,122.5
3326,hold,123.5
3327,hold,123.0
3328,hold,122.5
3329,hold,123.0
3330,hold,124.5
3331,sell,125.0
3332,hold,123.5
3333,buy,123.0
3334,hold,124.0
3335,hold,125.0
3336,sell,125.5
3337,buy,126.0
3338,hold,124.5
3339,hold,123.0
3340,hold,123.0
3341,hold,123.5
3342,hold,124.5
3343,hold,125.5
3344,hold,126.5
3345,hold,128.0
3346,hold,132.5
3347,sell,134.5
3348,buy,135.0
3349,hold,136.0
3350,sell,134.5
3351,buy,134.0
3352,hold,134.5
3353,hold,136.5
3354,hold,132.5
3355,hold,133.0
3356,hold,130.5
3357,hold,124.5
3358,hold,123.5
3359,hold,123.5
3360,hold,124.5
3361,hold,125.0
3362,hold,123.0
3363,hold,121.5
3364,hold,124.0
3365,hold,124.5
3366,hold,121.0
3367,hold,120.0
3368,hold,123.5
3369,hold,119.5
3370,hold,120.5
3371,hold,121.5
3372,hold,120.5
3373,hold,120.5
3374,hold,121.5
3375,hold,122.5
3376,hold,124.0
3377,hold,124.0
3378,hold,123.0
3379,hold,124.0
3380,hold,125.5
3381,sell,124.5
3382,buy,125.5
3383,hold,125.0
3384,hold,124.5
3385,hold,125.5
3386,hold,125.0
3387,hold,124.0
3388,hold,128.5
3389,sell,126.0
3390,buy,128.0
3391,hold,127.5
3392,hold,127.0
3393,hold,127.0
3394,hold,125.0
3395,hold,125.0
3396,hold,123.0
3397,hold,123.5
3398,hold,122.5
3399,hold,124.5
3400,hold,125.0
3401,hold,125.0
3402,hold,122.0
3403,hold,122.5
3404,hold,123.0
3405,hold,122.0
3406,hold,121.0
3407,hold,120.5
3408,hold,120.0
3409,hold,121.5
3410,hold,121.0
3411,hold,124.5
3412,hold,126.0
3413,sell,125.0
3414,buy,122.5
3415,hold,125.0
3416,hold,120.5
3417,hold,121.0
3418,hold,121.5
3419,hold,121.5
3420,hold,123.5
3421,hold,126.0
3422,sell,125.0
3423,buy,129.0
3424,sell,127.5
3425,buy,125.5
3426,hold,128.0
3427,hold,128.0
3428,hold,129.0
3429,hold,128.5
3430,hold,130.5
3431,sell,131.0
3432,buy,132.0
3433,hold,132.0
3434,hold,132.0
3435,hold,131.0
3436,hold,134.5
3437,sell,134.0
3438,buy,132.0
3439,hold,134.0
3440,hold,135.0
3441,sell,133.0
3442,buy,131.5
3443,hold,136.0
3444,hold,139.0
3445,sell,138.5
3446,buy,138.5
3447,hold,139.0
3448,hold,139.0
3449,hold,140.0
3450,hold,141.5
3451,hold,140.0
3452,hold,137.5
3453,hold,138.0
3454,hold,139.0
3455,hold,137.5
3456,hold,138.0
3457,hold,138.0
3458,hold,136.0
3459,hold,134.5
3460,hold,135.0
3461,hold,136.0
3462,hold,133.0
3463,hold,130.5
3464,hold,131.5
3465,hold,138.0
3466,hold,138.5
3467,hold,137.5
3468,hold,138.0
3469,hold,137.5
3470,hold,139.0
3471,hold,138.5
3472,hold,141.0
3473,sell,140.0
3474,buy,141.0
3475,hold,139.5
3476,hold,133.5
3477,hold,134.0
3478,hold,138.0
3479,hold,134.0
3480,hold,132.0
3481,hold,132.5
3482,hold,130.0
3483,hold,131.5
3484,hold,137.0
3485,hold,139.0
3486,hold,138.0
3487,hold,141.0
3488,sell,140.0
3489,buy,145.0
3490,sell,145.0
3491,buy,147.0
3492,sell,146.5
3493,buy,143.5
3494,hold,141.0
3495,hold,142.5
3496,hold,144.5
3497,hold,146.0
3498,hold,145.5
3499,hold,143.0
3500,hold,142.0
3501,hold,142.5
3502,hold,148.0
3503,hold,148.5
3504,hold,148.5
3505,hold,151.0
3506,hold,154.5
3507,sell,150.5
3508,buy,149.0
3509,hold,150.5
3510,hold,150.5
3511,hold,150.0
3512,hold,149.0
3513,hold,145.5
3514,hold,144.0
3515,hold,146.0
3516,hold,148.0
3517,hold,149.0
3518,hold,146.0
3519,hold,149.0
3520,hold,153.5
3521,hold,154.0
3522,hold,154.0
3523,hold,153.5
3524,hold,151.5
3525,hold,151.0
3526,hold,145.5
3527,hold,142.5
3528,hold,142.5
3529,hold,145.5
3530,hold,144.0
3531,hold,147.0
3532,hold,146.0
3533,hold,143.0
3534,hold,143.0
3535,hold,147.0
3536,hold,147.0
3537,hold,144.0
3538,hold,143.0
3539,hold,147.0
3540,hold,142.5
3541,hold,143.0
3542,hold,142.5
3543,hold,143.5
3544,hold,147.0
3545,hold,152.5
3546,sell,151.5
3547,buy,151.5
3548,hold,148.5
3549,hold,147.0
3550,hold,147.5
3551,hold,147.0
3552,hold,147.5
3553,hold,146.5
3554,hold,146.5
3555,hold,148.5
3556,hold,147.5
3557,hold,148.0
3558,hold,146.0
3559,hold,146.5
3560,hold,146.5
3561,hold,146.5
3562,hold,146.5
3563,hold,145.5
3564,hold,145.5
3565,hold,147.5
3566,hold,146.5
3567,hold,145.0
3568,hold,147.0
3569,hold,146.0
3570,hold,145.0
3571,hold,144.0
3572,hold,143.0
3573,hold,141.0
3574,hold,140.0
3575,hold,138.5
3576,hold,139.0
3577,hold,139.5
3578,hold,143.5
3579,hold,144.5
3580,hold,143.0
3581,hold,142.0
3582,hold,142.5
3583,hold,142.0
3584,hold,142.0
3585,hold,144.5
3586,hold,145.0
3587,sell,146.5
3588,buy,146.0
3589,hold,138.5
3590,hold,140.5
3591,hold,141.0
3592,hold,141.5
3593,hold,142.5
3594,hold,140.5
3595,hold,140.5
3596,hold,138.0
3597,hold,136.5
3598,hold,138.5
3599,hold,138.5
3600,hold,138.5
3601,hold,136.5
3602,hold,140.0
3603,hold,139.0
3604,hold,140.5
3605,hold,139.0
3606,hold,136.0
3607,hold,137.0
3608,hold,134.0
3609,hold,134.0
3610,hold,135.5
3611,hold,138.5
3612,hold,139.5
3613,hold,134.5
3614,hold,136.5
3615,hold,134.0
3616,hold,134.0
3617,hold,133.0
3618,hold,129.0
3619,hold,130.5
3620,hold,128.5
3621,hold,128.0
3622,hold,126.0
3623,hold,124.0
3624,hold,126.0
3625,hold,125.0
3626,hold,126.0
3627,hold,121.0
3628,hold,115.0
3629,hold,123.5
3630,hold,122.5
3631,hold,124.0
3632,hold,125.0
3633,hold,129.0
3634,hold,124.0
3635,hold,125.5
3636,hold,127.0
3637,hold,125.0
3638,hold,122.5
3639,hold,123.0
3640,hold,129.0
3641,sell,125.0
3642,buy,127.5
3643,hold,127.5
3644,hold,126.0
3645,hold,129.5
3646,hold,131.0
3647,hold,131.5
3648,sell,129.5
3649,buy,129.0
3650,hold,124.5
3651,hold,127.0
3652,hold,127.0
3653,hold,130.0
3654,hold,133.5
3655,hold,132.0
3656,hold,132.5
3657,hold,133.0
3658,hold,135.0
3659,hold,136.0
3660,hold,138.5
3661,hold,137.5
3662,hold,136.5
3663,hold,140.0
3664,hold,137.5
3665,hold,138.0
3666,hold,139.0
3667,hold,138.5
3668,hold,137.5
3669,hold,140.0
3670,hold,140.0
3671,hold,139.0
3672,hold,138.0
3673,hold,136.5
3674,hold,136.5
3675,hold,137.5
3676,hold,139.5
3677,hold,144.5
3678,sell,142.5
3679,buy,140.0
3680,hold,142.0
3681,hold,139.5
3682,hold,137.5
3683,hold,138.5
3684,hold,136.0
3685,hold,135.0
3686,hold,138.5
3687,hold,137.0
3688,hold,140.5
3689,hold,141.0
3690,hold,141.0
3691,hold,139.5
3692,hold,141.0
3693,hold,142.5
3694,hold,139.0
3695,hold,139.0
3696,hold,142.5
3697,hold,142.5
3698,hold,142.5
3699,hold,140.5
3700,hold,143.5
3701,hold,142.5
3702,hold,140.5
3703,hold,141.0
3704,hold,139.5
3705,hold,139.0
3706,hold,138.0
3707,hold,143.5
3708,hold,145.0
3709,sell,142.0
3710,buy,141.5
3711,hold,142.0
3712,hold,141.5
3713,hold,142.0
3714,hold,143.0
3715,hold,143.5
3716,hold,142.0
3717,hold,142.5
3718,hold,143.0
3719,hold,139.5
3720,hold,138.0
3721,hold,135.5
3722,hold,133.0
3723,hold,134.0
3724,hold,133.0
3725,hold,133.0
3726,hold,133.5
3727,hold,131.5
3728,hold,137.0
3729,hold,137.0
3730,hold,138.0
3731,hold,134.5
3732,hold,135.0
3733,hold,138.5
3734,hold,139.5
3735,hold,137.5
3736,hold,139.5
3737,hold,140.0
3738,hold,143.0
3739,sell,142.0
3740,buy,144.0
3741,sell,142.5
3742,buy,146.0
3743,sell,145.0
3744,buy,147.5
3745,hold,148.0
3746,hold,151.0
3747,sell,151.0
3748,hold,151.0
3749,buy,149.5
3750,hold,148.0
3751,hold,150.5
3752,hold,149.0
3753,hold,152.0
3754,hold,153.0
3755,hold,154.0
3756,hold,152.5
3757,hold,152.0
3758,hold,152.0
3759,hold,153.0
3760,hold,154.5
3761,sell,155.0
3762,hold,156.0
3763,buy,154.5
3764,hold,156.0
3765,hold,158.5
3766,hold,159.5
3767,hold,160.0
3768,sell,158.5
3769,buy,159.5
3770,hold,158.5
3771,hold,158.0
3772,hold,159.0
3773,hold,159.0
3774,hold,161.5
3775,hold,162.0
3776,hold,158.5
3777,hold,153.5
3778,hold,154.5
3779,hold,157.5
3780,hold,158.5
3781,hold,158.5
3782,hold,161.5
3783,hold,161.5
3784,hold,159.5
3785,hold,158.0
3786,hold,157.5
3787,hold,154.0
3788,hold,157.0
3789,hold,156.5
3790,hold,157.5
3791,hold,158.0
3792,hold,156.5
3793,hold,153.0
3794,hold,150.0
3795,hold,147.5
3796,hold,147.0
3797,hold,147.5
3798,hold,148.0
3799,hold,147.5
3800,hold,147.0
3801,hold,147.0
3802,hold,146.0
3803,hold,144.0
3804,hold,144.5
3805,hold,147.0
3806,hold,147.0
3807,hold,147.0
3808,hold,148.5
3809,hold,154.0
3810,hold,151.0
3811,hold,154.5
3812,hold,155.0
3813,sell,156.5
3814,hold,157.0
3815,buy,156.5
3816,hold,159.0
3817,sell,159.0
3818,buy,160.5
3819,sell,160.0
3820,buy,161.0
3821,hold,162.0
3822,hold,165.5
3823,hold,162.0
3824,hold,162.0
3825,hold,163.0
3826,hold,160.5
3827,hold,163.0
3828,hold,163.0
3829,hold,165.5
3830,hold,166.0
3831,sell,164.0
3832,buy,159.0
3833,hold,155.5
3834,hold,157.0
3835,hold,159.0
3836,hold,162.5
3837,hold,166.0
3838,sell,166.0
3839,buy,164.0
3840,hold,161.5
3841,hold,164.5
3842,hold,170.0
3843,hold,171.0
3844,hold,168.5
3845,hold,169.0
3846,hold,169.5
3847,hold,169.5
3848,hold,170.5
3849,hold,170.0
3850,hold,172.0
3851,sell,171.0
3852,buy,171.5
3853,hold,173.0
3854,sell,175.0
3855,buy,176.5
3856,sell,172.5
3857,buy,177.0
3858,sell,176.0
3859,buy,172.5
3860,hold,174.5
3861,hold,177.0
3862,hold,178.0
3863,sell,178.5
3864,buy,179.5
3865,sell,176.5
3866,buy,177.5
3867,hold,179.0
3868,hold,175.5
3869,hold,177.0
3870,hold,176.0
3871,hold,174.5
3872,hold,173.0
3873,hold,174.0
3874,hold,173.5
3875,hold,177.0
3876,hold,177.0
3877,hold,176.5
3878,hold,174.5
3879,hold,176.0
3880,hold,173.5
3881,hold,174.5
3882,hold,176.5
3883,hold,179.0
3884,sell,184.0
3885,buy,183.0
3886,hold,179.5
3887,hold,178.0
3888,hold,175.0
3889,hold,175.0
3890,hold,173.5
3891,hold,182.5
3892,hold,183.0
3893,hold,184.0
3894,hold,185.5
3895,sell,187.5
3896,hold,183.0
3897,buy,185.5
3898,hold,182.5
3899,hold,186.0
3900,hold,187.0
3901,hold,186.0
3902,hold,187.5
3903,sell,188.0
3904,hold,187.5
3905,buy,189.5
3906,hold,188.5
3907,hold,188.0
3908,hold,186.5
3909,hold,187.0
3910,hold,189.5
3911,hold,190.5
3912,hold,188.5
3913,hold,191.0
3914,hold,193.0
3915,sell,191.5
3916,buy,188.5
3917,hold,189.5
3918,hold,188.5
3919,hold,189.5
3920,hold,186.0
3921,hold,184.5
3922,hold,184.5
3923,hold,189.0
3924,hold,188.5
3925,hold,182.0
3926,hold,185.5
3927,hold,181.5
3928,hold,180.5
3929,hold,180.0
3930,hold,180.0
3931,hold,181.5
3932,hold,181.0
3933,hold,181.0
3934,hold,184.0
3935,hold,185.5
3936,hold,183.0
3937,hold,182.0
3938,hold,184.0
3939,hold,182.0
3940,hold,183.0
3941,hold,183.0
3942,hold,178.0
3943,hold,179.0
3944,hold,182.0
3945,hold,181.5
3946,hold,185.5
3947,hold,186.0
3948,hold,185.0
3949,hold,186.0
3950,hold,187.5
3951,sell,187.0
3952,buy,185.0
3953,hold,182.5
3954,hold,182.5
3955,hold,180.0
3956,hold,179.0
3957,hold,178.5
3958,hold,179.5
3959,hold,180.0
3960,hold,182.0
3961,hold,180.0
3962,hold,181.5
3963,hold,183.0
3964,hold,183.0
3965,hold,183.5
3966,hold,184.0
3967,hold,184.0
3968,hold,184.0
3969,hold,182.0
3970,hold,184.5
3971,hold,181.5
3972,hold,179.5
3973,hold,181.0
3974,hold,181.0
3975,hold,180.5
3976,hold,181.0
3977,hold,185.0
3978,hold,185.5
3979,hold,184.5
3980,hold,184.5
3981,hold,184.5
3982,hold,184.5
3983,hold,183.5
3984,hold,184.0
3985,hold,185.5
3986,hold,187.5
3987,hold,187.5
3988,hold,189.0
3989,hold,189.0
3990,hold,189.5
3991,hold,189.5
3992,hold,190.0
3993,hold,190.0
3994,hold,188.5
3995,hold,188.5
3996,hold,189.0
3997,hold,186.0
3998,hold,186.0
3999,hold,184.0
4000,hold,183.5
4001,hold,185.5
4002,hold,187.0
4003,hold,184.5
4004,hold,183.5
4005,hold,186.5
4006,hold,186.0
4007,hold,186.5
4008,hold,190.0
4009,hold,191.5
4010,sell,191.5
4011,hold,195.0
4012,hold,193.5
4013,buy,193.5
4014,hold,192.5
4015,hold,193.0
4016,hold,194.5
4017,hold,191.5
4018,hold,191.5
4019,hold,189.0
4020,hold,193.0
4021,hold,191.5
4022,hold,191.0
4023,hold,190.0
4024,hold,191.0
4025,hold,191.0
4026,hold,191.5
4027,hold,189.0
4028,hold,187.5
4029,hold,188.0
4030,hold,186.5
4031,hold,187.0
4032,hold,190.0
4033,hold,190.0
4034,hold,192.0
4035,hold,191.0
4036,hold,193.0
4037,sell,194.5
4038,hold,196.5
4039,buy,198.0
4040,hold,198.0
4041,hold,197.5
4042,hold,202.5
4043,sell,203.5
4044,buy,205.5
4045,hold,207.5
4046,hold,206.0
4047,hold,206.0
4048,hold,204.5
4049,hold,204.0
4050,hold,203.5
4051,hold,203.0
4052,hold,205.0
4053,hold,205.0
4054,hold,205.5
4055,hold,207.0
4056,hold,207.0
4057,hold,203.0
4058,hold,207.0
4059,hold,209.0
4060,sell,209.0
4061,hold,212.0
4062,hold,210.5
4063,buy,211.5
4064,hold,213.0
4065,sell,212.0
4066,buy,207.5
4067,hold,208.0
4068,hold,207.0
4069,hold,208.0
4070,hold,211.5
4071,hold,213.0
4072,hold,216.5
4073,hold,215.5
4074,hold,218.0
4075,sell,217.0
4076,buy,215.0
4077,hold,211.5
4078,hold,208.5
4079,hold,210.0
4080,hold,208.5
4081,hold,209.0
4082,hold,207.0
4083,hold,208.5
4084,hold,207.5
4085,hold,206.0
4086,hold,206.0
4087,hold,212.0
4088,hold,210.5
4089,hold,214.5
4090,hold,213.0
4091,hold,213.0
4092,hold,214.0
4093,hold,214.5
4094,hold,215.5
4095,hold,214.0
4096,hold,214.5
4097,hold,214.0
4098,hold,213.0
4099,hold,215.5
4100,hold,213.0
4101,hold,214.5
4102,hold,212.0
4103,hold,216.0
4104,sell,213.5
4105,buy,213.0
4106,hold,216.0
4107,hold,217.5
4108,hold,214.5
4109,hold,214.0
4110,hold,212.5
4111,hold,211.0
4112,hold,214.0
4113,hold,213.0
4114,hold,214.0
4115,hold,212.5
4116,hold,211.5
4117,hold,214.5
4118,hold,215.5
4119,hold,217.0
4120,hold,217.5
4121,hold,216.0
4122,hold,216.0
4123,hold,217.5
4124,hold,216.5
4125,hold,216.5
4126,hold,217.5
4127,hold,218.0
4128,sell,217.0
4129,buy,217.0
4130,hold,218.0
4131,hold,217.0
4132,hold,219.0
4133,hold,218.0
4134,hold,218.5
4135,hold,218.5
4136,hold,219.5
4137,hold,221.5
4138,sell,221.5
4139,buy,221.0
4140,hold,218.5
4141,hold,217.0
4142,hold,214.0
4143,hold,215.0
4144,hold,214.0
4145,hold,216.5
4146,hold,216.5
4147,hold,220.5
4148,hold,222.5
4149,hold,224.5
4150,hold,224.5
4151,hold,233.0
4152,hold,237.5
4153,sell,237.5
4154,hold,238.0
4155,hold,235.5
4156,buy,237.5
4157,hold,239.0
4158,hold,237.5
4159,hold,239.0
4160,hold,238.0
4161,hold,238.0
4162,hold,236.0
4163,hold,239.0
4164,hold,243.0
4165,hold,243.0
4166,hold,242.5
4167,hold,241.0
4168,hold,239.0
4169,hold,239.5
4170,hold,244.0
4171,hold,242.5
4172,hold,241.0
4173,hold,240.5
4174,hold,239.5
4175,hold,240.0
4176,hold,237.5
4177,hold,238.0
4178,hold,241.5
4179,hold,238.5
4180,hold,243.0
4181,hold,242.0
4182,hold,242.5
4183,hold,244.0
4184,hold,237.0
4185,hold,234.0
4186,hold,234.5
4187,hold,226.0
4188,hold,231.0
4189,hold,234.0
4190,hold,229.5
4191,hold,227.0
4192,hold,226.5
4193,hold,227.0
4194,hold,227.5
4195,hold,227.5
4196,hold,227.0
4197,hold,230.5
4198,hold,230.0
4199,hold,227.0
4200,hold,225.0
4201,hold,224.5
4202,hold,225.0
4203,hold,227.5
4204,hold,228.5
4205,hold,226.0
4206,hold,225.0
4207,hold,226.0
4208,hold,229.5
4209,hold,232.5
4210,sell,237.0
4211,buy,239.5
4212,hold,240.0
4213,sell,242.0
4214,buy,242.0
4215,hold,236.5
4216,hold,235.0
4217,hold,237.0
4218,hold,240.0
4219,hold,240.5
4220,hold,242.0
4221,hold,248.5
4222,hold,255.5
4223,sell,261.5
4224,buy,266.0
4225,sell,258.0
4226,buy,258.0
4227,hold,255.0
4228,hold,258.5
4229,hold,253.0
4230,hold,255.0
4231,hold,259.5
4232,hold,259.5
4233,hold,253.0
4234,hold,239.0
4235,hold,240.0
4236,hold,238.5
4237,hold,232.5
4238,hold,236.5
4239,hold,242.5
4240,hold,239.5
4241,hold,245.0
4242,hold,246.5
4243,hold,246.0
4244,hold,243.0
4245,hold,240.0
4246,hold,241.5
4247,hold,250.0
4248,hold,247.0
4249,hold,249.5
4250,hold,250.5
4251,hold,254.0
4252,hold,259.0
4253,sell,257.0
4254,buy,255.0
4255,hold,255.0
4256,hold,255.0
4257,hold,253.0
4258,hold,252.5
4259,hold,251.5
4260,hold,245.0
4261,hold,243.5
4262,hold,251.0
4263,hold,245.0
4264,hold,244.0
4265,hold,246.0
4266,hold,247.5
4267,hold,246.5
4268,hold,244.0
4269,hold,245.0
4270,hold,245.5
4271,hold,248.0
4272,hold,245.0
4273,hold,244.5
4274,hold,243.5
4275,hold,238.0
4276,hold,238.0
4277,hold,244.5
4278,hold,229.0
4279,hold,226.5
4280,hold,227.0
4281,hold,225.0
4282,hold,222.0
4283,hold,223.5
4284,hold,227.0
4285,hold,223.0
4286,hold,220.5
4287,hold,223.0
4288,hold,223.5
4289,hold,228.0
4290,hold,229.5
4291,hold,229.5
4292,hold,233.0
4293,hold,233.0
4294,hold,230.5
4295,hold,230.5
4296,hold,226.5
4297,hold,223.5
4298,hold,229.0
4299,hold,229.0
4300,hold,228.5
4301,hold,229.0
4302,hold,228.5
4303,hold,227.0
4304,hold,225.0
4305,hold,221.0
4306,hold,224.0
4307,hold,224.0
4308,hold,229.0
4309,hold,229.0
4310,hold,230.0
4311,hold,230.0
4312,hold,227.0
4313,hold,226.0
4314,hold,229.0
4315,hold,232.0
4316,sell,226.5
4317,buy,231.0
4318,hold,225.0
4319,hold,226.0
4320,hold,226.5
4321,hold,227.5
4322,hold,218.0
4323,hold,214.5
4324,hold,213.0
4325,hold,212.0
4326,hold,216.5
4327,hold,214.0
4328,hold,214.5
4329,hold,216.0
4330,hold,214.5
4331,hold,217.0
4332,hold,221.5
4333,hold,222.0
4334,hold,220.0
4335,hold,220.5
4336,hold,224.5
4337,sell,223.5
4338,buy,221.5
4339,hold,223.0
4340,hold,224.5
4341,hold,237.5
4342,sell,241.0
4343,buy,241.0
4344,hold,240.5
4345,hold,241.0
4346,hold,244.5
4347,hold,245.5
4348,sell,246.0
4349,hold,248.0
4350,hold,244.5
4351,buy,247.0
4352,hold,245.5
4353,hold,241.5
4354,hold,247.5
4355,hold,247.0
4356,hold,245.0
4357,hold,240.5
4358,hold,243.5
4359,hold,241.5
4360,hold,239.0
4361,hold,239.5
4362,hold,239.5
4363,hold,241.0
4364,hold,242.0
4365,hold,244.5
4366,hold,243.5
4367,hold,245.0
4368,hold,249.5
4369,hold,259.0
4370,sell,263.5
4371,buy,256.0
4372,hold,257.0
4373,hold,257.5
4374,hold,264.0
4375,hold,261.0
4376,hold,264.0
4377,hold,264.5
4378,hold,260.0
4379,hold,260.5
4380,hold,255.0
4381,hold,261.0
4382,hold,258.0
4383,hold,254.5
4384,hold,258.0
4385,hold,260.0
4386,hold,261.5
4387,hold,263.5
4388,hold,263.5
4389,hold,265.0
4390,hold,262.5
4391,hold,263.0
4392,hold,257.5
4393,hold,260.0
4394,hold,254.0
4395,hold,250.0
4396,hold,243.5
4397,hold,244.0
4398,hold,227.5
4399,hold,237.0
4400,hold,230.5
4401,hold,237.0
4402,hold,238.5
4403,hold,236.5
4404,hold,236.0
4405,hold,237.0
4406,hold,230.0
4407,hold,229.5
4408,hold,219.5
4409,hold,221.0
4410,hold,222.5
4411,hold,223.0
4412,hold,234.0
4413,hold,235.5
4414,hold,236.5
4415,hold,235.0
4416,hold,234.5
4417,hold,234.0
4418,hold,236.5
4419,hold,231.0
4420,hold,231.5
4421,hold,227.5
4422,hold,228.5
4423,hold,231.0
4424,hold,226.0
4425,hold,222.0
4426,hold,218.0
4427,hold,219.0
4428,hold,219.0
4429,hold,218.5
4430,hold,223.0
4431,hold,224.0
4432,hold,226.5
4433,hold,229.0
4434,hold,225.5
4435,hold,235.0
4436,sell,234.0
4437,buy,226.0
4438,hold,220.0
4439,hold,221.0
4440,hold,219.0
4441,hold,222.5
4442,hold,226.5
4443,hold,226.0
4444,hold,222.5
4445,hold,223.5
4446,hold,222.5
4447,hold,225.5
4448,hold,221.0
4449,hold,223.5
4450,hold,221.5
4451,hold,220.0
4452,hold,217.5
4453,hold,216.5
4454,hold,223.0
4455,hold,225.5
4456,hold,219.5
4457,hold,215.5
4458,hold,208.0
4459,hold,213.0
4460,hold,211.0
4461,hold,215.5
4462,hold,216.0
4463,hold,220.5
4464,hold,218.5
4465,hold,221.0
4466,hold,217.5
4467,hold,220.5
4468,hold,218.5
4469,hold,221.0
4470,hold,223.0
4471,sell,220.5
4472,buy,222.5
4473,hold,226.0
4474,hold,229.0
4475,hold,222.5
4476,hold,221.0
4477,hold,228.0
4478,hold,230.0
4479,sell,229.0
4480,buy,227.0
4481,hold,227.0
4482,hold,230.0
4483,hold,229.0
4484,hold,234.5
4485,sell,236.5
4486,hold,236.5
4487,hold,238.0
4488,buy,239.5
4489,hold,239.0
4490,hold,235.5
4491,hold,233.0
4492,hold,234.0
4493,hold,234.0
4494,hold,230.0
4495,hold,230.5
4496,hold,235.5
4497,hold,237.0
4498,hold,234.5
4499,hold,239.0
4500,hold,241.0
4501,sell,240.5
4502,buy,242.0
4503,sell,245.5
4504,hold,248.5
4505,hold,241.5
4506,buy,244.0
4507,hold,241.5
4508,hold,242.0
4509,hold,245.5
4510,hold,245.5
4511,hold,246.0
4512,hold,246.5
4513,hold,253.0
4514,sell,254.0
4515,hold,254.0
4516,buy,252.0
4517,hold,252.0
4518,hold,255.5
4519,hold,257.0
4520,sell,261.5
4521,buy,264.5
4522,hold,264.5
4523,hold,266.0
4524,hold,268.0
4525,hold,269.0
4526,hold,267.5
4527,hold,260.0
4528,hold,259.5
4529,hold,259.0
4530,hold,259.0
4531,hold,265.0
4532,hold,259.0
4533,hold,262.5
4534,hold,260.0
4535,hold,256.5
4536,hold,256.0
4537,hold,250.5
4538,hold,248.5
4539,hold,249.0
4540,hold,247.0
4541,hold,241.5
4542,hold,238.0
4543,hold,234.0
4544,hold,238.0
4545,hold,230.0
4546,hold,233.0
4547,hold,231.0
4548,hold,230.5
4549,hold,229.5
4550,hold,231.0
4551,hold,235.5
4552,hold,238.0
4553,hold,233.0
4554,hold,235.0
4555,hold,232.0
4556,hold,240.0
4557,hold,244.5
4558,hold,246.0
4559,hold,240.0
4560,hold,236.0
4561,hold,233.0
4562,hold,235.5
4563,hold,244.0
4564,hold,245.0
4565,hold,248.5
4566,sell,241.0
4567,buy,238.5
4568,hold,234.5
4569,hold,240.5
4570,hold,239.0
4571,hold,248.5
4572,hold,249.0
4573,hold,242.5
4574,hold,244.0
4575,hold,243.0
4576,hold,242.5
4577,hold,242.0
4578,hold,247.0
4579,hold,250.0
4580,sell,250.5
4581,buy,254.5
4582,sell,256.0
4583,buy,252.0
4584,hold,254.0
4585,hold,259.0
4586,hold,264.0
4587,sell,264.0
4588,buy,265.0
4589,hold,265.0
4590,hold,261.0
4591,hold,261.0
4592,hold,260.0
4593,hold,259.5
4594,hold,256.5
4595,hold,251.5
4596,hold,246.5
4597,hold,248.5
4598,hold,248.0
4599,hold,253.5
4600,hold,251.0
4601,hold,246.5
4602,hold,249.5
4603,hold,248.0
4604,hold,250.0
4605,hold,252.0
4606,hold,254.5
4607,hold,254.5
4608,hold,254.0
4609,hold,254.0
4610,hold,248.5
4611,hold,250.0
4612,hold,252.0
4613,hold,254.0
4614,hold,259.0
4615,sell,257.5
4616,buy,254.0
4617,hold,257.5
4618,hold,263.0
4619,sell,263.5
4620,buy,265.0
4621,hold,261.5
4622,hold,263.0
4623,hold,262.5
4624,hold,265.5
4625,hold,265.0
4626,hold,267.0
4627,hold,265.0
4628,hold,264.0
4629,hold,264.0
4630,hold,265.0
4631,hold,266.0
4632,hold,268.0
4633,hold,272.0
4634,hold,280.0
4635,hold,279.5
4636,hold,276.5
4637,hold,276.5
4638,hold,278.0
4639,hold,286.5
4640,sell,282.0
4641,buy,290.0
4642,hold,293.5
4643,hold,296.5
4644,hold,293.5
4645,hold,293.0
4646,hold,290.0
4647,hold,294.0
4648,hold,293.0
4649,hold,293.0
4650,hold,293.5
4651,hold,294.5
4652,hold,298.5
4653,sell,299.5
4654,hold,298.5
4655,buy,299.0
4656,hold,307.0
4657,hold,310.5
4658,sell,311.0
4659,buy,309.0
4660,hold,305.5
4661,hold,301.0
4662,hold,305.0
4663,hold,304.0
4664,hold,303.5
4665,hold,307.0
4666,hold,311.0
4667,hold,315.0
4668,sell,313.5
4669,buy,311.0
4670,hold,309.0
4671,hold,307.0
4672,hold,307.0
4673,hold,311.0
4674,hold,309.5
4675,hold,305.0
4676,hold,307.5
4677,hold,307.0
4678,hold,306.0
4679,hold,312.0
4680,hold,313.0
4681,hold,316.0
4682,hold,313.5
4683,hold,319.0
4684,sell,331.5
4685,buy,339.0
4686,hold,336.0
4687,hold,345.0
4688,sell,344.5
4689,buy,335.0
4690,hold,329.0
4691,hold,334.0
4692,hold,332.0
4693,hold,333.0
4694,hold,333.0
4695,hold,338.0
4696,hold,334.5
4697,hold,331.0
4698,hold,339.0
4699,hold,339.5
4700,hold,332.0
4701,hold,329.5
4702,hold,329.5
4703,hold,337.5
4704,hold,339.5
4705,hold,341.5
4706,hold,346.0
4707,sell,340.0
4708,buy,334.5
4709,hold,333.0
4710,hold,333.0
4711,hold,316.5
4712,hold,320.0
4713,hold,315.0
4714,hold,325.0
4715,hold,327.5
4716,hold,332.5
4717,hold,328.0
4718,hold,327.5
4719,hold,331.5
4720,hold,335.0
4721,hold,335.0
4722,hold,335.0
4723,hold,331.5
4724,hold,322.0
4725,hold,326.5
4726,hold,325.5
4727,hold,325.0
4728,hold,320.0
4729,hold,322.0
4730,hold,318.5
4731,hold,316.0
4732,hold,311.0
4733,hold,317.5
4734,hold,320.5
4735,hold,323.0
4736,hold,315.0
4737,hold,305.5
4738,hold,307.0
4739,hold,302.0
4740,hold,294.0
4741,hold,290.0
4742,hold,276.5
4743,hold,268.0
4744,hold,260.0
4745,hold,248.0
4746,hold,270.0
4747,hold,255.0
4748,hold,267.5
4749,hold,277.0
4750,hold,280.0
4751,hold,273.0
4752,hold,267.5
4753,hold,274.0
4754,hold,271.5
4755,hold,275.5
4756,hold,283.0
4757,hold,285.0
4758,hold,283.0
4759,hold,279.5
4760,hold,278.5
4761,hold,285.0
4762,hold,287.5
4763,hold,286.5
4764,hold,306.5
4765,hold,304.0
4766,hold,295.0
4767,hold,294.0
4768,hold,295.5
4769,hold,294.0
4770,hold,298.0
4771,hold,296.5
4772,hold,299.0
4773,hold,304.5
4774,hold,295.0
4775,hold,295.5
4776,hold,296.0
4777,hold,297.5
4778,hold,297.5
4779,hold,301.0
4780,hold,295.0
4781,hold,297.0
4782,hold,293.0
4783,hold,298.0
4784,hold,290.0
4785,hold,291.5
4786,hold,294.0
4787,hold,297.5
4788,hold,292.0
4789,hold,292.0
4790,hold,295.5
4791,hold,296.5
4792,hold,294.0
4793,hold,292.0
4794,hold,295.5
4795,hold,296.5
4796,hold,301.0
4797,sell,306.0
4798,hold,311.5
4799,buy,318.0
4800,hold,319.0
4801,sell,322.5
4802,buy,320.5
4803,hold,316.0
4804,hold,309.5
4805,hold,315.0
4806,hold,315.0
4807,hold,314.5
4808,hold,314.5
4809,hold,312.0
4810,hold,315.0
4811,hold,317.5
4812,hold,312.0
4813,hold,313.0
4814,hold,317.5
4815,hold,322.0
4816,hold,329.5
4817,hold,338.0
4818,sell,338.5
4819,buy,341.0
4820,hold,345.0
4821,hold,348.5
4822,hold,354.5
4823,sell,363.5
4824,buy,363.0
4825,hold,357.5
4826,hold,367.0
4827,hold,366.0
4828,hold,383.0
4829,hold,384.0
4830,hold,381.5
4831,hold,386.0
4832,hold,424.5
4833,sell,435.0
4834,buy,422.0
4835,hold,434.0
4836,hold,425.5
4837,hold,416.0
4838,hold,425.5
4839,hold,429.0
4840,hold,435.0
4841,hold,433.0
4842,hold,435.5
4843,hold,429.0
4844,hold,419.0
4845,hold,429.0
4846,hold,427.0
4847,hold,435.0
4848,hold,433.0
4849,hold,427.5
4850,hold,415.0
4851,hold,424.5
4852,hold,428.0
4853,hold,434.5
4854,hold,442.0
4855,sell,444.0
4856,buy,435.0
4857,hold,426.5
4858,hold,435.0
4859,hold,433.0
4860,hold,436.0
4861,hold,429.0
4862,hold,426.0
4863,hold,431.0
4864,hold,427.0
4865,hold,435.0
4866,hold,436.5
4867,hold,441.0
4868,hold,445.0
4869,hold,458.0
4870,hold,448.5
4871,hold,444.0
4872,hold,440.0
4873,hold,437.0
4874,hold,433.5
4875,hold,423.0
4876,hold,424.0
4877,hold,431.5
4878,hold,431.0
4879,hold,433.0
4880,hold,432.5
4881,hold,439.5
4882,hold,443.0
4883,hold,453.0
4884,hold,460.0
4885,hold,462.0
4886,hold,459.0
4887,hold,453.0
4888,hold,449.0
4889,hold,457.5
4890,hold,451.0
4891,hold,453.0
4892,hold,455.0
4893,hold,452.0
4894,hold,450.0
4895,hold,447.0
4896,hold,444.0
4897,hold,437.0
4898,hold,432.0
4899,hold,435.5
4900,hold,441.0
4901,hold,450.0
4902,hold,451.0
4903,hold,452.5
4904,hold,458.5
4905,hold,451.0
4906,hold,457.0
4907,hold,458.0
4908,hold,462.0
4909,hold,484.0
4910,hold,485.5
4911,hold,497.0
4912,hold,490.0
4913,hold,488.0
4914,hold,496.5
4915,hold,492.0
4916,hold,487.0
4917,hold,489.0
4918,hold,489.0
4919,hold,480.5
4920,hold,490.0
4921,hold,499.0
4922,hold,497.0
4923,hold,503.0
4924,hold,514.0
4925,hold,524.0
4926,hold,520.0
4927,hold,512.0
4928,hold,516.0
4929,hold,508.0
4930,hold,504.0
4931,hold,512.0
4932,hold,508.0
4933,hold,510.0
4934,hold,516.0
4935,hold,509.0
4936,hold,509.0
4937,hold,510.0
4938,hold,511.0
4939,hold,515.0
4940,hold,515.0
4941,hold,525.0
4942,sell,530.0
