0,hold,22.3
1,hold,22.1
2,hold,23.0
3,hold,22.8
4,hold,22.9
5,hold,23.2
6,hold,23.0
7,hold,23.0
8,hold,22.6
9,hold,23.7
10,buy,24.7
11,hold,24.1
12,hold,23.3
13,sell,22.7
14,hold,22.9
15,hold,23.2
16,hold,22.7
17,hold,23.1
18,hold,24.1
19,buy,23.1
20,hold,23.2
21,sell,23.0
22,hold,23.5
23,buy,23.6
24,hold,23.5
25,hold,23.3
26,sell,23.3
27,hold,23.8
28,buy,22.9
29,sell,23.5
30,hold,23.6
31,buy,23.0
32,sell,22.7
33,hold,22.8
34,hold,22.3
35,buy,21.8
36,sell,21.5
37,hold,21.3
38,buy,21.2
39,hold,21.3
40,hold,21.6
41,hold,21.2
42,hold,20.3
43,sell,19.9
44,hold,19.9
45,buy,20.0
46,hold,20.4
47,hold,19.8
48,hold,19.9
49,sell,19.8
50,hold,19.9
51,buy,19.7
52,sell,19.9
53,hold,19.9
54,buy,20.1
55,hold,20.1
56,hold,19.7
57,hold,19.2
58,sell,19.0
59,hold,18.4
60,buy,18.1
61,hold,16.9
62,sell,17.0
63,hold,17.1
64,buy,17.1
65,hold,17.3
66,hold,17.7
67,hold,17.6
68,hold,17.1
69,sell,17.2
70,hold,17.1
71,hold,17.2
72,buy,17.1
73,hold,16.9
74,sell,16.1
75,hold,16.1
76,hold,16.2
77,buy,15.4
78,hold,15.9
79,hold,15.6
80,hold,15.9
81,hold,15.7
82,hold,16.0
83,hold,15.9
84,hold,16.6
85,hold,16.5
86,hold,16.4
87,hold,16.8
88,hold,16.9
89,hold,16.6
90,hold,16.0
91,sell,16.0
92,hold,16.4
93,buy,16.5
94,hold,16.3
95,sell,16.2
96,hold,16.4
97,hold,16.2
98,buy,16.3
99,sell,16.2
100,hold,16.0
101,hold,16.1
102,hold,16.6
103,buy,16.5
104,hold,16.6
105,hold,16.8
106,hold,16.5
107,hold,16.2
108,sell,16.4
109,hold,16.6
110,buy,16.3
111,hold,16.7
112,sell,16.5
113,buy,16.1
114,sell,15.2
115,hold,15.4
116,hold,15.2
117,hold,14.8
118,hold,15.4
119,buy,15.4
120,hold,14.85
121,sell,14.3
122,hold,13.8
123,hold,13.2
124,hold,13.3
125,buy,12.6
126,hold,12.2
127,sell,12.4
128,buy,12.05
129,hold,11.8
130,hold,11.3
131,hold,10.6
132,sell,10.95
133,buy,11.7
134,hold,12.1
135,hold,11.9
136,hold,11.35
137,sell,12.1
138,buy,12.1
139,hold,11.7
140,hold,11.3
141,sell,11.6
142,hold,11.8
143,buy,12.6
144,hold,13.45
145,hold,14.35
146,hold,14.0
147,sell,14.35
148,hold,15.2
149,buy,15.1
150,hold,16.0
151,hold,17.1
152,hold,17.2
153,sell,17.2
154,hold,17.0
155,hold,16.8
156,hold,16.5
157,hold,16.4
158,hold,16.1
159,hold,16.1
160,hold,17.1
161,buy,17.3
162,hold,17.2
163,sell,16.9
164,hold,15.8
165,hold,16.0
166,hold,15.6
167,buy,14.9
168,sell,14.8
169,hold,14.8
170,hold,13.8
171,hold,12.85
172,hold,12.85
173,hold,12.75
174,buy,12.35
175,sell,11.5
176,hold,10.7
177,hold,10.7
178,buy,10.0
179,hold,10.2
180,sell,9.5
181,hold,8.85
182,hold,8.75
183,buy,9.25
184,hold,8.9
185,hold,9.1
186,hold,9.7
187,hold,10.35
188,hold,9.65
189,hold,10.15
190,hold,10.15
191,hold,10.85
192,hold,11.1
193,hold,10.9
194,sell,10.7
195,hold,10.8
196,hold,10.55
197,hold,10.45
198,hold,10.2
199,hold,9.9
200,hold,9.9
201,hold,10.55
202,buy,10.55
203,hold,10.5
204,hold,11.1
205,hold,11.55
206,hold,11.35
207,hold,11.85
208,sell,12.05
209,buy,11.3
210,sell,11.3
211,hold,11.4
212,hold,11.8
213,buy,12.45
214,hold,12.5
215,hold,12.55
216,sell,12.2
217,hold,12.15
218,hold,12.35
219,hold,11.95
220,hold,11.7
221,hold,12.2
222,hold,12.2
223,buy,13.05
224,hold,13.0
225,hold,13.2
226,hold,14.0
227,hold,14.0
228,sell,14.4
229,hold,13.55
230,hold,13.9
231,hold,13.9
232,buy,13.9
233,hold,14.45
234,hold,13.9
235,sell,13.15
236,hold,13.15
237,hold,12.55
238,hold,12.7
239,hold,12.85
240,buy,12.85
241,hold,12.05
242,sell,12.25
243,hold,12.6
244,buy,13.0
245,hold,13.0
246,hold,13.1
247,hold,13.2
248,hold,13.0
249,hold,13.2
250,hold,13.65
251,hold,13.0
252,sell,12.85
253,hold,12.85
254,hold,12.75
255,hold,12.9
256,buy,13.0
257,sell,13.2
258,hold,13.05
259,hold,13.1
260,hold,13.1
261,buy,13.9
262,hold,13.95
263,hold,13.35
264,sell,13.85
265,hold,14.8
266,buy,15.5
267,hold,15.4
268,sell,15.4
269,hold,15.0
270,hold,16.0
271,buy,16.9
272,hold,16.6
273,hold,17.4
274,sell,16.5
275,hold,16.6
276,hold,16.7
277,hold,17.7
278,buy,17.8
279,hold,18.0
280,sell,18.2
281,hold,18.1
282,hold,18.0
283,hold,18.0
284,hold,17.9
285,hold,17.0
286,hold,16.5
287,hold,16.4
288,hold,16.7
289,hold,16.6
290,buy,16.7
291,hold,16.6
292,hold,16.6
293,sell,16.6
294,hold,16.7
295,buy,16.7
296,hold,17.0
297,hold,17.2
298,hold,16.5
299,sell,16.4
300,hold,15.5
301,hold,15.6
302,hold,15.4
303,hold,15.4
304,hold,15.3
305,hold,14.6
306,hold,14.35
307,hold,14.95
308,buy,14.95
309,hold,15.5
310,hold,15.7
311,hold,15.8
312,hold,16.9
313,hold,16.9
314,hold,16.5
315,sell,17.4
316,hold,18.0
317,buy,18.0
318,sell,17.0
319,hold,16.5
320,hold,16.3
321,hold,16.9
322,hold,18.0
323,buy,17.6
324,hold,18.1
325,hold,19.1
326,hold,18.2
327,sell,17.8
328,hold,17.3
329,hold,17.5
330,hold,17.4
331,hold,18.0
332,buy,16.9
333,sell,15.8
334,hold,16.9
335,hold,18.0
336,buy,17.8
337,hold,17.8
338,hold,18.1
339,hold,18.1
340,hold,18.0
341,hold,17.8
342,hold,17.8
343,sell,17.8
344,hold,17.8
345,buy,17.6
346,sell,17.2
347,hold,17.5
348,hold,17.2
349,hold,17.1
350,hold,17.4
351,hold,17.4
352,buy,17.4
353,hold,17.3
354,hold,16.5
355,sell,16.6
356,hold,16.9
357,buy,16.7
358,hold,16.7
359,sell,16.7
360,buy,16.5
361,sell,16.3
362,hold,15.2
363,hold,14.9
364,buy,15.3
365,hold,15.8
366,hold,16.2
367,hold,16.5
368,hold,16.2
369,hold,16.1
370,sell,16.3
371,hold,16.5
372,buy,16.7
373,hold,16.5
374,hold,16.2
375,sell,16.1
376,hold,16.5
377,buy,16.3
378,hold,16.5
379,sell,15.9
380,hold,15.6
381,hold,14.95
382,hold,15.0
383,hold,15.9
384,buy,16.0
385,hold,15.3
386,hold,15.0
387,sell,13.95
388,hold,13.0
389,hold,13.1
390,hold,13.2
391,buy,13.5
392,hold,13.3
393,hold,13.4
394,sell,13.6
395,buy,13.9
396,hold,13.95
397,hold,14.0
398,hold,14.0
399,hold,13.9
400,hold,13.85
401,hold,14.0
402,hold,14.0
403,hold,13.9
404,sell,13.8
405,hold,13.8
406,hold,13.65
407,hold,13.0
408,hold,12.6
409,hold,11.9
410,hold,11.5
411,buy,11.45
412,hold,11.7
413,hold,11.7
414,hold,11.8
415,hold,11.8
416,hold,11.5
417,sell,12.25
418,buy,11.75
419,hold,11.7
420,sell,11.65
421,hold,11.15
422,hold,11.0
423,hold,11.0
424,buy,11.0
425,hold,10.45
426,sell,10.45
427,buy,10.2
428,hold,10.35
429,sell,10.1
430,hold,10.1
431,hold,10.05
432,buy,10.5
433,hold,10.85
434,hold,10.1
435,hold,10.5
436,sell,10.8
437,buy,11.0
438,hold,11.75
439,hold,12.55
440,hold,13.4
441,hold,12.75
442,sell,13.6
443,hold,13.2
444,buy,13.3
445,sell,13.5
446,hold,13.0
447,hold,13.4
448,hold,14.3
449,buy,13.9
450,hold,13.9
451,sell,13.65
452,hold,14.0
453,hold,13.95
454,hold,14.9
455,buy,15.2
456,hold,15.2
457,sell,14.7
458,hold,14.15
459,hold,15.1
460,hold,15.3
461,buy,14.7
462,sell,14.05
463,hold,13.8
464,hold,14.1
465,hold,14.3
466,buy,14.15
467,hold,14.6
468,hold,15.0
469,hold,14.7
470,hold,14.45
471,sell,14.8
472,buy,14.8
473,hold,15.8
474,hold,16.6
475,hold,17.7
476,hold,18.9
477,hold,17.6
478,sell,18.5
479,hold,18.2
480,buy,17.0
481,sell,17.2
482,hold,17.0
483,hold,18.1
484,buy,19.1
485,hold,20.4
486,hold,20.6
487,hold,20.6
488,sell,20.7
489,hold,22.1
490,buy,21.6
491,hold,21.6
492,sell,23.1
493,buy,24.7
494,hold,25.7
495,hold,26.1
496,sell,27.4
497,hold,25.5
498,hold,24.9
499,hold,25.5
500,hold,26.5
501,buy,28.3
502,hold,27.1
503,hold,25.7
504,sell,27.4
505,hold,26.6
506,buy,28.4
507,hold,27.3
508,hold,26.7
509,sell,24.9
510,hold,25.1
511,hold,25.6
512,buy,25.5
513,hold,23.8
514,sell,22.2
515,hold,22.6
516,hold,22.2
517,buy,22.1
518,hold,23.6
519,hold,23.7
520,hold,23.0
521,hold,21.9
522,sell,22.0
523,hold,23.5
524,buy,23.5
525,hold,25.0
526,hold,23.6
527,hold,24.0
528,hold,24.9
529,hold,24.9
530,hold,24.7
531,hold,23.3
532,sell,21.7
533,hold,20.5
534,hold,21.9
535,hold,23.2
536,buy,24.7
537,hold,23.4
538,hold,25.0
539,hold,25.3
540,hold,27.0
541,hold,26.7
542,sell,26.1
543,hold,26.1
544,hold,25.7
545,hold,26.4
546,buy,26.2
547,hold,24.4
548,sell,24.2
549,hold,23.5
550,hold,24.4
551,hold,26.1
552,buy,27.3
553,hold,27.3
554,hold,26.7
555,sell,26.5
556,hold,25.9
557,hold,24.3
558,hold,25.1
559,hold,25.6
560,buy,26.1
561,hold,25.5
562,hold,24.8
563,sell,24.0
564,hold,24.0
565,hold,22.4
566,hold,21.0
567,hold,22.0
568,buy,22.9
569,hold,21.3
570,hold,21.7
571,sell,22.8
572,buy,23.2
573,hold,24.8
574,hold,24.6
575,hold,25.6
576,hold,25.0
577,hold,25.2
578,sell,26.2
579,buy,25.4
580,hold,24.8
581,sell,24.4
582,hold,25.0
583,hold,24.3
584,buy,24.9
585,sell,25.3
586,hold,25.3
587,hold,25.5
588,hold,25.3
589,hold,25.9
590,buy,26.1
591,hold,26.8
592,hold,26.7
593,hold,25.9
594,sell,25.5
595,hold,26.6
596,buy,26.3
597,hold,25.7
598,sell,26.6
599,hold,26.2
600,hold,26.9
601,buy,27.2
602,hold,27.2
603,hold,26.6
604,sell,25.6
605,hold,25.3
606,hold,24.8
607,hold,24.6
608,hold,24.5
609,hold,24.5
610,buy,24.6
611,hold,25.2
612,hold,25.4
613,hold,25.4
614,hold,25.3
615,hold,25.0
616,sell,24.6
617,hold,23.6
618,hold,24.1
619,buy,23.6
620,hold,23.6
621,sell,24.4
622,buy,25.4
623,hold,25.4
624,hold,23.8
625,sell,22.8
626,hold,22.9
627,hold,22.5
628,hold,23.0
629,buy,22.7
630,hold,23.3
631,hold,23.6
632,hold,24.6
633,hold,24.1
634,hold,23.6
635,sell,23.4
636,hold,22.9
637,hold,22.4
638,hold,22.9
639,buy,22.6
640,hold,22.5
641,sell,22.4
642,hold,23.2
643,buy,24.0
644,hold,24.0
645,hold,24.0
646,hold,24.3
647,hold,23.6
648,sell,23.8
649,hold,23.5
650,hold,23.5
651,hold,23.4
652,hold,23.7
653,buy,23.7
654,hold,23.5
655,sell,23.8
656,hold,24.0
657,buy,23.9
658,sell,23.3
659,hold,23.6
660,hold,23.4
661,buy,23.5
662,hold,22.8
663,sell,22.9
664,hold,22.7
665,hold,23.1
666,buy,24.3
667,hold,24.9
668,hold,24.9
669,hold,24.6
670,sell,24.6
671,hold,24.8
672,buy,26.4
673,hold,26.9
674,hold,27.1
675,hold,26.8
676,sell,26.2
677,hold,26.3
678,hold,28.1
679,buy,30.0
680,hold,29.1
681,sell,29.6
682,hold,30.0
683,hold,30.4
684,buy,29.8
685,sell,28.1
686,hold,29.5
687,hold,29.8
688,buy,29.7
689,hold,28.8
690,sell,28.4
691,hold,28.2
692,hold,28.5
693,hold,28.6
694,hold,29.8
695,buy,29.8
696,hold,30.0
697,hold,29.8
698,hold,30.7
699,hold,32.0
700,hold,32.3
701,hold,30.1
702,sell,29.7
703,hold,29.7
704,hold,29.1
705,hold,29.2
706,hold,29.1
707,hold,28.9
708,hold,28.9
709,hold,28.6
710,hold,29.4
711,buy,29.4
712,hold,29.2
713,hold,29.2
714,sell,28.1
715,hold,28.2
716,hold,27.5
717,hold,27.6
718,hold,27.7
719,buy,27.0
720,hold,26.9
721,sell,26.9
722,hold,26.8
723,hold,27.4
724,buy,28.0
725,hold,28.6
726,hold,29.0
727,hold,29.8
728,hold,29.5
729,sell,30.0
730,hold,28.4
731,hold,28.4
732,hold,28.9
733,hold,29.1
734,buy,30.3
735,hold,29.8
736,hold,29.4
737,sell,29.5
738,hold,29.0
739,hold,29.6
740,hold,29.6
741,buy,30.2
742,hold,30.7
743,hold,31.7
744,hold,32.2
745,hold,32.0
746,hold,32.2
747,sell,31.0
748,hold,30.7
749,hold,31.8
750,buy,31.5
751,hold,32.8
752,hold,34.7
753,hold,34.0
754,sell,34.0
755,hold,34.6
756,buy,34.5
757,hold,33.7
758,sell,34.9
759,hold,34.6
760,buy,34.6
761,sell,35.1
762,buy,35.1
763,hold,35.7
764,hold,34.7
765,sell,34.4
766,hold,34.4
767,hold,34.8
768,hold,35.0
769,buy,35.4
770,hold,35.0
771,hold,35.0
772,sell,34.7
773,hold,35.1
774,hold,35.0
775,buy,36.4
776,hold,37.5
777,hold,37.4
778,hold,37.5
779,sell,37.3
780,hold,36.7
781,hold,36.9
782,hold,37.8
783,buy,37.8
784,hold,37.5
785,hold,36.8
786,sell,37.3
787,hold,36.8
788,hold,37.6
789,hold,39.7
790,buy,40.2
791,hold,37.4
792,sell,34.8
793,hold,33.0
794,hold,32.5
795,buy,30.5
796,hold,32.6
797,hold,33.3
798,hold,33.3
799,hold,32.1
800,sell,32.4
801,hold,32.7
802,buy,33.1
803,hold,33.0
804,hold,32.4
805,hold,31.1
806,sell,32.0
807,buy,32.3
808,hold,32.3
809,hold,31.1
810,sell,31.0
811,hold,29.9
812,hold,31.6
813,buy,31.6
814,hold,31.2
815,hold,31.2
816,sell,30.7
817,hold,29.3
818,hold,29.1
819,hold,27.3
820,hold,25.5
821,hold,25.7
822,hold,27.4
823,buy,27.0
824,hold,28.1
825,hold,28.3
826,hold,28.3
827,hold,28.4
828,hold,28.6
829,hold,26.6
830,sell,24.8
831,hold,23.1
832,hold,22.3
833,hold,23.8
834,buy,25.0
835,hold,26.0
836,hold,25.9
837,hold,25.0
838,sell,25.5
839,hold,26.3
840,buy,27.0
841,hold,26.3
842,hold,26.9
843,hold,26.3
844,hold,25.4
845,sell,25.3
846,hold,26.2
847,hold,26.6
848,buy,26.9
849,hold,27.0
850,hold,26.7
851,sell,25.5
852,hold,26.2
853,hold,25.2
854,hold,25.7
855,hold,25.2
856,hold,25.2
857,hold,26.0
858,buy,26.9
859,hold,27.3
860,hold,27.7
861,hold,27.9
862,hold,28.4
863,hold,29.1
864,hold,29.7
865,hold,29.0
866,sell,29.0
867,hold,28.6
868,hold,28.7
869,hold,28.2
870,hold,28.8
871,hold,29.1
872,buy,28.1
873,sell,26.7
874,hold,26.4
875,hold,26.1
876,hold,25.1
877,hold,25.9
878,buy,26.0
879,hold,25.5
880,hold,25.1
881,sell,24.9
882,hold,24.7
883,buy,24.7
884,sell,25.0
885,buy,25.2
886,hold,25.0
887,hold,25.7
888,hold,26.9
889,hold,26.8
890,hold,27.1
891,hold,26.8
892,sell,26.4
893,hold,27.0
894,hold,27.6
895,buy,27.3
896,hold,27.0
897,sell,27.1
898,hold,27.9
899,buy,27.6
900,hold,29.0
901,sell,30.0
902,buy,29.9
903,hold,31.2
904,sell,30.9
905,hold,33.0
906,hold,33.3
907,buy,32.5
908,sell,33.3
909,hold,33.4
910,buy,35.0
911,hold,34.5
912,sell,34.7
913,hold,35.1
914,buy,31.3
915,sell,30.6
916,hold,30.8
917,hold,30.8
918,hold,32.5
919,buy,32.5
920,hold,32.7
921,hold,32.5
922,hold,33.6
923,hold,33.8
924,hold,32.9
925,hold,33.3
926,sell,35.4
927,buy,35.5
928,hold,35.5
929,sell,34.7
930,hold,35.2
931,hold,35.0
932,hold,35.4
933,hold,35.1
934,hold,34.1
935,hold,31.8
936,hold,31.3
937,hold,31.2
938,hold,30.1
939,buy,29.7
940,hold,29.7
941,hold,29.0
942,sell,29.6
943,hold,30.7
944,buy,30.5
945,hold,28.8
946,sell,29.7
947,hold,31.0
948,buy,31.0
949,hold,30.9
950,hold,31.4
951,hold,31.8
952,hold,31.7
953,hold,31.0
954,sell,30.7
955,hold,30.5
956,hold,30.1
957,hold,29.4
958,hold,30.3
959,hold,30.7
960,buy,30.4
961,sell,29.5
962,hold,29.6
963,hold,30.7
964,buy,30.5
965,hold,29.8
966,sell,29.8
967,hold,30.4
968,buy,30.5
969,hold,30.6
970,hold,30.6
971,hold,30.6
972,hold,31.0
973,hold,31.0
974,hold,31.4
975,hold,31.6
976,hold,31.4
977,sell,31.2
978,hold,31.7
979,hold,31.8
980,buy,31.7
981,hold,30.9
982,sell,31.6
983,hold,31.9
984,buy,31.8
985,hold,32.1
986,hold,31.8
987,sell,31.9
988,hold,33.0
989,buy,32.5
990,hold,32.1
991,sell,32.7
992,hold,32.3
993,buy,31.8
994,sell,31.6
995,hold,30.6
996,hold,30.3
997,hold,30.7
998,buy,30.1
999,hold,30.2
1000,sell,30.6
1001,buy,30.6
1002,hold,30.4
1003,hold,29.6
1004,sell,29.4
1005,hold,29.0
1006,hold,28.2
1007,hold,28.2
1008,buy,28.7
1009,hold,28.3
1010,hold,28.8
1011,hold,30.4
1012,hold,29.9
1013,hold,29.5
1014,sell,29.5
1015,hold,29.9
1016,buy,30.0
1017,hold,30.3
1018,hold,29.8
1019,hold,29.8
1020,sell,30.4
1021,hold,30.3
1022,buy,30.7
1023,hold,31.4
1024,hold,32.1
1025,hold,33.0
1026,sell,32.25
1027,hold,32.0
1028,hold,32.0
1029,hold,33.65
1030,buy,32.5
1031,hold,32.9
1032,sell,32.8
1033,hold,32.25
1034,hold,31.85
1035,hold,31.0
1036,hold,30.7
1037,hold,30.95
1038,hold,31.1
1039,buy,31.1
1040,hold,31.05
1041,hold,31.5
1042,hold,31.7
1043,hold,31.7
1044,hold,31.6
1045,hold,31.1
1046,sell,30.85
1047,hold,30.9
1048,hold,30.3
1049,hold,30.8
1050,hold,30.25
1051,buy,30.0
1052,hold,31.05
1053,hold,31.4
1054,hold,31.4
1055,hold,31.4
1056,hold,31.3
1057,sell,31.0
1058,hold,29.8
1059,hold,30.4
1060,hold,30.2
1061,buy,30.2
1062,hold,30.2
1063,sell,30.5
1064,buy,30.6
1065,hold,30.45
1066,sell,30.3
1067,hold,29.9
1068,hold,30.5
1069,buy,30.65
1070,hold,31.7
1071,hold,31.7
1072,hold,31.4
1073,hold,31.6
1074,sell,31.6
1075,buy,31.5
1076,sell,30.9
1077,hold,28.75
1078,hold,28.7
1079,hold,28.8
1080,hold,29.0
1081,buy,28.5
1082,sell,28.5
1083,hold,29.0
1084,buy,28.5
1085,hold,28.5
1086,sell,28.8
1087,buy,28.2
1088,hold,28.15
1089,sell,28.4
1090,buy,28.7
1091,hold,28.85
1092,hold,28.5
1093,hold,28.3
1094,sell,28.6
1095,hold,28.2
1096,buy,28.1
1097,sell,28.05
1098,hold,28.3
1099,buy,28.35
1100,hold,28.3
1101,hold,28.25
1102,sell,28.45
1103,buy,28.8
1104,hold,29.25
1105,hold,29.3
1106,hold,29.1
1107,sell,28.7
1108,hold,28.8
1109,hold,28.45
1110,hold,28.2
1111,hold,28.4
1112,hold,28.1
1113,hold,27.95
1114,hold,27.35
1115,hold,26.55
1116,hold,26.45
1117,buy,26.8
1118,hold,27.45
1119,hold,27.5
1120,hold,27.5
1121,hold,27.65
1122,hold,27.6
1123,hold,27.3
1124,sell,27.3
1125,hold,27.25
1126,buy,27.3
1127,hold,27.2
1128,hold,27.05
1129,hold,27.0
1130,sell,26.3
1131,hold,26.45
1132,hold,27.5
1133,buy,27.2
1134,hold,27.8
1135,hold,27.6
1136,hold,27.9
1137,hold,27.75
1138,sell,27.55
1139,hold,27.75
1140,hold,27.45
1141,hold,27.4
1142,hold,27.05
1143,hold,23.5
1144,hold,23.1
1145,hold,23.55
1146,hold,23.6
1147,buy,23.1
1148,sell,23.1
1149,hold,22.9
1150,hold,22.45
1151,hold,22.9
1152,buy,22.45
1153,hold,23.25
1154,hold,23.25
1155,hold,23.2
1156,hold,23.1
1157,hold,23.25
1158,hold,23.3
1159,hold,23.3
1160,hold,23.25
1161,hold,23.25
1162,hold,22.85
1163,sell,22.7
1164,hold,22.6
1165,hold,22.7
1166,hold,22.5
1167,hold,21.8
1168,hold,21.0
1169,hold,20.8
1170,buy,20.45
1171,hold,19.9
1172,sell,20.25
1173,hold,21.45
1174,buy,21.3
1175,hold,21.25
1176,hold,21.15
1177,hold,21.0
1178,sell,21.0
1179,hold,20.8
1180,hold,21.35
1181,buy,21.0
1182,hold,21.1
1183,hold,20.3
1184,sell,20.1
1185,hold,19.85
1186,hold,19.6
1187,hold,19.6
1188,buy,19.9
1189,hold,19.7
1190,hold,19.9
1191,hold,19.9
1192,hold,19.45
1193,sell,20.7
1194,buy,21.05
1195,hold,21.05
1196,hold,20.45
1197,sell,20.45
1198,hold,20.45
1199,hold,20.0
1200,hold,20.45
1201,hold,20.7
1202,buy,20.85
1203,hold,21.1
1204,hold,20.6
1205,sell,20.5
1206,hold,20.45
1207,hold,20.7
1208,hold,20.5
1209,buy,20.45
1210,sell,20.65
1211,buy,20.8
1212,hold,21.0
1213,hold,21.1
1214,hold,20.8
1215,sell,21.3
1216,hold,21.55
1217,buy,22.45
1218,hold,22.6
1219,hold,21.95
1220,sell,22.35
1221,hold,22.05
1222,hold,21.7
1223,hold,21.7
1224,hold,21.75
1225,hold,21.65
1226,hold,21.65
1227,hold,21.9
1228,buy,23.4
1229,hold,23.4
1230,hold,23.45
1231,sell,23.0
1232,hold,23.3
1233,hold,23.1
1234,buy,23.0
1235,sell,23.2
1236,hold,23.4
1237,buy,23.8
1238,hold,22.25
1239,sell,22.4
1240,hold,22.2
1241,hold,22.5
1242,hold,22.2
1243,hold,22.3
1244,hold,22.35
1245,buy,22.6
1246,hold,23.0
1247,hold,22.75
1248,hold,22.55
1249,sell,21.8
1250,hold,20.9
1251,hold,21.1
1252,buy,20.7
1253,hold,20.15
1254,sell,20.5
1255,buy,20.55
1256,hold,21.1
1257,hold,22.1
1258,hold,21.9
1259,hold,21.9
1260,hold,21.8
1261,sell,22.0
1262,buy,22.15
1263,hold,22.1
1264,hold,21.65
1265,sell,21.8
1266,hold,21.7
1267,hold,22.1
1268,buy,21.65
1269,sell,21.35
1270,hold,21.15
1271,hold,21.3
1272,hold,21.1
1273,buy,21.0
1274,sell,21.0
1275,hold,20.55
1276,hold,20.35
1277,hold,20.3
1278,hold,20.25
1279,buy,20.45
1280,hold,20.4
1281,hold,20.45
1282,hold,20.1
1283,sell,20.1
1284,hold,20.0
1285,hold,20.1
1286,buy,20.05
1287,hold,20.05
1288,sell,20.0
1289,hold,19.8
1290,hold,20.1
1291,buy,20.3
1292,hold,20.1
1293,hold,20.05
1294,sell,20.15
1295,buy,20.3
1296,hold,20.6
1297,hold,20.7
1298,hold,20.9
1299,hold,20.85
1300,hold,21.1
1301,sell,20.9
1302,hold,21.1
1303,hold,21.6
1304,buy,22.2
1305,hold,22.9
1306,hold,22.3
1307,sell,21.85
1308,hold,22.1
1309,hold,21.95
1310,hold,22.0
1311,hold,22.45
1312,buy,22.3
1313,hold,22.4
1314,hold,22.25
1315,sell,22.55
1316,buy,22.2
1317,sell,22.55
1318,hold,24.1
1319,buy,24.2
1320,hold,23.5
1321,sell,24.1
1322,hold,23.6
1323,buy,23.9
1324,sell,23.95
1325,buy,23.05
1326,sell,22.55
1327,hold,22.5
1328,hold,22.35
1329,hold,21.85
1330,hold,21.7
1331,hold,21.85
1332,buy,22.4
1333,hold,22.65
1334,hold,22.4
1335,hold,22.0
1336,sell,21.75
1337,hold,22.45
1338,buy,21.7
1339,hold,22.0
1340,sell,21.75
1341,buy,21.1
1342,sell,21.7
1343,buy,21.2
1344,hold,21.2
1345,sell,22.2
1346,buy,21.9
1347,hold,22.15
1348,hold,22.3
1349,hold,21.75
1350,sell,21.25
1351,hold,21.9
1352,hold,21.95
1353,buy,22.2
1354,hold,22.3
1355,hold,22.5
1356,hold,22.6
1357,hold,22.6
1358,hold,22.8
1359,sell,22.9
1360,buy,22.35
1361,sell,22.3
1362,hold,22.3
1363,hold,22.5
1364,buy,22.45
1365,hold,22.3
1366,sell,22.3
1367,hold,22.0
1368,hold,21.6
1369,hold,21.7
1370,buy,21.8
1371,hold,22.1
1372,hold,21.95
1373,hold,21.9
1374,sell,21.85
1375,buy,21.85
1376,hold,22.1
1377,hold,22.15
1378,hold,22.2
1379,hold,22.3
1380,hold,22.15
1381,hold,22.15
1382,hold,21.9
1383,sell,21.6
1384,hold,21.9
1385,hold,22.05
1386,buy,22.1
1387,hold,22.2
1388,hold,19.3
1389,sell,19.3
1390,hold,19.3
1391,hold,19.25
1392,hold,19.35
1393,buy,19.1
1394,hold,19.1
1395,hold,18.8
1396,sell,18.8
1397,hold,18.6
1398,hold,18.25
1399,hold,18.3
1400,buy,18.5
1401,hold,18.25
1402,hold,17.75
1403,sell,17.5
1404,hold,17.5
1405,buy,17.3
1406,sell,17.3
1407,hold,17.4
1408,buy,17.5
1409,hold,17.5
1410,hold,17.5
1411,hold,17.4
1412,hold,17.25
1413,sell,17.65
1414,buy,17.75
1415,hold,18.0
1416,hold,18.1
1417,hold,18.0
1418,hold,18.05
1419,sell,18.2
1420,buy,18.65
1421,hold,18.55
1422,sell,18.85
1423,hold,19.0
1424,buy,18.95
1425,hold,18.8
1426,sell,18.9
1427,hold,19.0
1428,buy,19.0
1429,hold,19.4
1430,hold,19.8
1431,hold,19.6
1432,sell,19.0
1433,hold,19.1
1434,hold,18.8
1435,hold,18.85
1436,hold,19.0
1437,hold,19.0
1438,hold,19.1
1439,buy,19.2
1440,hold,19.2
1441,hold,19.0
1442,sell,19.1
1443,hold,18.6
1444,hold,18.25
1445,hold,18.5
1446,buy,18.4
1447,hold,18.1
1448,sell,17.95
1449,hold,18.4
1450,buy,18.4
1451,hold,18.65
1452,hold,18.65
1453,hold,18.35
1454,sell,18.55
1455,hold,18.2
1456,hold,18.0
1457,hold,18.1
1458,hold,18.0
1459,buy,18.2
1460,hold,18.3
1461,hold,19.2
1462,hold,19.3
1463,hold,19.0
1464,sell,19.1
1465,hold,19.5
1466,buy,19.6
1467,hold,19.2
1468,sell,19.25
1469,hold,19.15
1470,hold,19.25
1471,hold,18.95
1472,hold,18.6
1473,hold,18.5
1474,hold,18.65
1475,hold,18.75
1476,hold,18.75
1477,buy,18.65
1478,sell,18.7
1479,hold,18.6
1480,hold,18.55
1481,hold,18.6
1482,buy,18.85
1483,hold,18.7
1484,hold,18.7
1485,sell,18.85
1486,buy,19.1
1487,hold,19.0
1488,hold,18.9
1489,sell,18.65
1490,hold,18.4
1491,hold,18.6
1492,hold,18.6
1493,buy,18.75
1494,hold,18.95
1495,hold,18.8
1496,hold,18.7
1497,sell,18.8
1498,hold,18.9
1499,buy,19.15
1500,hold,19.1
1501,hold,18.95
1502,hold,18.9
1503,sell,18.85
1504,hold,18.7
1505,hold,18.5
1506,hold,18.3
1507,hold,18.3
1508,hold,18.45
1509,buy,18.75
1510,hold,19.8
1511,hold,21.15
1512,hold,21.6
1513,hold,21.4
1514,sell,21.4
1515,hold,20.95
1516,hold,21.3
1517,hold,21.25
1518,buy,21.65
1519,hold,21.5
1520,hold,20.85
1521,sell,20.5
1522,hold,20.45
1523,hold,19.5
1524,hold,19.65
1525,hold,21.0
1526,buy,21.2
1527,hold,21.3
1528,hold,20.85
1529,sell,21.45
1530,buy,21.1
1531,hold,21.25
1532,sell,21.35
1533,buy,21.3
1534,hold,21.4
1535,hold,21.4
1536,hold,21.5
1537,hold,21.45
1538,sell,21.5
1539,hold,21.4
1540,hold,21.15
1541,hold,20.95
1542,hold,21.1
1543,hold,20.95
1544,buy,21.0
1545,sell,21.4
1546,buy,21.2
1547,hold,21.85
1548,hold,21.95
1549,hold,21.8
1550,hold,21.5
1551,sell,21.65
1552,hold,22.15
1553,buy,21.85
1554,hold,21.95
1555,sell,21.8
1556,hold,21.55
1557,hold,21.5
1558,hold,21.4
1559,hold,20.9
1560,hold,21.0
1561,hold,21.0
1562,hold,20.45
1563,buy,20.2
1564,sell,20.0
1565,hold,20.55
1566,buy,20.9
1567,hold,20.8
1568,hold,20.5
1569,sell,20.5
1570,hold,20.5
1571,buy,20.0
1572,sell,19.95
1573,hold,19.8
1574,hold,20.0
1575,buy,20.15
1576,hold,20.8
1577,hold,21.55
1578,hold,21.45
1579,hold,21.45
1580,sell,20.95
1581,hold,20.75
1582,hold,20.95
1583,hold,20.5
1584,hold,20.65
1585,hold,20.75
1586,buy,20.9
1587,hold,21.0
1588,hold,20.85
1589,sell,20.6
1590,hold,20.4
1591,hold,20.5
1592,hold,20.5
1593,buy,20.4
1594,hold,20.6
1595,hold,20.65
1596,hold,21.15
1597,hold,21.25
1598,hold,21.2
1599,hold,20.85
1600,sell,20.9
1601,hold,20.8
1602,hold,20.9
1603,hold,21.85
1604,buy,21.75
1605,hold,21.5
1606,sell,21.8
1607,hold,22.0
1608,buy,22.05
1609,hold,21.8
1610,sell,22.85
1611,hold,22.85
1612,buy,22.15
1613,sell,22.05
1614,hold,22.6
1615,buy,22.8
1616,hold,23.1
1617,hold,24.2
1618,hold,23.3
1619,sell,23.8
1620,hold,23.75
1621,hold,23.9
1622,buy,24.1
1623,hold,24.0
1624,hold,22.35
1625,sell,21.2
1626,hold,22.35
1627,hold,22.85
1628,buy,22.8
1629,hold,23.6
1630,hold,23.25
1631,hold,23.0
1632,sell,22.8
1633,hold,23.0
1634,buy,21.85
1635,sell,22.2
1636,hold,22.15
1637,hold,20.7
1638,hold,19.45
1639,hold,19.35
1640,hold,20.05
1641,buy,19.8
1642,hold,19.8
1643,sell,20.5
1644,buy,20.8
1645,hold,20.9
1646,hold,21.0
1647,hold,20.75
1648,hold,21.4
1649,hold,21.4
1650,hold,21.05
1651,hold,21.7
1652,hold,21.55
1653,hold,23.05
1654,hold,24.1
1655,hold,23.3
1656,sell,23.3
1657,hold,23.2
1658,hold,23.0
1659,hold,23.4
1660,hold,23.3
1661,buy,24.3
1662,hold,25.6
1663,hold,25.7
1664,hold,27.45
1665,sell,27.45
1666,buy,28.25
1667,hold,27.6
1668,sell,29.5
1669,hold,31.55
1670,buy,31.55
1671,sell,30.6
1672,hold,32.0
1673,hold,33.0
1674,buy,32.0
1675,hold,32.8
1676,sell,33.2
1677,hold,33.45
1678,hold,33.1
1679,hold,32.5
1680,hold,33.55
1681,hold,32.95
1682,buy,30.7
1683,sell,30.5
1684,hold,30.5
1685,hold,30.15
1686,hold,29.95
1687,hold,32.0
1688,buy,32.0
1689,hold,31.7
1690,hold,30.8
1691,sell,28.65
1692,hold,28.85
1693,hold,29.45
1694,buy,29.45
1695,hold,27.4
1696,sell,27.4
1697,hold,26.75
1698,buy,26.85
1699,hold,28.7
1700,hold,29.35
1701,hold,28.65
1702,hold,28.4
1703,sell,27.5
1704,hold,26.5
1705,hold,26.9
1706,hold,25.1
1707,hold,25.4
1708,hold,24.95
1709,buy,24.25
1710,hold,25.9
1711,hold,27.7
1712,hold,27.95
1713,hold,27.25
1714,hold,27.5
1715,sell,27.5
1716,buy,27.55
1717,hold,28.1
1718,hold,27.8
1719,hold,27.25
1720,sell,26.7
1721,hold,25.8
1722,hold,24.9
1723,hold,24.9
1724,hold,26.6
1725,buy,25.85
1726,hold,26.6
1727,hold,26.7
1728,hold,26.6
1729,hold,27.1
1730,hold,27.9
1731,hold,28.3
1732,hold,29.6
1733,hold,28.8
1734,sell,29.6
1735,hold,30.35
1736,buy,28.55
1737,sell,30.5
1738,hold,30.1
1739,buy,31.55
1740,sell,29.85
1741,hold,31.4
1742,hold,31.9
1743,buy,29.7
1744,sell,28.4
1745,hold,27.05
1746,hold,27.7
1747,hold,25.8
1748,hold,24.0
1749,hold,23.8
1750,hold,23.5
1751,buy,22.45
1752,sell,23.45
1753,hold,24.0
1754,buy,23.8
1755,hold,24.05
1756,hold,24.6
1757,hold,24.2
1758,hold,24.85
1759,hold,25.0
1760,hold,25.6
1761,hold,26.15
1762,hold,24.45
1763,sell,25.0
1764,hold,24.6
1765,hold,25.55
1766,buy,25.2
1767,hold,25.5
1768,hold,26.0
1769,hold,25.85
1770,hold,26.7
1771,hold,27.95
1772,hold,27.3
1773,sell,26.8
1774,hold,25.8
1775,hold,26.25
1776,hold,26.6
1777,buy,26.2
1778,hold,25.8
1779,sell,25.8
1780,hold,27.3
1781,buy,28.0
1782,hold,29.9
1783,hold,29.35
1784,hold,30.0
1785,sell,28.7
1786,hold,29.2
1787,hold,28.45
1788,hold,30.2
1789,buy,30.0
1790,hold,29.0
1791,sell,29.0
1792,hold,28.35
1793,hold,30.0
1794,buy,29.95
1795,hold,31.0
1796,hold,30.7
1797,hold,31.3
1798,hold,32.0
1799,hold,30.9
1800,sell,31.3
1801,hold,30.0
1802,hold,29.8
1803,hold,30.3
1804,hold,29.85
1805,buy,30.0
1806,sell,29.9
1807,hold,29.0
1808,hold,29.5
1809,hold,28.6
1810,hold,29.05
1811,buy,28.1
1812,hold,27.8
1813,sell,27.85
1814,hold,28.3
1815,buy,28.35
1816,hold,28.05
1817,hold,28.1
1818,sell,28.7
1819,buy,28.75
1820,hold,29.95
1821,hold,30.2
1822,hold,29.9
1823,hold,28.8
1824,sell,28.7
1825,hold,28.65
1826,hold,28.1
1827,hold,28.65
1828,hold,28.7
1829,hold,28.0
1830,hold,27.45
1831,hold,26.75
1832,hold,27.25
1833,buy,27.1
1834,hold,27.65
1835,hold,27.8
1836,hold,27.85
1837,hold,27.65
1838,hold,27.3
1839,hold,25.4
1840,sell,25.7
1841,hold,25.4
1842,buy,25.6
1843,hold,25.6
1844,hold,25.7
1845,hold,25.2
1846,sell,24.6
1847,hold,24.8
1848,hold,24.85
1849,buy,25.0
1850,hold,25.0
1851,hold,24.5
1852,sell,24.1
1853,hold,22.5
1854,hold,22.5
1855,hold,23.0
1856,buy,23.05
1857,hold,23.0
1858,hold,22.6
1859,sell,22.0
1860,hold,22.8
1861,hold,23.65
1862,buy,22.9
1863,hold,21.3
1864,sell,19.85
1865,hold,20.6
1866,hold,19.6
1867,buy,20.35
1868,hold,20.3
1869,hold,21.7
1870,hold,22.0
1871,hold,22.45
1872,hold,22.2
1873,hold,20.5
1874,sell,20.0
1875,hold,19.85
1876,hold,19.9
1877,hold,19.9
1878,buy,20.5
1879,hold,20.7
1880,hold,20.5
1881,hold,20.45
1882,sell,19.9
1883,hold,20.1
1884,hold,20.2
1885,buy,20.3
1886,hold,19.8
1887,hold,19.4
1888,hold,18.7
1889,sell,18.0
1890,hold,18.1
1891,buy,18.45
1892,hold,18.45
1893,hold,18.45
1894,hold,18.55
1895,hold,18.0
1896,sell,17.5
1897,hold,17.05
1898,hold,16.1
1899,hold,15.7
1900,hold,15.4
1901,buy,16.45
1902,hold,16.15
1903,hold,16.6
1904,hold,16.1
1905,hold,16.6
1906,sell,16.1
1907,buy,15.0
1908,sell,15.0
1909,hold,14.0
1910,hold,14.95
1911,buy,15.95
1912,hold,16.35
1913,hold,16.35
1914,hold,16.0
1915,sell,15.1
1916,hold,14.3
1917,hold,14.85
1918,hold,14.4
1919,hold,14.85
1920,buy,14.3
1921,sell,14.7
1922,hold,14.05
1923,hold,14.7
1924,hold,14.2
1925,buy,15.0
1926,hold,14.6
1927,hold,14.2
1928,sell,14.1
1929,hold,14.1
1930,buy,14.8
1931,hold,14.8
1932,hold,14.3
1933,sell,13.8
1934,hold,13.9
1935,hold,13.9
1936,buy,14.85
1937,hold,15.85
1938,hold,16.95
1939,hold,18.0
1940,hold,17.9
1941,sell,16.7
1942,hold,17.0
1943,hold,18.0
1944,buy,17.9
1945,hold,17.25
1946,sell,17.25
1947,hold,17.25
1948,hold,17.25
1949,buy,16.9
1950,sell,16.9
1951,hold,16.9
1952,hold,16.1
1953,hold,16.1
1954,hold,16.1
1955,hold,16.1
1956,buy,16.1
1957,hold,16.55
1958,hold,16.3
1959,hold,16.85
1960,hold,16.75
1961,hold,16.7
1962,hold,16.5
1963,sell,15.95
1964,hold,16.15
1965,hold,15.8
1966,hold,16.5
1967,buy,16.2
1968,hold,16.0
1969,sell,16.1
1970,hold,16.05
1971,hold,15.7
1972,hold,15.75
1973,hold,15.5
1974,hold,15.55
1975,hold,14.65
1976,hold,14.75
1977,hold,15.15
1978,buy,15.15
1979,hold,15.5
1980,hold,15.55
1981,hold,15.45
1982,hold,15.1
1983,sell,15.6
1984,buy,15.5
1985,hold,14.8
1986,sell,15.1
1987,hold,14.75
1988,hold,14.65
1989,hold,14.85
1990,hold,14.75
1991,buy,14.25
1992,sell,14.25
1993,hold,14.0
1994,hold,14.05
1995,hold,13.4
1996,hold,13.4
1997,buy,13.3
1998,hold,13.55
1999,hold,13.3
2000,hold,13.75
2001,hold,13.6
2002,hold,13.2
2003,sell,13.45
2004,hold,13.15
2005,buy,13.1
2006,sell,13.4
2007,buy,13.35
2008,hold,13.3
2009,hold,13.25
2010,sell,13.35
2011,buy,13.1
2012,sell,13.1
2013,hold,13.1
2014,hold,13.15
2015,buy,13.15
2016,hold,13.3
2017,hold,12.95
2018,hold,12.55
2019,sell,12.6
2020,buy,12.95
2021,hold,12.9
2022,hold,13.75
2023,hold,14.0
2024,hold,13.75
2025,sell,13.6
2026,hold,13.95
2027,buy,14.2
2028,hold,14.05
2029,hold,14.0
2030,sell,14.3
2031,buy,14.4
2032,hold,14.5
2033,hold,15.5
2034,hold,15.4
2035,sell,15.35
2036,hold,15.45
2037,hold,14.4
2038,hold,14.25
2039,hold,14.95
2040,hold,15.7
2041,buy,15.7
2042,hold,15.7
2043,sell,16.75
2044,buy,16.0
2045,hold,16.45
2046,sell,16.65
2047,buy,17.2
2048,hold,17.7
2049,hold,18.45
2050,hold,19.2
2051,hold,18.4
2052,sell,17.75
2053,hold,17.85
2054,hold,17.3
2055,hold,17.2
2056,hold,17.7
2057,hold,16.55
2058,hold,15.4
2059,hold,15.45
2060,hold,16.5
2061,buy,17.65
2062,hold,17.9
2063,hold,19.15
2064,hold,18.45
2065,hold,18.25
2066,sell,18.5
2067,hold,17.4
2068,hold,17.05
2069,hold,16.35
2070,hold,16.5
2071,hold,17.65
2072,buy,17.6
2073,hold,17.85
2074,hold,18.0
2075,sell,17.55
2076,hold,18.75
2077,buy,18.3
2078,hold,19.0
2079,hold,19.3
2080,hold,20.3
2081,hold,20.05
2082,sell,18.65
2083,hold,18.7
2084,hold,18.85
2085,hold,18.3
2086,hold,17.3
2087,hold,17.2
2088,hold,17.5
2089,hold,17.0
2090,buy,16.25
2091,sell,16.5
2092,buy,16.35
2093,hold,15.6
2094,sell,16.0
2095,hold,16.3
2096,buy,15.85
2097,hold,16.2
2098,hold,16.6
2099,hold,16.6
2100,hold,16.4
2101,hold,16.35
2102,hold,16.5
2103,hold,16.85
2104,hold,16.75
2105,hold,17.9
2106,hold,17.8
2107,hold,17.2
2108,sell,17.85
2109,hold,17.8
2110,buy,17.25
2111,sell,17.6
2112,hold,18.45
2113,buy,18.2
2114,hold,18.75
2115,sell,18.5
2116,buy,19.05
2117,hold,19.5
2118,hold,19.15
2119,sell,20.1
2120,hold,19.85
2121,hold,20.0
2122,hold,20.1
2123,buy,19.7
2124,sell,20.0
2125,hold,19.9
2126,hold,21.25
2127,buy,21.05
2128,hold,20.75
2129,sell,20.3
2130,hold,19.8
2131,hold,19.6
2132,hold,20.2
2133,hold,21.25
2134,buy,21.0
2135,hold,21.0
2136,hold,21.0
2137,sell,20.5
2138,hold,20.1
2139,hold,20.3
2140,hold,20.55
2141,buy,20.2
2142,hold,20.0
2143,sell,20.0
2144,hold,19.9
2145,hold,19.7
2146,hold,19.7
2147,hold,20.3
2148,buy,20.05
2149,hold,20.0
2150,sell,20.7
2151,buy,20.6
2152,hold,20.5
2153,sell,20.35
2154,hold,19.65
2155,hold,20.15
2156,hold,20.3
2157,buy,20.9
2158,hold,20.4
2159,hold,20.2
2160,sell,20.25
2161,hold,19.1
2162,hold,18.8
2163,hold,18.6
2164,hold,18.7
2165,hold,18.9
2166,buy,18.5
2167,sell,18.2
2168,hold,17.3
2169,buy,17.15
2170,hold,17.6
2171,hold,18.2
2172,hold,17.9
2173,hold,18.15
2174,hold,18.2
2175,hold,18.05
2176,hold,18.05
2177,hold,18.0
2178,hold,18.1
2179,hold,17.9
2180,sell,17.9
2181,hold,17.5
2182,hold,16.95
2183,hold,17.1
2184,hold,17.15
2185,buy,17.1
2186,hold,17.1
2187,sell,16.75
2188,hold,16.65
2189,hold,16.2
2190,hold,16.1
2191,buy,16.3
2192,hold,16.2
2193,hold,16.45
2194,hold,16.45
2195,hold,16.7
2196,hold,16.9
2197,hold,17.0
2198,hold,16.8
2199,hold,17.45
2200,hold,17.2
2201,hold,17.1
2202,sell,17.3
2203,hold,17.25
2204,buy,17.3
2205,hold,17.0
2206,sell,17.15
2207,hold,16.95
2208,hold,16.2
2209,hold,16.55
2210,hold,16.25
2211,hold,16.5
2212,buy,16.35
2213,hold,16.3
2214,sell,16.95
2215,buy,16.75
2216,hold,16.75
2217,hold,16.5
2218,sell,16.75
2219,hold,16.8
2220,buy,16.7
2221,hold,16.7
2222,hold,16.5
2223,sell,16.55
2224,hold,16.7
2225,buy,16.85
2226,hold,16.85
2227,hold,16.85
2228,hold,16.9
2229,hold,17.05
2230,hold,17.3
2231,hold,17.55
2232,hold,17.85
2233,hold,18.15
2234,sell,18.8
2235,buy,18.5
2236,sell,18.6
2237,hold,19.6
2238,buy,20.05
2239,hold,19.9
2240,hold,19.1
2241,sell,19.6
2242,hold,19.75
2243,buy,19.3
2244,sell,19.0
2245,hold,19.7
2246,hold,19.75
2247,buy,19.05
2248,sell,18.5
2249,hold,17.65
2250,hold,17.9
2251,hold,18.0
2252,buy,18.5
2253,hold,18.25
2254,hold,18.25
2255,sell,18.2
2256,hold,17.75
2257,hold,16.6
2258,hold,16.6
2259,hold,17.25
2260,buy,17.35
2261,hold,17.3
2262,hold,17.7
2263,hold,18.9
2264,hold,18.7
2265,hold,19.1
2266,hold,19.2
2267,hold,19.0
2268,sell,18.65
2269,hold,19.05
2270,hold,19.15
2271,buy,19.6
2272,hold,19.95
2273,hold,19.95
2274,hold,19.95
2275,sell,19.85
2276,hold,19.85
2277,hold,19.75
2278,hold,19.9
2279,hold,20.0
2280,buy,20.1
2281,hold,20.0
2282,sell,19.5
2283,hold,18.8
2284,hold,19.2
2285,hold,19.15
2286,buy,19.1
2287,hold,19.0
2288,sell,18.85
2289,hold,18.7
2290,hold,18.8
2291,hold,19.25
2292,buy,19.5
2293,hold,19.5
2294,hold,19.2
2295,sell,19.2
2296,hold,19.45
2297,buy,18.9
2298,hold,18.8
2299,sell,20.0
2300,buy,19.65
2301,hold,19.45
2302,sell,19.3
2303,hold,19.4
2304,hold,19.25
2305,hold,19.05
2306,hold,19.3
2307,hold,19.2
2308,buy,18.95
2309,sell,18.85
2310,hold,20.15
2311,buy,20.05
2312,hold,19.65
2313,hold,18.95
2314,sell,18.7
2315,hold,19.1
2316,hold,19.0
2317,buy,18.45
2318,sell,18.85
2319,hold,19.75
2320,buy,19.8
2321,hold,18.9
2322,sell,18.75
2323,hold,18.75
2324,hold,18.35
2325,hold,18.25
2326,hold,18.05
2327,buy,17.8
2328,sell,18.8
2329,buy,18.5
2330,hold,18.35
2331,sell,18.25
2332,hold,18.15
2333,hold,17.8
2334,hold,18.15
2335,hold,17.95
2336,buy,17.5
2337,sell,17.75
2338,hold,17.4
2339,hold,17.95
2340,buy,18.55
2341,hold,18.55
2342,hold,19.3
2343,hold,19.35
2344,hold,19.1
2345,hold,20.15
2346,sell,21.1
2347,buy,20.9
2348,sell,20.8
2349,hold,20.0
2350,hold,21.0
2351,hold,20.45
2352,buy,20.45
2353,sell,21.85
2354,buy,22.0
2355,hold,22.0
2356,sell,22.8
2357,hold,23.4
2358,hold,22.9
2359,hold,22.7
2360,hold,22.2
2361,hold,22.45
2362,hold,23.25
2363,buy,23.3
2364,hold,22.75
2365,sell,22.8
2366,hold,22.3
2367,hold,23.35
2368,hold,23.65
2369,buy,24.0
2370,hold,24.05
2371,hold,23.5
2372,sell,23.6
2373,hold,23.7
2374,hold,23.8
2375,buy,23.7
2376,sell,23.65
2377,hold,24.2
2378,buy,24.0
2379,hold,24.15
2380,sell,24.6
2381,buy,24.9
2382,hold,25.4
2383,sell,24.2
2384,hold,24.3
2385,hold,24.75
2386,buy,24.2
2387,hold,22.9
2388,sell,22.8
2389,hold,23.15
2390,hold,23.0
2391,buy,23.05
2392,hold,21.8
2393,sell,21.85
2394,hold,22.0
2395,buy,21.8
2396,hold,21.25
2397,sell,22.45
2398,buy,22.6
2399,hold,22.4
2400,hold,22.05
2401,hold,21.9
2402,hold,21.5
2403,sell,20.55
2404,hold,20.9
2405,hold,21.7
2406,buy,21.5
2407,hold,21.8
2408,hold,21.85
2409,hold,22.65
2410,hold,22.5
2411,hold,22.15
2412,sell,21.8
2413,hold,21.55
2414,hold,21.75
2415,hold,21.9
2416,buy,22.2
2417,hold,22.1
2418,hold,21.95
2419,sell,22.15
2420,hold,23.0
2421,buy,23.35
2422,hold,23.0
2423,sell,22.5
2424,hold,22.3
2425,hold,22.4
2426,hold,22.35
2427,buy,22.5
2428,sell,22.6
2429,buy,22.3
2430,sell,22.3
2431,hold,22.7
2432,buy,23.3
2433,hold,23.4
2434,hold,24.8
2435,hold,24.75
2436,hold,25.45
2437,sell,25.95
2438,buy,25.5
2439,sell,26.2
2440,hold,25.8
2441,buy,25.8
2442,sell,25.9
2443,hold,25.1
2444,hold,25.2
2445,hold,25.2
2446,hold,24.15
2447,hold,24.2
2448,hold,23.75
2449,hold,23.75
2450,hold,23.25
2451,buy,23.05
2452,hold,24.65
2453,hold,24.85
2454,hold,26.15
2455,hold,26.6
2456,hold,26.4
2457,hold,26.3
2458,sell,25.35
2459,hold,25.5
2460,hold,25.65
2461,hold,25.6
2462,buy,26.05
2463,hold,25.5
2464,hold,25.8
2465,sell,25.7
2466,hold,25.5
2467,hold,25.85
2468,hold,26.1
2469,buy,26.4
2470,hold,26.55
2471,hold,26.45
2472,hold,27.0
2473,hold,26.95
2474,hold,26.65
2475,sell,27.95
2476,buy,29.0
2477,hold,28.7
2478,sell,28.65
2479,hold,28.55
2480,hold,28.45
2481,hold,30.0
2482,buy,30.8
2483,hold,30.3
2484,sell,30.95
2485,hold,30.5
2486,buy,29.1
2487,sell,29.95
2488,hold,29.4
2489,hold,30.15
2490,hold,30.25
2491,buy,30.35
2492,hold,31.2
2493,hold,29.9
2494,sell,28.6
2495,hold,29.55
2496,hold,29.7
2497,buy,29.45
2498,hold,28.9
2499,sell,28.55
2500,hold,29.8
2501,buy,30.0
2502,hold,30.5
2503,hold,30.5
2504,hold,29.9
2505,sell,30.2
2506,hold,29.65
2507,hold,28.1
2508,hold,29.6
2509,hold,28.85
2510,buy,28.25
2511,sell,27.2
2512,hold,27.8
2513,buy,27.85
2514,hold,26.45
2515,sell,25.65
2516,hold,25.75
2517,hold,26.2
2518,buy,27.4
2519,hold,27.3
2520,hold,27.05
2521,hold,26.8
2522,sell,25.5
2523,hold,24.8
2524,hold,25.0
2525,hold,24.7
2526,hold,25.0
2527,buy,24.15
2528,hold,22.85
2529,sell,23.1
2530,hold,23.6
2531,buy,23.95
2532,hold,24.2
2533,hold,24.6
2534,hold,24.55
2535,hold,24.9
2536,hold,24.7
2537,hold,24.45
2538,hold,24.75
2539,hold,24.8
2540,hold,24.45
2541,hold,24.7
2542,sell,24.4
2543,hold,25.85
2544,buy,25.7
2545,hold,25.1
2546,sell,24.8
2547,hold,25.65
2548,hold,25.9
2549,buy,25.2
2550,hold,25.35
2551,sell,25.1
2552,hold,25.45
2553,buy,25.95
2554,hold,26.35
2555,hold,28.15
2556,hold,27.8
2557,hold,27.35
2558,sell,26.9
2559,hold,26.5
2560,hold,26.55
2561,hold,27.35
2562,buy,27.55
2563,hold,27.9
2564,hold,28.25
2565,hold,27.9
2566,sell,27.2
2567,hold,27.4
2568,hold,26.9
2569,hold,26.6
2570,hold,26.95
2571,hold,27.15
2572,buy,25.95
2573,sell,25.5
2574,hold,25.35
2575,hold,25.75
2576,buy,25.3
2577,hold,25.4
2578,sell,25.8
2579,buy,26.3
2580,hold,26.75
2581,hold,26.35
2582,hold,25.6
2583,sell,25.3
2584,hold,25.25
2585,hold,25.05
2586,hold,25.1
2587,hold,25.1
2588,hold,24.15
2589,hold,24.1
2590,buy,23.3
2591,hold,22.6
2592,sell,22.9
2593,hold,22.7
2594,buy,23.0
2595,hold,22.75
2596,hold,22.25
2597,sell,22.6
2598,buy,22.55
2599,hold,22.85
2600,hold,22.9
2601,hold,23.1
2602,hold,23.2
2603,hold,22.9
2604,hold,22.5
2605,sell,22.25
2606,hold,22.45
2607,hold,22.6
2608,buy,22.9
2609,hold,22.3
2610,sell,22.25
2611,hold,20.9
2612,hold,21.25
2613,hold,21.2
2614,buy,20.7
2615,sell,20.95
2616,hold,21.0
2617,buy,20.8
2618,hold,20.9
2619,sell,20.75
2620,hold,20.7
2621,hold,20.2
2622,hold,19.75
2623,hold,19.85
2624,hold,19.8
2625,buy,19.4
2626,sell,19.3
2627,hold,17.95
2628,hold,16.7
2629,buy,17.45
2630,hold,18.05
2631,hold,17.4
2632,hold,17.5
2633,sell,18.2
2634,buy,18.3
2635,hold,18.6
2636,hold,18.15
2637,hold,17.65
2638,sell,18.05
2639,hold,18.8
2640,buy,18.4
2641,hold,18.45
2642,hold,18.6
2643,hold,18.7
2644,hold,18.55
2645,sell,18.6
2646,hold,16.35
2647,hold,16.35
2648,hold,15.9
2649,hold,15.4
2650,hold,15.75
2651,buy,15.75
2652,hold,15.85
2653,hold,15.5
2654,sell,14.9
2655,hold,15.35
2656,buy,15.65
2657,hold,15.45
2658,hold,15.25
2659,sell,15.6
2660,buy,15.05
2661,hold,14.6
2662,sell,14.65
2663,hold,15.65
2664,buy,15.55
2665,hold,15.7
2666,hold,15.6
2667,hold,15.0
2668,sell,15.05
2669,hold,14.75
2670,hold,15.0
2671,hold,15.2
2672,buy,15.8
2673,hold,15.65
2674,hold,16.7
2675,hold,16.7
2676,hold,17.05
2677,sell,17.1
2678,buy,17.15
2679,hold,16.8
2680,sell,16.75
2681,hold,16.9
2682,hold,16.4
2683,hold,16.4
2684,hold,16.8
2685,hold,16.85
2686,buy,16.6
2687,sell,16.7
2688,hold,16.55
2689,hold,16.3
2690,hold,16.9
2691,buy,16.6
2692,hold,16.2
2693,sell,16.0
2694,hold,15.2
2695,hold,15.45
2696,buy,15.7
2697,hold,15.9
2698,hold,15.85
2699,hold,15.5
2700,sell,15.15
2701,hold,14.65
2702,hold,14.7
2703,hold,14.4
2704,buy,14.7
2705,hold,14.85
2706,hold,14.6
2707,hold,14.6
2708,sell,14.55
2709,hold,15.1
2710,buy,14.8
2711,hold,14.8
2712,sell,14.55
2713,hold,14.55
2714,hold,14.9
2715,buy,14.6
2716,hold,14.7
2717,sell,14.65
2718,hold,14.55
2719,hold,14.35
2720,hold,14.3
2721,hold,13.75
2722,hold,13.95
2723,hold,14.7
2724,buy,14.35
2725,hold,14.8
2726,hold,14.65
2727,hold,15.0
2728,hold,15.55
2729,hold,15.5
2730,sell,15.3
2731,hold,15.15
2732,hold,15.65
2733,buy,15.95
2734,hold,16.7
2735,hold,16.35
2736,sell,16.45
2737,hold,16.8
2738,buy,16.95
2739,hold,16.85
2740,hold,16.85
2741,sell,16.2
2742,hold,16.45
2743,hold,16.3
2744,hold,16.25
2745,hold,16.55
2746,buy,17.4
2747,hold,18.0
2748,hold,18.5
2749,hold,18.25
2750,sell,18.75
2751,hold,18.85
2752,buy,19.1
2753,hold,19.0
2754,sell,18.9
2755,hold,19.45
2756,buy,19.0
2757,sell,19.15
2758,hold,18.85
2759,hold,18.45
2760,hold,19.25
2761,hold,19.7
2762,buy,19.6
2763,hold,19.6
2764,sell,19.5
2765,hold,20.6
2766,buy,21.4
2767,hold,21.0
2768,sell,20.7
2769,hold,20.2
2770,hold,19.95
2771,hold,19.55
2772,hold,20.85
2773,buy,20.5
2774,hold,20.4
2775,sell,20.5
2776,hold,20.9
2777,buy,20.6
2778,hold,20.05
2779,sell,20.25
2780,hold,19.95
2781,hold,20.55
2782,buy,20.35
2783,hold,20.35
2784,hold,19.95
2785,sell,20.05
2786,hold,20.05
2787,hold,19.9
2788,hold,20.3
2789,buy,19.6
2790,hold,19.6
2791,sell,19.7
2792,buy,19.5
2793,hold,19.8
2794,hold,19.7
2795,hold,19.5
2796,sell,19.25
2797,hold,19.0
2798,hold,17.75
2799,hold,16.75
2800,hold,16.9
2801,hold,17.35
2802,buy,16.55
2803,hold,16.5
2804,sell,17.0
2805,buy,17.6
2806,hold,17.6
2807,hold,17.2
2808,sell,17.2
2809,hold,17.75
2810,buy,17.55
2811,hold,18.55
2812,hold,18.1
2813,hold,18.1
2814,hold,18.3
2815,hold,17.85
2816,sell,17.2
2817,hold,16.35
2818,hold,16.2
2819,hold,16.0
2820,hold,16.25
2821,buy,15.6
2822,sell,15.6
2823,hold,15.65
2824,hold,15.2
2825,buy,15.15
2826,hold,15.0
2827,sell,15.0
2828,buy,15.45
2829,hold,14.9
2830,hold,14.65
2831,sell,14.55
2832,buy,14.0
2833,hold,14.05
2834,hold,14.3
2835,hold,14.4
2836,hold,14.5
2837,hold,14.7
2838,hold,14.75
2839,hold,14.8
2840,hold,15.0
2841,hold,15.15
2842,hold,15.6
2843,hold,15.5
2844,hold,15.55
2845,sell,15.55
2846,buy,15.5
2847,sell,15.3
2848,hold,15.1
2849,hold,15.6
2850,hold,15.5
2851,buy,16.1
2852,hold,16.15
2853,hold,16.1
2854,hold,16.3
2855,hold,16.5
2856,hold,16.4
2857,sell,16.3
2858,hold,16.2
2859,hold,16.1
2860,hold,16.15
2861,hold,16.15
2862,buy,16.2
2863,hold,16.5
2864,hold,16.35
2865,hold,16.4
2866,sell,16.45
2867,hold,16.05
2868,hold,15.9
2869,hold,15.8
2870,hold,15.7
2871,hold,16.0
2872,buy,16.05
2873,hold,16.5
2874,hold,17.0
2875,hold,16.75
2876,hold,17.3
2877,sell,17.4
2878,buy,17.5
2879,hold,17.8
2880,sell,17.75
2881,hold,17.5
2882,hold,17.5
2883,hold,17.7
2884,buy,17.5
2885,hold,17.3
2886,sell,16.85
2887,hold,16.8
2888,hold,16.4
2889,hold,16.7
2890,hold,16.8
2891,buy,16.75
2892,hold,16.3
2893,sell,16.4
2894,hold,16.3
2895,hold,16.0
2896,hold,16.5
2897,buy,16.15
2898,hold,15.85
2899,sell,15.8
2900,hold,16.2
2901,buy,16.5
2902,hold,16.1
2903,hold,15.95
2904,sell,15.85
2905,hold,15.95
2906,hold,16.8
2907,buy,16.65
2908,hold,17.05
2909,hold,16.75
2910,sell,16.75
2911,hold,16.7
2912,hold,16.2
2913,hold,15.7
2914,hold,15.6
2915,hold,15.45
2916,hold,15.65
2917,buy,15.8
2918,hold,15.55
2919,hold,15.6
2920,sell,15.45
2921,hold,15.5
2922,hold,15.5
2923,buy,15.4
2924,hold,15.3
2925,sell,15.6
2926,buy,15.7
2927,hold,15.65
2928,hold,15.85
2929,hold,15.9
2930,hold,15.8
2931,hold,15.7
2932,sell,15.55
2933,hold,15.25
2934,hold,14.95
2935,hold,15.1
2936,buy,15.2
2937,hold,15.05
2938,hold,15.9
2939,hold,16.1
2940,hold,16.5
2941,hold,16.3
2942,hold,16.3
2943,sell,16.3
2944,hold,16.2
2945,hold,16.1
2946,hold,15.5
2947,hold,15.45
2948,hold,15.5
2949,hold,15.7
2950,buy,15.9
2951,hold,15.8
2952,hold,15.3
2953,sell,15.5
2954,hold,16.0
2955,buy,16.85
2956,hold,16.6
2957,hold,16.45
2958,sell,16.75
2959,hold,17.1
2960,buy,17.25
2961,hold,17.2
2962,sell,17.5
2963,buy,17.25
2964,hold,17.35
2965,sell,17.3
2966,hold,17.7
2967,buy,17.5
2968,hold,17.65
2969,sell,17.55
2970,hold,17.35
2971,hold,17.2
2972,hold,17.7
2973,buy,17.3
2974,sell,16.9
2975,hold,17.4
2976,hold,17.3
2977,buy,17.45
2978,hold,17.65
2979,hold,17.45
2980,hold,17.35
2981,sell,18.25
2982,buy,18.75
2983,hold,18.8
2984,hold,19.05
2985,hold,19.05
2986,sell,19.05
2987,hold,19.4
2988,hold,19.5
2989,buy,19.5
2990,hold,19.1
2991,sell,18.7
2992,hold,18.6
2993,hold,19.35
2994,buy,19.2
2995,hold,18.95
2996,sell,18.65
2997,hold,18.6
2998,hold,18.2
2999,hold,18.4
3000,hold,18.55
3001,buy,18.85
3002,hold,18.55
3003,hold,18.5
3004,sell,18.6
3005,hold,18.4
3006,buy,18.25
3007,sell,18.4
3008,hold,18.2
3009,buy,19.1
3010,hold,19.2
3011,hold,19.3
3012,hold,20.0
3013,sell,20.0
3014,buy,19.15
3015,sell,18.95
3016,hold,19.55
3017,hold,19.3
3018,buy,19.35
3019,sell,19.4
3020,buy,19.5
3021,hold,19.45
3022,hold,19.75
3023,hold,19.35
3024,sell,19.1
3025,hold,19.0
3026,hold,18.8
3027,hold,18.05
3028,hold,18.1
3029,buy,18.0
3030,hold,18.0
3031,sell,17.9
3032,hold,18.05
3033,buy,18.05
3034,hold,17.95
3035,sell,17.75
3036,hold,17.9
3037,buy,18.0
3038,hold,17.9
3039,hold,18.2
3040,hold,17.1
3041,sell,17.4
3042,hold,17.45
3043,buy,17.65
3044,hold,17.5
3045,hold,17.1
3046,sell,17.5
3047,hold,17.45
3048,buy,17.3
3049,hold,17.65
3050,hold,17.6
3051,hold,17.45
3052,sell,17.55
3053,hold,17.45
3054,buy,17.35
3055,hold,17.25
3056,sell,17.25
3057,hold,16.9
3058,hold,16.9
3059,hold,16.65
3060,hold,16.8
3061,buy,17.35
3062,hold,17.4
3063,hold,17.1
3064,hold,17.1
3065,sell,17.1
3066,hold,17.3
3067,buy,17.1
3068,hold,16.9
3069,sell,16.85
3070,hold,16.9
3071,hold,17.1
3072,buy,16.85
3073,hold,16.9
3074,sell,16.75
3075,hold,16.65
3076,hold,16.7
3077,hold,16.5
3078,buy,16.75
3079,hold,16.7
3080,hold,16.5
3081,sell,16.4
3082,hold,16.25
3083,hold,16.45
3084,buy,16.35
3085,hold,16.2
3086,sell,16.25
3087,hold,16.05
3088,hold,16.1
3089,buy,16.0
3090,hold,16.6
3091,hold,16.6
3092,hold,16.35
3093,hold,16.45
3094,sell,16.4
3095,hold,16.4
3096,hold,16.5
3097,buy,16.4
3098,hold,16.3
3099,sell,16.4
3100,hold,16.15
3101,hold,16.1
3102,hold,16.3
3103,buy,16.2
3104,hold,16.1
3105,sell,16.1
3106,hold,16.5
3107,buy,16.6
3108,hold,16.55
3109,hold,17.0
3110,hold,17.25
3111,hold,17.3
3112,sell,17.2
3113,hold,17.1
3114,hold,17.1
3115,hold,17.05
3116,hold,17.0
3117,hold,16.85
3118,hold,16.75
3119,hold,16.6
3120,hold,16.8
3121,hold,16.75
3122,hold,16.8
3123,hold,16.85
3124,hold,16.85
3125,hold,16.8
3126,hold,16.75
3127,hold,16.65
3128,hold,16.6
3129,hold,16.6
3130,hold,16.55
3131,hold,16.5
3132,buy,16.5
3133,hold,16.95
3134,hold,16.95
3135,hold,16.7
3136,sell,16.9
3137,hold,16.95
3138,buy,16.55
3139,sell,16.5
3140,hold,16.7
3141,hold,16.9
3142,buy,16.8
3143,hold,16.85
3144,hold,16.8
3145,sell,17.05
3146,buy,17.6
3147,hold,18.05
3148,hold,18.45
3149,sell,18.35
3150,hold,18.55
3151,hold,18.25
3152,hold,18.15
3153,hold,18.2
3154,hold,18.25
3155,hold,18.4
3156,buy,18.1
3157,sell,17.7
3158,hold,17.95
3159,hold,17.6
3160,hold,17.85
3161,hold,17.5
3162,hold,17.65
3163,hold,17.5
3164,buy,17.8
3165,hold,17.65
3166,hold,17.65
3167,sell,17.75
3168,buy,17.4
3169,sell,17.25
3170,hold,17.05
3171,hold,17.2
3172,buy,17.05
3173,hold,17.15
3174,sell,17.25
3175,buy,17.05
3176,hold,17.0
3177,sell,17.05
3178,buy,17.15
3179,hold,17.2
3180,hold,17.35
3181,hold,17.3
3182,hold,17.25
3183,hold,17.3
3184,hold,17.0
3185,sell,17.1
3186,hold,17.05
3187,hold,17.0
3188,hold,17.05
3189,hold,17.0
3190,buy,16.95
3191,sell,17.0
3192,hold,16.9
3193,buy,16.7
3194,sell,16.9
3195,hold,16.85
3196,buy,16.9
3197,hold,16.9
3198,hold,16.75
3199,sell,16.7
3200,hold,17.2
3201,buy,17.25
3202,hold,17.35
3203,hold,17.3
3204,sell,17.5
3205,hold,17.5
3206,buy,17.3
3207,sell,17.35
3208,hold,17.25
3209,hold,17.15
3210,hold,17.5
3211,buy,17.5
3212,hold,17.35
3213,sell,17.15
3214,hold,17.15
3215,hold,17.4
3216,hold,17.4
3217,buy,17.25
3218,sell,17.4
3219,hold,17.55
3220,buy,17.9
3221,hold,18.2
3222,hold,18.3
3223,hold,18.15
3224,sell,18.1
3225,hold,18.3
3226,buy,18.2
3227,hold,18.45
3228,hold,18.1
3229,sell,18.1
3230,hold,17.9
3231,hold,17.85
3232,hold,17.65
3233,hold,17.65
3234,hold,17.75
3235,hold,17.8
3236,buy,17.8
3237,hold,17.6
3238,sell,17.95
3239,buy,18.0
3240,hold,18.05
3241,hold,18.25
3242,hold,18.3
3243,hold,18.2
3244,hold,17.8
3245,sell,17.55
3246,hold,17.4
3247,hold,17.65
3248,buy,17.5
3249,hold,17.55
3250,sell,17.7
3251,buy,17.4
3252,sell,17.6
3253,hold,17.6
3254,buy,17.75
3255,hold,17.6
3256,hold,17.55
3257,sell,17.75
3258,buy,17.8
3259,hold,17.9
3260,hold,17.8
3261,sell,18.0
3262,hold,17.65
3263,hold,17.45
3264,hold,17.55
3265,hold,17.9
3266,buy,17.85
3267,hold,17.85
3268,hold,17.55
3269,sell,17.5
3270,hold,17.5
3271,hold,17.45
3272,hold,17.4
3273,hold,17.4
3274,buy,17.2
3275,sell,17.15
3276,hold,17.15
3277,buy,17.3
3278,hold,17.3
3279,hold,17.5
3280,hold,17.4
3281,hold,17.55
3282,hold,17.8
3283,hold,17.8
3284,hold,17.9
3285,hold,17.8
3286,sell,17.85
3287,hold,17.7
3288,hold,17.6
3289,hold,17.65
3290,hold,17.6
3291,hold,17.5
3292,hold,17.6
3293,hold,17.75
3294,buy,17.7
3295,hold,17.8
3296,hold,17.6
3297,sell,17.45
3298,hold,17.5
3299,hold,17.5
3300,buy,17.2
3301,sell,17.3
3302,hold,17.35
3303,buy,17.15
3304,sell,17.15
3305,hold,17.35
3306,buy,17.35
3307,hold,17.25
3308,hold,17.25
3309,sell,17.15
3310,hold,17.2
3311,hold,17.3
3312,buy,17.4
3313,hold,17.35
3314,hold,17.4
3315,hold,17.25
3316,sell,17.3
3317,hold,17.15
3318,hold,17.15
3319,hold,17.25
3320,buy,17.2
3321,hold,17.2
3322,sell,17.3
3323,buy,17.15
3324,hold,17.2
3325,sell,16.95
3326,hold,16.7
3327,hold,16.55
3328,hold,16.65
3329,buy,16.8
3330,hold,16.85
3331,hold,16.8
3332,hold,16.75
3333,sell,16.65
3334,hold,16.5
3335,hold,16.65
3336,hold,16.85
3337,buy,16.7
3338,hold,16.7
3339,sell,16.65
3340,hold,16.55
3341,buy,16.45
3342,hold,16.5
3343,sell,16.3
3344,hold,16.3
3345,hold,16.55
3346,buy,16.55
3347,hold,16.5
3348,hold,16.5
3349,sell,16.55
3350,buy,16.5
3351,hold,16.5
3352,hold,16.9
3353,hold,16.75
3354,hold,17.1
3355,hold,16.95
3356,hold,17.0
3357,sell,17.0
3358,buy,17.0
3359,sell,17.1
3360,hold,17.3
3361,buy,17.3
3362,hold,17.15
3363,sell,17.2
3364,hold,17.25
3365,buy,17.4
3366,hold,17.35
3367,hold,17.3
3368,sell,17.1
3369,hold,16.75
3370,hold,16.75
3371,hold,16.85
3372,buy,16.75
3373,hold,16.85
3374,hold,17.0
3375,hold,17.4
3376,hold,17.05
3377,hold,17.15
3378,sell,17.2
3379,hold,17.2
3380,buy,17.4
3381,sell,17.45
3382,hold,17.95
3383,buy,18.45
3384,hold,18.3
3385,hold,18.35
3386,sell,18.25
3387,hold,18.25
3388,hold,18.0
3389,hold,18.0
3390,hold,18.1
3391,hold,18.2
3392,buy,18.45
3393,hold,18.75
3394,hold,18.5
3395,sell,18.4
3396,hold,18.0
3397,hold,18.1
3398,hold,17.9
3399,hold,18.0
3400,hold,18.3
3401,buy,18.1
3402,hold,17.65
3403,sell,17.6
3404,hold,17.85
3405,buy,17.65
3406,hold,17.65
3407,sell,17.6
3408,hold,17.85
3409,buy,18.0
3410,hold,18.0
3411,hold,18.05
3412,hold,18.15
3413,hold,18.15
3414,hold,17.55
3415,sell,17.45
3416,hold,17.2
3417,hold,17.85
3418,buy,17.65
3419,hold,17.55
3420,sell,17.5
3421,hold,17.75
3422,buy,17.45
3423,hold,17.65
3424,sell,18.4
3425,buy,17.9
3426,hold,17.7
3427,sell,18.1
3428,hold,17.85
3429,buy,17.85
3430,sell,17.95
3431,hold,18.05
3432,buy,18.0
3433,sell,18.85
3434,buy,18.7
3435,hold,18.65
3436,sell,18.75
3437,hold,18.85
3438,hold,18.9
3439,buy,18.8
3440,hold,19.0
3441,hold,18.8
3442,hold,17.85
3443,sell,18.3
3444,hold,18.0
3445,hold,18.2
3446,hold,18.5
3447,buy,18.2
3448,hold,17.9
3449,sell,17.75
3450,hold,18.35
3451,buy,18.25
3452,hold,18.0
3453,sell,18.6
3454,buy,19.45
3455,hold,19.1
3456,hold,19.45
3457,sell,19.2
3458,hold,19.0
3459,hold,18.95
3460,hold,19.05
3461,hold,19.6
3462,buy,19.75
3463,hold,19.15
3464,sell,20.4
3465,buy,21.8
3466,hold,21.7
3467,hold,21.75
3468,sell,22.1
3469,hold,21.95
3470,buy,22.05
3471,hold,21.8
3472,sell,21.7
3473,hold,22.05
3474,buy,22.4
3475,hold,22.45
3476,hold,22.2
3477,sell,23.25
3478,hold,22.8
3479,hold,24.35
3480,buy,24.1
3481,hold,24.5
3482,sell,24.3
3483,hold,23.35
3484,hold,23.7
3485,hold,22.95
3486,hold,23.05
3487,hold,23.4
3488,hold,23.25
3489,hold,23.15
3490,hold,23.2
3491,hold,23.3
3492,hold,22.95
3493,hold,22.4
3494,hold,22.4
3495,buy,21.6
3496,hold,21.6
3497,sell,21.75
3498,buy,22.55
3499,hold,22.55
3500,hold,22.4
3501,hold,22.2
3502,sell,21.95
3503,hold,22.7
3504,buy,22.8
3505,hold,22.45
3506,hold,22.75
3507,hold,23.05
3508,hold,23.2
3509,hold,23.0
3510,sell,22.4
3511,hold,21.9
3512,hold,22.35
3513,hold,21.85
3514,hold,21.7
3515,hold,22.1
3516,hold,22.75
3517,buy,22.8
3518,hold,22.95
3519,hold,23.6
3520,hold,23.75
3521,hold,23.5
3522,hold,23.0
3523,sell,22.65
3524,hold,23.3
3525,hold,23.1
3526,buy,22.2
3527,sell,21.95
3528,hold,22.15
3529,hold,23.25
3530,buy,23.15
3531,hold,23.15
3532,hold,23.45
3533,hold,23.1
3534,hold,23.3
3535,sell,23.1
3536,buy,23.7
3537,hold,23.7
3538,hold,23.15
3539,sell,23.1
3540,hold,22.75
3541,hold,21.25
3542,hold,21.5
3543,hold,21.6
3544,buy,21.8
3545,hold,20.35
3546,sell,19.6
3547,hold,20.05
3548,buy,20.65
3549,hold,20.85
3550,hold,20.8
3551,hold,21.0
3552,hold,20.2
3553,sell,20.1
3554,hold,20.3
3555,buy,19.95
3556,hold,20.1
3557,sell,20.15
3558,buy,20.45
3559,hold,19.9
3560,hold,19.3
3561,sell,19.7
3562,hold,19.4
3563,buy,18.05
3564,sell,18.05
3565,hold,18.05
3566,buy,17.95
3567,hold,17.75
3568,sell,17.55
3569,hold,17.65
3570,buy,17.05
3571,sell,17.0
3572,hold,16.8
3573,hold,16.5
3574,hold,16.4
3575,buy,15.85
3576,hold,15.0
3577,sell,16.05
3578,buy,15.7
3579,hold,15.6
3580,sell,15.15
3581,hold,14.8
3582,hold,14.8
3583,hold,15.95
3584,buy,15.65
3585,hold,15.4
3586,hold,15.3
3587,sell,15.75
3588,buy,15.9
3589,hold,15.75
3590,hold,16.0
3591,hold,16.6
3592,hold,16.55
3593,hold,16.35
3594,sell,16.75
3595,hold,17.55
3596,buy,17.2
3597,hold,16.85
3598,sell,16.85
3599,hold,16.85
3600,hold,17.35
3601,buy,17.25
3602,hold,17.2
3603,sell,16.2
3604,hold,16.3
3605,hold,16.2
3606,hold,16.3
3607,hold,15.85
3608,hold,15.15
3609,hold,14.55
3610,buy,15.1
3611,hold,15.2
3612,hold,15.15
3613,hold,15.8
3614,hold,15.75
3615,hold,16.25
3616,hold,16.05
3617,hold,15.9
3618,hold,16.3
3619,hold,15.9
3620,hold,15.5
3621,sell,15.5
3622,hold,15.35
3623,hold,14.85
3624,hold,14.9
3625,hold,14.65
3626,hold,14.65
3627,hold,14.45
3628,hold,13.3
3629,hold,13.45
3630,buy,13.5
3631,hold,13.9
3632,hold,14.25
3633,hold,14.25
3634,hold,14.0
3635,hold,13.95
3636,sell,14.0
3637,buy,13.8
3638,hold,13.85
3639,sell,13.95
3640,buy,14.55
3641,hold,15.0
3642,hold,14.85
3643,hold,14.85
3644,sell,14.8
3645,hold,14.7
3646,hold,15.0
3647,buy,14.75
3648,hold,14.4
3649,sell,14.55
3650,hold,14.05
3651,hold,13.8
3652,hold,13.7
3653,hold,13.85
3654,hold,14.15
3655,buy,14.1
3656,hold,14.25
3657,hold,14.45
3658,hold,14.45
3659,hold,14.4
3660,hold,14.9
3661,hold,15.0
3662,hold,14.85
3663,hold,14.95
3664,sell,15.0
3665,hold,14.95
3666,buy,14.9
3667,sell,14.8
3668,hold,14.65
3669,hold,15.0
3670,hold,15.3
3671,buy,15.0
3672,hold,14.9
3673,sell,14.7
3674,hold,14.5
3675,hold,14.85
3676,hold,14.95
3677,buy,14.9
3678,hold,15.05
3679,hold,14.55
3680,sell,14.45
3681,hold,14.1
3682,hold,14.0
3683,hold,14.0
3684,hold,13.85
3685,buy,13.6
3686,hold,13.65
3687,hold,13.45
3688,sell,13.5
3689,hold,13.25
3690,buy,13.15
3691,hold,12.95
3692,sell,12.6
3693,hold,13.05
3694,buy,12.95
3695,hold,12.95
3696,hold,12.9
3697,sell,12.95
3698,buy,13.05
3699,hold,12.95
3700,hold,13.0
3701,hold,12.75
3702,sell,12.75
3703,hold,12.85
3704,buy,12.65
3705,hold,12.55
3706,sell,12.5
3707,hold,12.75
3708,buy,13.1
3709,hold,13.0
3710,hold,13.3
3711,hold,13.25
3712,hold,13.3
3713,sell,13.25
3714,hold,13.5
3715,buy,13.3
3716,sell,13.35
3717,hold,13.4
3718,hold,13.25
3719,hold,12.8
3720,hold,12.8
3721,hold,12.6
3722,hold,12.4
3723,hold,12.45
3724,buy,11.95
3725,sell,11.9
3726,hold,11.85
3727,hold,11.6
3728,hold,11.45
3729,buy,11.7
3730,hold,11.55
3731,hold,11.2
3732,sell,11.1
3733,hold,11.15
3734,hold,11.4
3735,buy,11.35
3736,hold,11.2
3737,sell,11.4
3738,buy,11.6
3739,hold,12.2
3740,hold,12.05
3741,hold,12.05
3742,hold,11.5
3743,sell,11.7
3744,hold,12.05
3745,buy,11.7
3746,hold,11.8
3747,sell,12.0
3748,buy,12.15
3749,hold,12.0
3750,hold,12.1
3751,sell,11.95
3752,hold,12.0
3753,hold,12.2
3754,buy,12.85
3755,hold,13.15
3756,hold,13.15
3757,hold,13.35
3758,sell,13.45
3759,hold,13.25
3760,hold,13.1
3761,hold,12.9
3762,hold,12.9
3763,hold,12.25
3764,hold,12.7
3765,hold,12.55
3766,buy,12.5
3767,sell,12.5
3768,hold,12.4
3769,hold,12.5
3770,hold,12.25
3771,hold,12.25
3772,hold,12.25
3773,hold,12.1
3774,buy,12.05
3775,sell,11.95
3776,hold,12.0
3777,buy,11.55
3778,hold,11.45
3779,sell,11.8
3780,buy,12.05
3781,hold,11.8
3782,hold,12.2
3783,hold,12.1
3784,hold,12.25
3785,hold,12.05
3786,hold,11.9
3787,sell,11.8
3788,hold,11.85
3789,hold,11.9
3790,buy,12.15
3791,hold,12.3
3792,hold,12.35
3793,hold,12.05
3794,sell,11.9
3795,hold,11.8
3796,hold,11.45
3797,hold,11.25
3798,hold,11.85
3799,buy,11.75
3800,hold,11.6
3801,hold,11.45
3802,sell,11.3
3803,hold,11.2
3804,hold,11.1
3805,buy,11.05
3806,sell,11.1
3807,hold,11.2
3808,buy,11.0
3809,hold,11.2
3810,hold,11.1
3811,hold,11.25
3812,hold,11.2
3813,hold,11.25
3814,hold,11.4
3815,hold,11.5
3816,hold,11.9
3817,hold,12.0
3818,hold,11.75
3819,sell,12.0
3820,hold,11.75
3821,buy,11.85
3822,sell,12.15
3823,buy,11.85
3824,sell,11.9
3825,hold,11.75
3826,hold,11.75
3827,hold,11.7
3828,hold,12.0
3829,buy,12.05
3830,hold,12.35
3831,hold,12.15
3832,hold,11.75
3833,sell,11.8
3834,hold,11.75
3835,hold,11.9
3836,buy,11.95
3837,hold,12.15
3838,hold,12.3
3839,hold,12.2
3840,hold,11.85
3841,sell,11.9
3842,hold,12.2
3843,buy,12.2
3844,hold,12.05
3845,hold,12.3
3846,hold,12.4
3847,hold,12.4
3848,sell,12.65
3849,buy,12.5
3850,hold,12.7
3851,sell,12.55
3852,hold,12.5
3853,hold,12.5
3854,hold,12.4
3855,hold,12.45
3856,hold,12.35
3857,hold,12.4
3858,hold,12.1
3859,hold,12.05
3860,hold,12.1
3861,hold,12.15
3862,buy,12.05
3863,hold,12.0
3864,sell,12.1
3865,hold,12.0
3866,buy,12.0
3867,hold,12.0
3868,hold,12.0
3869,hold,12.0
3870,hold,12.05
3871,hold,12.0
3872,hold,11.95
3873,sell,12.0
3874,buy,11.9
3875,sell,12.05
3876,buy,11.95
3877,hold,11.9
3878,sell,11.75
3879,hold,12.0
3880,buy,13.2
3881,hold,13.85
3882,hold,13.95
3883,hold,13.75
3884,sell,13.75
3885,hold,13.9
3886,buy,13.95
3887,hold,13.75
3888,sell,13.15
3889,hold,13.1
3890,hold,12.9
3891,hold,12.9
3892,hold,13.2
3893,buy,12.95
3894,sell,13.0
3895,hold,12.95
3896,hold,12.9
3897,hold,12.55
3898,hold,12.1
3899,hold,12.05
3900,hold,12.15
3901,buy,12.15
3902,hold,12.05
3903,sell,12.1
3904,hold,12.0
3905,buy,12.15
3906,hold,12.0
3907,hold,11.95
3908,sell,11.95
3909,hold,11.95
3910,hold,11.95
3911,buy,12.2
3912,hold,12.05
3913,hold,12.0
3914,sell,12.0
3915,hold,11.9
3916,hold,11.8
3917,hold,11.75
3918,hold,11.8
3919,buy,11.7
3920,hold,11.6
3921,sell,11.5
3922,hold,11.5
3923,hold,11.7
3924,buy,11.5
3925,hold,11.35
3926,sell,11.55
3927,buy,11.55
3928,hold,12.0
3929,hold,11.9
3930,hold,11.95
3931,hold,12.0
3932,hold,12.05
3933,hold,11.9
3934,sell,12.0
3935,hold,11.9
3936,hold,11.95
3937,hold,12.1
3938,buy,12.0
3939,hold,12.0
3940,sell,12.05
3941,hold,11.85
3942,hold,11.65
3943,hold,11.55
3944,hold,11.5
3945,hold,11.55
3946,buy,11.7
3947,hold,11.7
3948,hold,11.55
3949,sell,11.5
3950,hold,11.35
3951,hold,11.4
3952,hold,11.35
3953,buy,11.3
3954,hold,11.15
3955,sell,11.1
3956,hold,11.0
3957,hold,11.0
3958,buy,11.1
3959,hold,11.0
3960,hold,11.05
3961,sell,11.0
3962,hold,11.1
3963,buy,11.6
3964,hold,11.65
3965,hold,11.55
3966,hold,11.9
3967,sell,12.0
3968,buy,12.0
3969,hold,12.5
3970,sell,12.65
3971,buy,12.55
3972,hold,12.3
3973,sell,12.55
3974,hold,12.75
3975,buy,12.9
3976,hold,12.8
3977,sell,12.9
3978,hold,12.9
3979,buy,13.3
3980,hold,13.5
3981,hold,13.5
3982,hold,13.2
3983,sell,13.0
3984,hold,13.3
3985,hold,13.75
3986,buy,13.8
3987,hold,13.75
3988,hold,14.2
3989,hold,14.15
3990,hold,14.05
3991,sell,14.0
3992,hold,14.2
3993,hold,14.2
3994,buy,14.35
3995,hold,14.35
3996,hold,14.55
3997,hold,15.0
3998,hold,15.3
3999,sell,15.15
4000,hold,15.05
4001,hold,15.0
4002,hold,14.9
4003,hold,14.95
4004,hold,14.45
4005,hold,14.65
4006,hold,14.6
4007,hold,14.5
4008,hold,14.65
4009,hold,14.7
4010,buy,14.35
4011,sell,14.05
4012,hold,14.0
4013,hold,14.3
4014,buy,14.2
4015,hold,13.9
4016,sell,13.8
4017,hold,14.15
4018,buy,14.1
4019,hold,14.2
4020,hold,13.95
4021,sell,13.65
4022,hold,13.7
4023,hold,13.55
4024,hold,13.75
4025,buy,13.75
4026,hold,13.8
4027,hold,13.45
4028,sell,13.1
4029,hold,13.65
4030,buy,13.25
4031,hold,13.15
4032,sell,13.25
4033,hold,13.0
4034,hold,13.5
4035,buy,13.7
4036,hold,13.6
4037,hold,13.3
4038,sell,13.85
4039,buy,13.75
4040,hold,13.75
4041,hold,13.6
4042,sell,13.5
4043,hold,13.05
4044,hold,13.2
4045,hold,13.15
4046,hold,13.2
4047,buy,13.35
4048,hold,13.5
4049,hold,13.1
4050,sell,13.6
4051,hold,13.55
4052,buy,13.55
4053,hold,13.8
4054,hold,13.9
4055,hold,14.5
4056,hold,14.85
4057,hold,15.1
4058,sell,15.0
4059,hold,14.9
4060,hold,14.9
4061,hold,15.1
4062,buy,15.05
4063,hold,15.1
4064,hold,15.2
4065,hold,14.85
4066,sell,14.95
4067,hold,15.1
4068,hold,14.45
4069,hold,14.8
4070,hold,14.7
4071,buy,14.9
4072,hold,14.95
4073,hold,15.0
4074,hold,15.25
4075,hold,15.15
4076,hold,15.1
4077,sell,14.95
4078,hold,14.75
4079,hold,15.45
4080,buy,15.45
4081,hold,16.2
4082,hold,16.9
4083,sell,16.7
4084,hold,16.65
4085,hold,16.3
4086,hold,16.5
4087,hold,16.45
4088,buy,16.4
4089,sell,16.45
4090,hold,16.05
4091,hold,16.35
4092,hold,16.3
4093,buy,16.4
4094,sell,16.55
4095,hold,16.3
4096,hold,16.3
4097,hold,16.2
4098,hold,16.1
4099,hold,16.25
4100,hold,16.35
4101,buy,16.55
4102,hold,16.3
4103,hold,16.4
4104,sell,16.5
4105,buy,16.3
4106,hold,16.4
4107,sell,16.6
4108,buy,16.35
4109,hold,15.95
4110,sell,16.15
4111,hold,17.75
4112,buy,18.2
4113,hold,19.25
4114,hold,20.0
4115,sell,21.2
4116,buy,21.0
4117,sell,21.05
4118,hold,21.35
4119,buy,21.55
4120,hold,22.0
4121,hold,21.8
4122,sell,22.0
4123,hold,22.6
4124,buy,23.0
4125,hold,22.4
4126,sell,21.5
4127,hold,22.0
4128,hold,21.8
4129,hold,22.3
4130,hold,22.2
4131,hold,21.6
4132,hold,21.2
4133,hold,20.15
4134,hold,20.5
4135,hold,19.8
4136,buy,19.0
4137,sell,19.15
4138,hold,18.7
4139,hold,19.15
4140,buy,18.7
4141,hold,17.9
4142,sell,17.95
4143,hold,18.05
4144,buy,17.75
4145,sell,17.5
4146,hold,18.25
4147,buy,18.1
4148,hold,17.9
4149,hold,17.95
4150,hold,18.35
4151,hold,17.6
4152,hold,17.4
4153,sell,17.9
4154,buy,17.55
4155,hold,17.15
4156,sell,16.85
4157,hold,16.95
4158,buy,17.15
4159,hold,18.0
4160,hold,18.8
4161,hold,18.35
4162,hold,18.0
4163,sell,17.75
4164,hold,18.1
4165,hold,18.05
4166,buy,17.35
4167,sell,17.3
4168,hold,17.6
4169,hold,17.5
4170,buy,16.6
4171,sell,16.85
4172,hold,17.2
4173,buy,17.05
4174,hold,16.8
4175,sell,16.6
4176,hold,16.75
4177,hold,16.7
4178,buy,16.65
4179,sell,16.75
4180,buy,16.75
4181,hold,16.85
4182,hold,16.75
4183,hold,16.75
4184,sell,16.75
4185,buy,16.95
4186,hold,16.8
4187,hold,16.85
4188,hold,16.9
4189,hold,17.5
4190,hold,17.25
4191,hold,16.65
4192,sell,16.2
4193,hold,16.3
4194,hold,16.5
4195,buy,16.4
4196,hold,16.65
4197,hold,16.75
4198,hold,16.55
4199,hold,16.5
4200,sell,16.3
4201,hold,16.2
4202,hold,16.3
4203,hold,16.35
4204,buy,16.45
4205,hold,16.4
4206,hold,16.65
4207,hold,16.55
4208,hold,16.35
4209,sell,17.95
4210,buy,17.7
4211,hold,18.15
4212,hold,18.7
4213,hold,18.4
4214,hold,18.2
4215,sell,17.75
4216,hold,17.85
4217,hold,18.0
4218,buy,18.05
4219,hold,17.8
4220,sell,18.05
4221,hold,18.1
4222,buy,18.05
4223,hold,17.5
4224,sell,17.15
4225,hold,17.6
4226,hold,17.4
4227,buy,17.25
4228,sell,17.5
4229,buy,17.2
4230,hold,17.25
4231,sell,17.15
4232,hold,16.8
4233,hold,16.45
4234,hold,15.3
4235,buy,15.5
4236,hold,15.25
4237,sell,15.1
4238,buy,15.1
4239,hold,15.5
4240,hold,15.6
4241,hold,15.5
4242,hold,15.45
4243,sell,15.45
4244,hold,15.9
4245,buy,15.55
4246,hold,15.2
4247,sell,15.05
4248,hold,15.05
4249,buy,15.1
4250,hold,15.45
4251,hold,15.85
4252,hold,15.7
4253,hold,15.7
4254,sell,15.6
4255,hold,15.6
4256,hold,16.2
4257,buy,16.15
4258,hold,15.9
4259,sell,15.75
4260,hold,15.4
4261,hold,15.2
4262,hold,15.3
4263,hold,15.1
4264,hold,15.05
4265,hold,15.1
4266,hold,15.15
4267,buy,15.2
4268,hold,15.15
4269,hold,15.15
4270,sell,15.1
4271,hold,15.05
4272,hold,15.0
4273,hold,15.05
4274,buy,14.9
4275,hold,14.7
4276,sell,14.75
4277,buy,14.95
4278,hold,14.95
4279,hold,14.9
4280,hold,14.55
4281,sell,14.3
4282,hold,14.2
4283,hold,14.3
4284,buy,15.1
4285,hold,15.05
4286,hold,15.0
4287,hold,15.0
4288,sell,14.95
4289,hold,15.05
4290,buy,15.0
4291,hold,14.95
4292,sell,14.95
4293,hold,14.65
4294,hold,14.8
4295,hold,14.8
4296,buy,14.7
4297,sell,14.9
4298,hold,15.1
4299,buy,15.4
4300,hold,15.25
4301,sell,15.25
4302,hold,15.1
4303,hold,15.35
4304,buy,15.05
4305,hold,14.75
4306,sell,14.85
4307,hold,14.9
4308,hold,14.95
4309,buy,15.0
4310,hold,14.95
4311,hold,14.95
4312,sell,14.8
4313,hold,14.65
4314,hold,14.75
4315,hold,14.75
4316,buy,14.75
4317,hold,14.8
4318,hold,14.55
4319,sell,14.35
4320,hold,14.25
4321,hold,14.1
4322,hold,13.8
4323,hold,13.3
4324,buy,13.05
4325,hold,12.95
4326,hold,13.0
4327,hold,13.35
4328,hold,13.2
4329,hold,13.1
4330,sell,12.9
4331,hold,12.85
4332,hold,12.85
4333,hold,13.0
4334,buy,13.1
4335,hold,12.9
4336,hold,13.1
4337,hold,13.0
4338,hold,13.2
4339,hold,13.4
4340,hold,13.45
4341,hold,13.4
4342,hold,13.3
4343,sell,13.55
4344,buy,13.45
4345,hold,13.6
4346,sell,13.8
4347,buy,13.75
4348,sell,13.85
4349,hold,14.15
4350,buy,13.85
4351,sell,14.0
4352,hold,14.4
4353,buy,14.35
4354,hold,14.15
4355,sell,14.2
4356,hold,13.9
4357,hold,13.45
4358,hold,13.5
4359,hold,13.3
4360,hold,13.3
4361,buy,13.0
4362,hold,13.1
4363,sell,13.45
4364,buy,13.65
4365,hold,13.55
4366,hold,13.35
4367,sell,13.4
4368,hold,13.55
4369,buy,13.0
4370,sell,12.85
4371,hold,13.05
4372,hold,12.9
4373,buy,12.9
4374,sell,12.7
4375,hold,12.6
4376,hold,12.35
4377,hold,12.1
4378,buy,12.3
4379,hold,12.2
4380,hold,12.35
4381,hold,12.4
4382,hold,12.25
4383,hold,12.25
4384,sell,12.7
4385,buy,12.6
4386,hold,12.75
4387,hold,12.9
4388,hold,12.9
4389,hold,13.05
4390,hold,12.8
4391,sell,13.05
4392,hold,12.95
4393,buy,12.85
4394,sell,12.8
4395,hold,12.45
4396,hold,12.45
4397,hold,12.55
4398,hold,11.55
4399,hold,11.7
4400,hold,11.75
4401,buy,11.75
4402,hold,11.7
4403,sell,12.15
4404,buy,12.35
4405,hold,12.2
4406,hold,11.85
4407,sell,11.85
4408,hold,11.4
4409,hold,11.3
4410,hold,11.15
4411,hold,11.35
4412,buy,11.4
4413,hold,11.25
4414,hold,11.35
4415,sell,11.4
4416,buy,11.3
4417,hold,11.3
4418,sell,11.4
4419,buy,11.25
4420,hold,11.35
4421,hold,11.4
4422,hold,11.7
4423,hold,11.7
4424,hold,11.7
4425,hold,11.7
4426,sell,11.65
4427,hold,11.7
4428,hold,11.6
4429,hold,11.45
4430,hold,11.65
4431,hold,11.75
4432,buy,12.15
4433,hold,12.0
4434,sell,11.65
4435,hold,11.95
4436,hold,12.25
4437,buy,12.2
4438,hold,11.9
4439,sell,12.0
4440,hold,11.8
4441,hold,12.05
4442,buy,12.15
4443,hold,12.5
4444,hold,12.5
4445,hold,12.85
4446,hold,12.5
4447,sell,12.55
4448,hold,12.3
4449,hold,12.05
4450,hold,12.05
4451,hold,12.15
4452,hold,11.85
4453,hold,11.8
4454,hold,12.0
4455,hold,11.9
4456,buy,11.9
4457,sell,11.85
4458,hold,11.6
4459,hold,11.95
4460,buy,11.85
4461,hold,12.05
4462,hold,12.0
4463,hold,11.95
4464,hold,11.75
4465,sell,12.1
4466,buy,12.0
4467,hold,12.0
4468,hold,12.05
4469,hold,12.05
4470,hold,12.1
4471,hold,11.9
4472,sell,12.0
4473,hold,12.05
4474,hold,12.05
4475,buy,12.05
4476,hold,11.95
4477,sell,11.95
4478,hold,11.9
4479,hold,11.85
4480,hold,11.9
4481,hold,11.85
4482,buy,11.85
4483,sell,11.9
4484,buy,12.0
4485,hold,12.25
4486,hold,12.15
4487,hold,12.25
4488,sell,12.5
4489,buy,12.45
4490,hold,12.4
4491,sell,12.2
4492,hold,12.25
4493,hold,12.15
4494,hold,12.15
4495,hold,12.2
4496,hold,12.3
4497,buy,12.2
4498,hold,12.05
4499,sell,12.2
4500,hold,12.15
4501,buy,12.15
4502,sell,12.15
4503,hold,12.15
4504,buy,12.25
4505,hold,11.9
4506,hold,11.85
4507,sell,11.7
4508,hold,11.7
4509,buy,11.95
4510,hold,11.85
4511,hold,11.9
4512,hold,12.0
4513,hold,12.05
4514,hold,12.05
4515,hold,12.05
4516,hold,12.2
4517,hold,12.2
4518,hold,12.6
4519,hold,12.65
4520,hold,12.7
4521,hold,12.6
4522,sell,12.95
4523,buy,13.3
4524,hold,13.45
4525,sell,13.2
4526,hold,13.4
4527,hold,13.3
4528,buy,13.4
4529,hold,13.55
4530,hold,13.75
4531,hold,13.7
4532,hold,13.05
4533,sell,13.0
4534,hold,12.95
4535,hold,12.6
4536,hold,12.5
4537,hold,12.6
4538,hold,12.35
4539,buy,12.4
4540,sell,12.3
4541,hold,12.05
4542,hold,12.05
4543,hold,12.25
4544,buy,12.1
4545,hold,11.95
4546,sell,12.1
4547,buy,12.05
4548,hold,11.9
4549,sell,11.9
4550,hold,11.9
4551,buy,12.1
4552,hold,11.95
4553,hold,12.0
4554,sell,12.0
4555,buy,11.95
4556,sell,12.05
4557,buy,12.05
4558,hold,12.05
4559,hold,12.1
4560,hold,12.05
4561,hold,11.95
4562,sell,12.0
4563,hold,12.15
4564,buy,12.5
4565,hold,12.45
4566,hold,12.5
4567,sell,12.5
4568,hold,12.6
4569,buy,12.65
4570,sell,12.45
4571,hold,13.1
4572,buy,13.3
4573,hold,13.4
4574,hold,13.5
4575,sell,13.55
4576,buy,13.3
4577,sell,13.4
4578,hold,13.45
4579,buy,13.4
4580,hold,13.25
4581,sell,13.35
4582,hold,13.45
4583,buy,13.35
4584,hold,13.5
4585,hold,13.65
4586,hold,14.15
4587,hold,14.0
4588,sell,13.75
4589,hold,14.1
4590,hold,14.0
4591,buy,14.2
4592,hold,14.25
4593,sell,14.4
4594,hold,14.1
4595,hold,13.4
4596,hold,13.4
4597,hold,13.25
4598,hold,13.35
4599,buy,13.35
4600,hold,13.35
4601,hold,13.1
4602,sell,12.9
4603,hold,12.65
4604,hold,12.65
4605,hold,12.45
4606,hold,12.5
4607,hold,12.5
4608,buy,12.7
4609,hold,12.9
4610,hold,12.55
4611,hold,12.65
4612,sell,12.75
4613,buy,12.65
4614,hold,12.85
4615,hold,12.85
4616,hold,12.85
4617,hold,12.9
4618,hold,13.05
4619,hold,13.15
4620,hold,13.2
4621,hold,13.15
4622,sell,13.1
4623,hold,13.3
4624,buy,13.0
4625,sell,13.05
4626,hold,13.1
4627,hold,13.1
4628,buy,13.1
4629,sell,13.15
4630,hold,13.05
4631,hold,13.15
4632,hold,13.1
4633,hold,13.0
4634,hold,13.25
4635,buy,13.05
4636,hold,12.7
4637,sell,12.75
4638,hold,12.75
4639,hold,12.7
4640,hold,12.7
4641,hold,12.9
4642,buy,12.85
4643,hold,13.0
4644,hold,13.1
4645,hold,13.15
4646,hold,13.25
4647,hold,13.4
4648,hold,13.2
4649,sell,13.1
4650,hold,13.2
4651,hold,13.05
4652,hold,12.7
4653,hold,12.6
4654,hold,12.5
4655,hold,12.5
4656,hold,12.8
4657,buy,12.65
4658,hold,12.8
4659,hold,12.65
4660,hold,12.75
4661,sell,12.7
4662,buy,12.65
4663,sell,12.6
4664,hold,12.35
4665,hold,12.45
4666,hold,12.5
4667,buy,12.5
4668,hold,12.85
4669,hold,12.55
4670,hold,12.4
4671,sell,12.35
4672,hold,12.5
4673,buy,12.55
4674,hold,12.55
4675,hold,12.4
4676,sell,12.3
4677,hold,12.45
4678,hold,12.35
4679,buy,12.35
4680,sell,12.25
4681,hold,12.2
4682,hold,12.25
4683,buy,12.2
4684,hold,12.25
4685,hold,12.4
4686,hold,12.45
4687,hold,12.5
4688,hold,12.65
4689,hold,12.5
4690,hold,12.4
4691,sell,12.55
4692,hold,12.5
4693,buy,12.55
4694,hold,12.5
4695,hold,12.5
4696,sell,12.5
4697,hold,12.4
4698,hold,12.7
4699,buy,13.0
4700,hold,13.0
4701,hold,12.9
4702,sell,12.6
4703,hold,12.85
4704,hold,13.15
4705,buy,13.15
4706,hold,13.2
4707,hold,13.15
4708,sell,13.0
4709,hold,13.0
4710,hold,12.95
4711,hold,11.8
4712,hold,11.75
4713,hold,11.45
4714,hold,11.6
4715,buy,11.7
4716,hold,11.95
4717,hold,11.65
4718,hold,11.5
4719,sell,11.65
4720,hold,11.8
4721,buy,11.9
4722,hold,11.75
4723,hold,11.55
4724,sell,11.8
4725,buy,11.95
4726,hold,11.85
4727,hold,11.75
4728,sell,11.55
4729,hold,11.7
4730,hold,11.6
4731,buy,11.55
4732,sell,11.4
4733,hold,11.4
4734,hold,11.55
4735,buy,11.85
4736,hold,11.7
4737,hold,11.4
4738,sell,11.7
4739,hold,11.55
4740,buy,11.1
4741,sell,10.45
4742,hold,9.86
4743,hold,9.42
4744,hold,9.5
4745,hold,9.2
4746,buy,9.6
4747,hold,9.24
4748,hold,9.44
4749,sell,9.68
4750,buy,9.67
4751,hold,9.4
4752,sell,9.23
4753,hold,9.25
4754,hold,9.1
4755,hold,9.11
4756,buy,9.26
4757,hold,9.66
4758,hold,10.25
4759,hold,10.2
4760,hold,10.05
4761,sell,10.15
4762,hold,10.35
4763,hold,10.3
4764,hold,10.25
4765,hold,10.1
4766,hold,9.88
4767,hold,9.88
4768,hold,10.05
4769,buy,9.94
4770,hold,10.2
4771,hold,10.55
4772,hold,10.7
4773,hold,11.1
4774,hold,10.75
4775,sell,10.65
4776,hold,10.55
4777,hold,10.6
4778,hold,10.55
4779,hold,10.75
4780,buy,10.5
4781,hold,10.6
4782,sell,10.35
4783,hold,10.45
4784,hold,10.7
4785,buy,10.7
4786,hold,10.75
4787,hold,11.0
4788,hold,10.75
4789,hold,10.75
4790,sell,10.95
4791,buy,10.85
4792,hold,10.9
4793,sell,10.9
4794,hold,11.2
4795,buy,11.25
4796,hold,11.3
4797,hold,11.25
4798,sell,11.4
4799,hold,11.35
4800,hold,11.3
4801,hold,11.25
4802,hold,10.95
4803,hold,10.85
4804,hold,10.75
4805,hold,11.25
4806,buy,11.25
4807,hold,11.0
4808,hold,10.8
4809,sell,10.75
4810,hold,10.75
4811,hold,10.75
4812,hold,10.75
4813,buy,10.75
4814,hold,10.85
4815,hold,10.8
4816,hold,11.15
4817,hold,11.15
4818,hold,11.25
4819,hold,11.15
4820,hold,11.05
4821,sell,10.75
4822,hold,10.8
4823,hold,10.7
4824,hold,10.85
4825,buy,11.05
4826,hold,10.85
4827,hold,10.8
4828,sell,10.95
4829,hold,10.95
4830,buy,10.85
4831,sell,10.7
4832,hold,10.8
4833,hold,10.7
4834,hold,10.95
4835,buy,11.05
4836,hold,11.0
4837,hold,11.05
4838,sell,11.1
4839,buy,11.05
4840,hold,11.15
4841,hold,11.4
4842,hold,12.5
4843,hold,12.45
4844,hold,12.2
4845,sell,12.35
4846,hold,13.55
4847,buy,14.9
4848,hold,15.2
4849,hold,15.4
4850,sell,15.0
4851,hold,15.2
4852,hold,15.2
4853,buy,16.3
4854,hold,16.45
4855,hold,16.25
4856,sell,16.35
4857,hold,17.4
4858,buy,17.2
4859,hold,17.6
4860,hold,18.2
4861,hold,18.8
4862,hold,18.8
4863,sell,18.7
4864,hold,19.0
4865,hold,19.05
4866,buy,17.7
4867,sell,16.5
4868,hold,16.9
4869,hold,16.1
4870,hold,16.1
4871,hold,16.05
4872,hold,15.8
4873,hold,15.8
4874,hold,15.2
4875,hold,14.8
4876,hold,15.4
4877,buy,15.55
4878,hold,15.45
4879,hold,15.85
4880,hold,16.45
4881,hold,16.45
4882,hold,16.65
4883,hold,16.65
4884,hold,16.3
4885,sell,17.0
4886,hold,17.15
4887,buy,17.5
4888,hold,17.65
4889,sell,17.85
4890,hold,17.95
4891,buy,17.85
4892,hold,17.9
4893,sell,18.6
4894,hold,19.8
4895,hold,19.65
4896,hold,18.8
4897,hold,18.95
4898,hold,18.9
4899,hold,19.2
4900,buy,19.25
4901,hold,19.8
4902,hold,19.8
4903,hold,20.35
4904,hold,21.7
4905,hold,19.95
4906,sell,20.2
4907,hold,19.5
4908,hold,20.1
4909,hold,20.5
4910,buy,21.1
4911,hold,22.5
4912,hold,21.95
4913,hold,22.55
4914,hold,23.45
4915,hold,23.15
4916,sell,23.85
4917,hold,24.65
4918,buy,25.1
4919,hold,24.7
4920,sell,24.3
4921,hold,24.65
4922,hold,24.75
4923,buy,24.2
4924,sell,24.25
4925,hold,26.65
4926,buy,28.5
4927,hold,28.9
4928,hold,27.15
4929,sell,29.45
4930,hold,28.65
4931,buy,29.65
4932,sell,29.5
4933,buy,30.6
4934,hold,32.55
4935,hold,30.2
4936,sell,30.7
4937,hold,31.0
4938,hold,33.45
4939,buy,36.75
4940,hold,38.35
4941,hold,38.2
4942,sell,40.7
