0,buy,14.8
1,hold,14.55
2,hold,15.5
3,hold,16.3
4,hold,15.3
5,hold,15.8
6,hold,16.1
7,hold,16.2
8,hold,15.6
9,hold,16.6
10,hold,17.7
11,hold,18.9
12,hold,20.2
13,hold,21.6
14,hold,21.6
15,hold,21.9
16,hold,22.2
17,hold,22.5
18,hold,21.0
19,hold,20.8
20,hold,21.6
21,hold,21.4
22,hold,21.3
23,hold,20.5
24,hold,20.8
25,hold,20.4
26,hold,20.9
27,hold,20.1
28,hold,18.9
29,hold,19.4
30,hold,19.4
31,hold,19.6
32,hold,19.9
33,hold,19.5
34,hold,19.5
35,hold,18.7
36,hold,18.6
37,hold,19.1
38,hold,18.7
39,hold,18.9
40,hold,18.6
41,hold,18.8
42,hold,18.0
43,hold,18.2
44,hold,17.9
45,hold,18.1
46,hold,19.3
47,hold,19.3
48,hold,19.6
49,hold,20.1
50,hold,19.9
51,hold,20.0
52,hold,20.4
53,hold,20.6
54,hold,20.1
55,hold,20.0
56,hold,19.2
57,hold,18.2
58,hold,18.0
59,hold,18.0
60,hold,18.1
61,hold,17.5
62,hold,17.2
63,hold,17.3
64,hold,17.2
65,hold,17.3
66,hold,16.8
67,hold,17.2
68,hold,17.2
69,hold,17.6
70,hold,17.4
71,hold,17.4
72,hold,17.1
73,hold,17.0
74,hold,17.0
75,hold,16.7
76,hold,16.1
77,sell,15.1
78,hold,15.6
79,hold,15.7
80,buy,15.9
81,hold,15.7
82,hold,16.5
83,hold,16.1
84,hold,17.2
85,hold,17.1
86,hold,17.1
87,hold,17.1
88,hold,17.0
89,hold,16.2
90,hold,15.4
91,hold,15.5
92,hold,16.5
93,hold,16.6
94,hold,16.3
95,hold,15.9
96,hold,15.8
97,hold,15.8
98,hold,16.1
99,hold,15.9
100,hold,16.2
101,hold,16.6
102,hold,17.1
103,hold,16.3
104,hold,16.4
105,hold,16.5
106,hold,16.8
107,hold,17.4
108,hold,16.8
109,hold,17.2
110,hold,16.9
111,hold,17.3
112,hold,17.3
113,hold,17.0
114,hold,16.8
115,hold,16.6
116,hold,16.6
117,hold,16.5
118,hold,16.7
119,hold,16.4
120,hold,16.1
121,sell,15.2
122,hold,14.9
123,hold,15.3
124,buy,15.1
125,hold,14.9
126,hold,14.0
127,sell,14.2
128,buy,13.25
129,sell,12.35
130,hold,12.55
131,hold,11.8
132,hold,12.15
133,buy,12.65
134,hold,12.35
135,hold,11.95
136,hold,12.1
137,hold,12.55
138,hold,12.3
139,hold,11.95
140,hold,11.75
141,hold,12.1
142,hold,12.4
143,hold,12.15
144,hold,12.05
145,hold,12.8
146,hold,12.5
147,hold,12.45
148,hold,13.3
149,hold,13.4
150,hold,13.35
151,hold,13.55
152,hold,13.2
153,hold,13.05
154,hold,13.05
155,hold,13.35
156,hold,13.35
157,hold,13.3
158,hold,13.5
159,hold,13.4
160,hold,14.3
161,hold,14.6
162,hold,14.45
163,hold,14.1
164,hold,13.7
165,hold,13.45
166,hold,13.3
167,hold,12.95
168,hold,13.1
169,hold,12.8
170,hold,12.2
171,sell,11.6
172,hold,12.25
173,buy,12.0
174,hold,11.6
175,hold,11.75
176,hold,11.75
177,hold,12.3
178,hold,11.9
179,hold,12.3
180,hold,11.9
181,hold,12.05
182,hold,12.75
183,hold,12.75
184,hold,12.3
185,hold,12.45
186,hold,12.7
187,hold,12.3
188,hold,12.15
189,hold,12.3
190,hold,12.3
191,hold,12.2
192,hold,12.35
193,hold,12.55
194,hold,12.3
195,hold,12.6
196,hold,12.55
197,hold,12.95
198,hold,12.8
199,hold,12.4
200,hold,12.4
201,hold,12.35
202,hold,12.4
203,hold,12.5
204,hold,12.55
205,hold,12.75
206,hold,12.35
207,hold,12.25
208,hold,12.2
209,hold,12.15
210,hold,12.35
211,hold,12.45
212,hold,12.65
213,hold,12.6
214,hold,12.85
215,hold,12.65
216,hold,12.6
217,hold,12.8
218,hold,12.9
219,hold,12.45
220,hold,12.3
221,hold,12.5
222,hold,11.9
223,sell,12.05
224,buy,12.55
225,hold,12.6
226,hold,13.45
227,hold,13.95
228,hold,14.05
229,hold,13.3
230,hold,13.85
231,hold,13.5
232,hold,14.4
233,hold,15.4
234,hold,16.4
235,hold,15.3
236,hold,14.85
237,hold,13.85
238,hold,13.8
239,hold,14.45
240,hold,14.15
241,hold,14.55
242,hold,14.1
243,hold,14.4
244,hold,14.5
245,hold,14.3
246,hold,14.35
247,hold,14.65
248,hold,14.4
249,hold,14.35
250,hold,14.4
251,hold,14.6
252,hold,14.4
253,hold,13.85
254,hold,14.0
255,hold,13.85
256,sell,13.8
257,hold,14.2
258,buy,13.9
259,hold,13.9
260,hold,13.95
261,hold,14.45
262,hold,14.45
263,hold,13.95
264,hold,13.85
265,hold,14.4
266,hold,14.1
267,hold,14.05
268,hold,14.0
269,hold,13.95
270,hold,13.95
271,hold,13.95
272,hold,13.6
273,sell,13.3
274,hold,13.1
275,hold,12.6
276,hold,12.6
277,hold,12.9
278,buy,12.85
279,hold,13.2
280,hold,12.95
281,hold,13.2
282,hold,13.2
283,hold,13.15
284,hold,13.35
285,hold,14.05
286,hold,13.7
287,hold,13.7
288,hold,13.55
289,hold,13.5
290,hold,13.1
291,hold,13.4
292,hold,13.3
293,hold,13.6
294,hold,13.9
295,hold,13.8
296,hold,14.75
297,hold,15.0
298,hold,14.75
299,hold,14.6
300,hold,14.8
301,hold,15.8
302,hold,16.9
303,hold,18.0
304,hold,16.8
305,hold,17.4
306,hold,16.8
307,hold,16.7
308,hold,16.7
309,hold,17.4
310,hold,18.6
311,hold,18.7
312,hold,20.0
313,hold,21.4
314,hold,20.9
315,hold,21.4
316,hold,20.0
317,hold,19.3
318,hold,20.0
319,hold,18.6
320,hold,18.3
321,hold,19.5
322,hold,18.6
323,hold,17.3
324,hold,17.6
325,hold,18.0
326,hold,18.0
327,hold,17.5
328,hold,17.0
329,hold,17.7
330,hold,17.5
331,hold,17.4
332,hold,16.4
333,hold,15.5
334,sell,16.1
335,buy,16.3
336,hold,16.9
337,hold,17.9
338,hold,17.2
339,hold,17.0
340,hold,18.1
341,hold,18.1
342,hold,17.2
343,hold,17.3
344,hold,17.5
345,hold,17.5
346,hold,17.5
347,hold,17.7
348,hold,18.0
349,hold,18.2
350,hold,19.3
351,hold,19.4
352,hold,19.7
353,hold,18.9
354,hold,18.1
355,hold,18.7
356,hold,18.3
357,hold,18.3
358,hold,17.1
359,hold,16.9
360,hold,17.0
361,hold,17.0
362,hold,16.2
363,sell,16.8
364,buy,17.1
365,hold,17.3
366,hold,16.6
367,hold,17.2
368,hold,17.0
369,hold,16.6
370,hold,16.4
371,hold,16.8
372,hold,16.8
373,hold,16.8
374,hold,16.9
375,hold,16.8
376,hold,16.6
377,hold,15.5
378,sell,15.7
379,hold,15.2
380,hold,15.0
381,hold,14.9
382,hold,15.3
383,buy,16.0
384,hold,15.4
385,hold,15.5
386,hold,15.3
387,hold,14.3
388,sell,14.3
389,buy,14.6
390,hold,14.35
391,hold,15.0
392,hold,15.4
393,hold,15.0
394,hold,14.95
395,hold,15.0
396,hold,14.75
397,hold,14.65
398,hold,14.75
399,hold,14.7
400,hold,14.85
401,hold,15.1
402,hold,14.9
403,hold,14.6
404,hold,14.4
405,hold,14.45
406,hold,14.4
407,hold,13.4
408,sell,13.2
409,hold,12.85
410,hold,12.55
411,hold,12.85
412,buy,13.15
413,hold,12.95
414,hold,13.25
415,hold,13.05
416,hold,12.6
417,hold,13.1
418,hold,12.65
419,hold,12.85
420,hold,12.55
421,hold,12.35
422,hold,12.3
423,hold,11.6
424,sell,11.75
425,buy,11.7
426,hold,11.55
427,hold,11.7
428,hold,11.7
429,hold,11.25
430,hold,12.0
431,hold,12.05
432,hold,12.05
433,hold,12.05
434,hold,11.6
435,hold,11.5
436,hold,12.3
437,hold,12.55
438,hold,12.8
439,hold,13.25
440,hold,13.1
441,hold,13.1
442,hold,13.6
443,hold,13.15
444,hold,13.05
445,hold,13.95
446,hold,13.4
447,hold,13.1
448,hold,13.35
449,hold,13.2
450,hold,13.7
451,hold,13.5
452,hold,13.8
453,hold,13.9
454,hold,14.85
455,hold,15.0
456,hold,15.0
457,hold,15.1
458,hold,15.8
459,hold,16.9
460,hold,16.9
461,hold,15.8
462,hold,16.2
463,hold,15.2
464,hold,16.2
465,hold,16.2
466,hold,16.5
467,hold,16.7
468,hold,16.1
469,hold,16.1
470,hold,15.3
471,hold,15.9
472,hold,15.9
473,hold,16.4
474,hold,16.3
475,hold,17.4
476,hold,18.2
477,hold,17.7
478,hold,18.4
479,hold,17.2
480,hold,17.2
481,hold,17.0
482,hold,16.6
483,hold,17.2
484,hold,17.1
485,hold,17.3
486,hold,16.6
487,hold,16.4
488,hold,16.6
489,hold,16.8
490,hold,16.7
491,hold,16.6
492,hold,17.1
493,hold,17.3
494,hold,17.7
495,hold,17.3
496,hold,17.7
497,hold,17.6
498,hold,17.3
499,hold,17.3
500,hold,17.5
501,hold,17.3
502,hold,18.5
503,hold,17.7
504,hold,18.2
505,hold,18.3
506,hold,19.3
507,hold,19.6
508,hold,19.0
509,hold,18.3
510,hold,19.0
511,hold,17.9
512,hold,17.0
513,hold,16.1
514,sell,16.6
515,buy,16.5
516,hold,15.8
517,sell,15.9
518,buy,16.8
519,hold,16.1
520,hold,16.0
521,hold,15.9
522,hold,15.9
523,hold,16.2
524,hold,15.5
525,hold,15.5
526,hold,15.6
527,hold,15.9
528,hold,15.9
529,hold,15.5
530,hold,15.6
531,hold,15.4
532,hold,15.1
533,sell,15.0
534,buy,15.0
535,hold,15.1
536,hold,15.5
537,hold,14.9
538,hold,15.2
539,hold,14.9
540,hold,15.1
541,hold,15.1
542,hold,15.0
543,hold,14.85
544,hold,14.8
545,hold,14.95
546,hold,14.85
547,hold,14.45
548,sell,14.45
549,buy,14.1
550,sell,14.15
551,hold,15.0
552,buy,15.1
553,hold,15.3
554,hold,15.1
555,hold,15.3
556,hold,15.4
557,hold,15.1
558,hold,15.2
559,hold,15.5
560,hold,15.3
561,hold,15.8
562,hold,15.6
563,hold,15.2
564,hold,15.2
565,hold,14.3
566,hold,14.05
567,hold,13.8
568,sell,13.8
569,buy,13.5
570,sell,13.8
571,buy,13.7
572,hold,13.7
573,hold,13.9
574,hold,13.6
575,hold,13.7
576,hold,13.65
577,hold,13.85
578,hold,13.85
579,hold,13.7
580,hold,13.65
581,hold,13.5
582,hold,13.45
583,hold,13.35
584,hold,13.6
585,hold,13.9
586,hold,14.25
587,hold,13.95
588,hold,14.05
589,hold,14.35
590,hold,14.25
591,hold,14.85
592,hold,14.7
593,hold,15.2
594,hold,15.0
595,hold,15.2
596,hold,15.1
597,hold,15.3
598,hold,15.4
599,hold,15.4
600,hold,15.4
601,hold,15.6
602,hold,15.4
603,hold,15.4
604,hold,15.6
605,hold,15.2
606,hold,14.9
607,hold,15.0
608,hold,14.85
609,hold,14.75
610,hold,14.75
611,hold,15.1
612,hold,15.3
613,hold,16.3
614,hold,16.5
615,hold,17.6
616,hold,17.3
617,hold,17.5
618,hold,17.8
619,hold,16.6
620,hold,16.2
621,hold,16.0
622,hold,16.5
623,hold,16.0
624,hold,16.1
625,hold,15.9
626,hold,15.8
627,hold,15.8
628,hold,16.3
629,hold,16.4
630,hold,16.4
631,hold,16.0
632,hold,16.0
633,hold,15.6
634,hold,15.7
635,hold,16.0
636,hold,15.6
637,hold,15.5
638,hold,15.5
639,hold,15.3
640,sell,14.9
641,hold,14.9
642,hold,15.5
643,buy,15.9
644,hold,15.6
645,hold,16.6
646,hold,16.4
647,hold,16.7
648,hold,16.7
649,hold,17.2
650,hold,17.5
651,hold,17.4
652,hold,17.7
653,hold,17.2
654,hold,17.6
655,hold,17.6
656,hold,17.4
657,hold,17.0
658,hold,16.6
659,hold,16.4
660,hold,16.7
661,hold,16.2
662,hold,15.8
663,hold,16.0
664,hold,16.0
665,hold,16.4
666,hold,16.3
667,hold,16.2
668,hold,16.3
669,hold,16.4
670,hold,16.3
671,hold,16.5
672,hold,16.4
673,hold,16.1
674,hold,16.0
675,hold,15.8
676,hold,15.8
677,hold,16.0
678,hold,16.4
679,hold,17.5
680,hold,16.9
681,hold,16.5
682,hold,16.8
683,hold,17.1
684,hold,17.1
685,hold,16.8
686,hold,17.0
687,hold,16.9
688,hold,17.2
689,hold,17.1
690,hold,17.3
691,hold,16.8
692,hold,17.0
693,hold,17.1
694,hold,17.4
695,hold,17.3
696,hold,17.3
697,hold,17.0
698,hold,16.9
699,hold,16.9
700,hold,16.7
701,hold,16.2
702,sell,16.2
703,hold,16.2
704,hold,16.1
705,hold,15.8
706,hold,15.9
707,buy,16.1
708,hold,15.8
709,hold,16.1
710,hold,15.9
711,hold,15.8
712,hold,15.8
713,hold,15.8
714,hold,16.0
715,hold,15.9
716,hold,15.8
717,hold,15.7
718,hold,15.8
719,hold,15.6
720,hold,15.6
721,hold,15.6
722,hold,15.6
723,hold,15.7
724,hold,16.0
725,hold,15.7
726,hold,15.8
727,hold,15.8
728,hold,16.0
729,hold,15.9
730,hold,15.7
731,hold,15.7
732,hold,15.7
733,hold,15.9
734,hold,15.9
735,hold,16.0
736,hold,16.0
737,hold,15.9
738,hold,15.7
739,hold,15.7
740,hold,16.3
741,hold,17.1
742,hold,17.2
743,hold,17.3
744,hold,17.1
745,hold,17.3
746,hold,17.3
747,hold,17.3
748,hold,17.4
749,hold,18.0
750,hold,17.8
751,hold,18.2
752,hold,18.8
753,hold,18.5
754,hold,17.9
755,hold,18.5
756,hold,18.2
757,hold,18.0
758,hold,18.0
759,hold,18.1
760,hold,18.7
761,hold,19.5
762,hold,19.6
763,hold,19.3
764,hold,19.5
765,hold,20.8
766,hold,22.2
767,hold,22.6
768,hold,21.8
769,hold,22.6
770,hold,22.5
771,hold,22.2
772,hold,22.0
773,hold,22.1
774,hold,22.0
775,hold,22.7
776,hold,24.2
777,hold,24.2
778,hold,24.3
779,hold,24.5
780,hold,24.0
781,hold,23.2
782,hold,23.8
783,hold,23.2
784,hold,23.2
785,hold,23.0
786,hold,21.4
787,hold,21.1
788,hold,20.9
789,hold,21.7
790,hold,21.2
791,hold,19.8
792,sell,19.0
793,hold,19.0
794,hold,18.7
795,buy,18.3
796,hold,19.5
797,hold,20.3
798,hold,20.6
799,hold,20.4
800,hold,20.6
801,hold,21.4
802,hold,20.8
803,hold,20.7
804,hold,21.0
805,hold,20.8
806,hold,22.2
807,hold,22.4
808,hold,22.1
809,hold,21.6
810,hold,21.9
811,hold,21.9
812,hold,21.8
813,hold,22.2
814,hold,21.6
815,hold,21.5
816,hold,21.0
817,hold,20.8
818,hold,21.1
819,hold,20.0
820,sell,19.0
821,hold,18.6
822,hold,19.2
823,buy,17.9
824,sell,18.3
825,buy,18.5
826,hold,17.7
827,hold,18.2
828,hold,18.2
829,hold,17.9
830,hold,17.6
831,hold,16.6
832,hold,17.2
833,hold,18.4
834,hold,18.0
835,hold,18.8
836,hold,18.5
837,hold,18.3
838,hold,18.6
839,hold,18.5
840,hold,19.0
841,hold,18.4
842,hold,18.6
843,hold,18.2
844,hold,17.7
845,hold,17.9
846,hold,19.1
847,hold,19.4
848,hold,19.7
849,hold,19.9
850,hold,19.1
851,hold,17.8
852,hold,18.3
853,hold,17.8
854,hold,18.0
855,hold,18.2
856,hold,18.2
857,hold,19.4
858,hold,19.5
859,hold,19.5
860,hold,18.9
861,hold,19.1
862,hold,19.0
863,hold,19.0
864,hold,18.8
865,hold,18.5
866,hold,18.7
867,hold,18.7
868,hold,18.6
869,hold,18.7
870,hold,18.7
871,hold,18.8
872,hold,18.4
873,hold,18.1
874,hold,17.9
875,sell,17.9
876,buy,17.0
877,sell,17.1
878,hold,17.1
879,hold,16.9
880,hold,16.9
881,buy,17.3
882,hold,17.2
883,hold,16.9
884,hold,17.0
885,hold,16.8
886,hold,16.9
887,hold,16.6
888,hold,16.6
889,hold,16.9
890,hold,16.9
891,hold,17.4
892,hold,17.1
893,hold,17.2
894,hold,17.3
895,hold,17.1
896,hold,17.1
897,hold,17.3
898,hold,17.9
899,hold,18.2
900,hold,18.2
901,hold,19.0
902,hold,18.9
903,hold,18.9
904,hold,18.5
905,hold,19.0
906,hold,18.9
907,hold,18.9
908,hold,18.8
909,hold,19.2
910,hold,19.2
911,hold,19.3
912,hold,19.4
913,hold,19.4
914,hold,19.2
915,hold,18.8
916,hold,18.9
917,hold,18.5
918,hold,18.6
919,hold,19.1
920,hold,19.2
921,hold,19.1
922,hold,18.8
923,hold,19.0
924,hold,19.0
925,hold,19.0
926,hold,19.3
927,hold,20.6
928,hold,20.8
929,hold,20.5
930,hold,21.1
931,hold,21.3
932,hold,21.1
933,hold,20.4
934,hold,20.7
935,hold,19.9
936,hold,20.3
937,hold,19.9
938,hold,19.5
939,hold,20.6
940,hold,20.6
941,hold,20.6
942,hold,20.1
943,hold,20.0
944,hold,19.8
945,hold,19.9
946,hold,20.0
947,hold,20.1
948,hold,20.4
949,hold,20.5
950,hold,21.3
951,hold,21.1
952,hold,20.8
953,hold,21.2
954,hold,20.7
955,hold,21.3
956,hold,21.0
957,hold,21.2
958,hold,21.7
959,hold,21.8
960,hold,22.0
961,hold,21.0
962,hold,21.2
963,hold,21.0
964,hold,20.4
965,hold,19.8
966,sell,19.7
967,hold,20.1
968,buy,19.8
969,hold,20.0
970,hold,20.3
971,hold,20.4
972,hold,20.5
973,hold,20.3
974,hold,20.4
975,hold,20.2
976,hold,19.8
977,hold,20.2
978,hold,20.4
979,hold,20.7
980,hold,20.6
981,hold,20.5
982,hold,20.5
983,hold,20.7
984,hold,20.5
985,hold,20.8
986,hold,20.5
987,hold,20.5
988,hold,21.4
989,hold,21.3
990,hold,22.0
991,hold,21.9
992,hold,21.7
993,hold,21.3
994,hold,21.5
995,hold,21.3
996,hold,21.3
997,hold,21.5
998,hold,20.8
999,hold,20.6
1000,hold,21.2
1001,hold,21.2
1002,hold,21.2
1003,hold,21.3
1004,hold,20.9
1005,hold,20.7
1006,hold,20.4
1007,sell,20.5
1008,buy,20.5
1009,hold,20.4
1010,hold,20.8
1011,hold,21.2
1012,hold,20.9
1013,hold,21.4
1014,hold,21.8
1015,hold,21.7
1016,hold,21.4
1017,hold,21.4
1018,hold,21.4
1019,hold,21.1
1020,hold,21.3
1021,hold,21.1
1022,hold,21.0
1023,hold,21.0
1024,hold,21.5
1025,hold,21.75
1026,hold,21.35
1027,hold,21.2
1028,hold,21.1
1029,hold,21.1
1030,hold,20.6
1031,sell,20.8
1032,buy,20.55
1033,sell,20.65
1034,buy,20.4
1035,sell,20.4
1036,buy,20.45
1037,hold,20.75
1038,hold,20.6
1039,hold,20.5
1040,hold,19.6
1041,sell,19.2
1042,hold,19.2
1043,hold,19.25
1044,buy,18.8
1045,sell,18.05
1046,hold,18.3
1047,buy,18.15
1048,hold,18.0
1049,hold,17.45
1050,hold,17.8
1051,hold,17.55
1052,hold,17.7
1053,hold,17.55
1054,hold,18.05
1055,hold,17.85
1056,hold,17.7
1057,hold,17.35
1058,hold,16.9
1059,hold,17.1
1060,hold,17.0
1061,hold,17.7
1062,hold,17.5
1063,hold,17.35
1064,hold,17.25
1065,hold,17.2
1066,hold,17.5
1067,hold,17.25
1068,hold,17.3
1069,hold,17.1
1070,hold,17.7
1071,hold,17.8
1072,hold,17.55
1073,hold,17.9
1074,hold,17.8
1075,hold,17.75
1076,hold,18.15
1077,hold,17.7
1078,hold,17.55
1079,hold,17.8
1080,hold,17.9
1081,hold,17.5
1082,hold,17.2
1083,hold,17.2
1084,hold,17.1
1085,hold,17.45
1086,hold,17.5
1087,hold,17.55
1088,hold,17.7
1089,hold,17.3
1090,hold,17.3
1091,hold,17.5
1092,hold,17.8
1093,hold,17.65
1094,hold,17.65
1095,hold,17.6
1096,hold,18.1
1097,hold,18.15
1098,hold,17.75
1099,hold,17.95
1100,hold,17.9
1101,hold,17.9
1102,hold,17.9
1103,hold,17.7
1104,hold,18.0
1105,hold,18.45
1106,hold,18.3
1107,hold,18.15
1108,hold,18.2
1109,hold,18.0
1110,hold,17.85
1111,hold,17.85
1112,hold,17.7
1113,hold,17.65
1114,hold,17.75
1115,hold,17.6
1116,hold,17.7
1117,hold,17.55
1118,hold,17.5
1119,hold,17.9
1120,hold,17.85
1121,hold,18.05
1122,hold,17.95
1123,hold,18.4
1124,hold,18.35
1125,hold,18.6
1126,hold,19.9
1127,hold,19.35
1128,hold,19.0
1129,hold,18.75
1130,hold,18.8
1131,hold,19.0
1132,hold,18.8
1133,hold,18.9
1134,hold,18.85
1135,hold,18.5
1136,hold,18.4
1137,hold,18.3
1138,hold,18.4
1139,hold,18.5
1140,hold,18.05
1141,hold,18.0
1142,hold,18.05
1143,hold,17.9
1144,hold,17.5
1145,sell,17.7
1146,buy,17.6
1147,hold,17.2
1148,sell,17.2
1149,buy,17.45
1150,hold,17.1
1151,hold,17.25
1152,hold,17.05
1153,hold,17.4
1154,hold,17.2
1155,hold,17.3
1156,hold,17.35
1157,hold,17.2
1158,hold,17.15
1159,hold,16.8
1160,hold,16.9
1161,hold,16.9
1162,hold,16.55
1163,sell,16.45
1164,hold,16.4
1165,hold,16.85
1166,buy,16.55
1167,hold,16.35
1168,hold,16.3
1169,hold,16.35
1170,hold,16.3
1171,hold,16.3
1172,hold,16.6
1173,hold,16.9
1174,hold,16.75
1175,hold,16.7
1176,hold,16.45
1177,hold,16.55
1178,hold,16.4
1179,hold,16.45
1180,hold,16.3
1181,hold,16.45
1182,hold,17.0
1183,hold,16.25
1184,hold,16.55
1185,hold,16.2
1186,hold,15.85
1187,sell,15.8
1188,hold,15.1
1189,hold,15.25
1190,hold,15.45
1191,buy,15.2
1192,sell,14.75
1193,hold,15.3
1194,buy,15.0
1195,hold,15.0
1196,hold,14.85
1197,hold,15.0
1198,hold,14.65
1199,hold,14.9
1200,hold,15.45
1201,hold,15.7
1202,hold,15.85
1203,hold,15.95
1204,hold,15.5
1205,hold,15.35
1206,hold,15.3
1207,hold,15.45
1208,hold,15.55
1209,hold,15.45
1210,hold,15.55
1211,hold,15.45
1212,hold,15.45
1213,hold,16.0
1214,hold,16.0
1215,hold,15.75
1216,hold,15.65
1217,hold,16.15
1218,hold,16.55
1219,hold,16.95
1220,hold,16.9
1221,hold,16.2
1222,hold,16.2
1223,hold,16.3
1224,hold,16.25
1225,hold,16.15
1226,hold,16.35
1227,hold,16.7
1228,hold,16.8
1229,hold,16.75
1230,hold,16.9
1231,hold,16.45
1232,hold,16.7
1233,hold,16.5
1234,hold,16.45
1235,hold,16.3
1236,hold,16.45
1237,hold,16.4
1238,hold,15.75
1239,sell,16.2
1240,buy,16.0
1241,hold,16.4
1242,hold,16.2
1243,hold,16.45
1244,hold,16.35
1245,hold,16.65
1246,hold,16.65
1247,hold,16.5
1248,hold,16.35
1249,hold,16.75
1250,hold,16.3
1251,hold,17.3
1252,hold,17.4
1253,hold,17.6
1254,hold,17.85
1255,hold,17.65
1256,hold,18.45
1257,hold,18.95
1258,hold,18.8
1259,hold,18.4
1260,hold,18.35
1261,hold,18.65
1262,hold,18.6
1263,hold,18.9
1264,hold,18.85
1265,hold,18.85
1266,hold,19.15
1267,hold,19.55
1268,hold,19.5
1269,hold,18.75
1270,hold,18.6
1271,hold,18.75
1272,hold,18.7
1273,hold,18.95
1274,hold,18.75
1275,hold,18.55
1276,hold,18.45
1277,hold,17.6
1278,sell,17.75
1279,hold,17.6
1280,hold,17.5
1281,hold,17.9
1282,buy,17.4
1283,hold,17.5
1284,hold,17.35
1285,hold,17.8
1286,hold,17.45
1287,hold,17.3
1288,hold,17.15
1289,hold,17.25
1290,hold,17.5
1291,hold,17.5
1292,hold,17.35
1293,hold,17.4
1294,hold,17.65
1295,hold,17.75
1296,hold,17.8
1297,hold,17.9
1298,hold,18.2
1299,hold,18.4
1300,hold,18.5
1301,hold,18.5
1302,hold,18.35
1303,hold,19.05
1304,hold,19.25
1305,hold,19.1
1306,hold,19.15
1307,hold,19.0
1308,hold,19.05
1309,hold,18.8
1310,hold,19.0
1311,hold,19.4
1312,hold,19.9
1313,hold,20.5
1314,hold,20.65
1315,hold,20.7
1316,hold,20.95
1317,hold,22.2
1318,hold,22.45
1319,hold,23.8
1320,hold,22.9
1321,hold,22.05
1322,hold,22.6
1323,hold,23.05
1324,hold,21.95
1325,hold,21.85
1326,hold,22.9
1327,hold,22.2
1328,hold,22.8
1329,hold,21.9
1330,hold,21.45
1331,hold,21.8
1332,hold,21.85
1333,hold,21.85
1334,hold,21.8
1335,hold,20.95
1336,sell,20.95
1337,hold,21.45
1338,buy,21.2
1339,hold,21.3
1340,hold,21.35
1341,hold,20.7
1342,hold,21.35
1343,hold,21.9
1344,hold,21.6
1345,hold,21.8
1346,hold,21.9
1347,hold,22.9
1348,hold,23.85
1349,hold,24.2
1350,hold,23.9
1351,hold,23.05
1352,hold,22.85
1353,hold,23.1
1354,hold,22.8
1355,hold,22.2
1356,hold,22.65
1357,hold,22.95
1358,hold,22.95
1359,hold,22.9
1360,hold,22.6
1361,hold,22.75
1362,hold,22.75
1363,hold,22.85
1364,hold,22.6
1365,hold,23.35
1366,hold,23.65
1367,hold,22.9
1368,hold,22.15
1369,sell,22.3
1370,buy,21.7
1371,sell,22.0
1372,buy,21.75
1373,sell,21.5
1374,hold,21.8
1375,buy,21.7
1376,hold,21.65
1377,hold,21.4
1378,hold,21.0
1379,sell,20.6
1380,hold,20.75
1381,buy,20.6
1382,hold,20.85
1383,hold,20.65
1384,hold,20.95
1385,hold,20.85
1386,hold,20.15
1387,hold,20.15
1388,hold,20.15
1389,hold,20.35
1390,hold,20.9
1391,hold,20.8
1392,hold,20.55
1393,hold,19.6
1394,sell,19.6
1395,hold,19.15
1396,hold,19.7
1397,buy,19.65
1398,hold,19.55
1399,hold,19.15
1400,hold,19.2
1401,hold,19.5
1402,hold,19.25
1403,hold,19.5
1404,hold,19.8
1405,hold,19.45
1406,hold,19.25
1407,hold,19.2
1408,hold,19.05
1409,hold,18.6
1410,hold,18.7
1411,hold,18.6
1412,hold,19.05
1413,hold,19.6
1414,hold,20.05
1415,hold,19.6
1416,hold,19.5
1417,hold,19.45
1418,hold,19.8
1419,hold,19.9
1420,hold,20.15
1421,hold,19.85
1422,hold,19.95
1423,hold,20.9
1424,hold,20.7
1425,hold,20.7
1426,hold,20.8
1427,hold,21.2
1428,hold,20.9
1429,hold,20.85
1430,hold,20.7
1431,hold,20.45
1432,hold,19.85
1433,hold,19.7
1434,hold,19.7
1435,hold,19.95
1436,hold,20.0
1437,hold,20.15
1438,hold,19.85
1439,hold,20.2
1440,hold,20.3
1441,hold,20.25
1442,hold,20.65
1443,hold,20.55
1444,hold,20.65
1445,hold,20.75
1446,hold,20.2
1447,hold,21.05
1448,hold,21.0
1449,hold,21.3
1450,hold,21.2
1451,hold,21.25
1452,hold,21.45
1453,hold,21.5
1454,hold,21.0
1455,hold,20.85
1456,hold,21.05
1457,hold,21.0
1458,hold,21.2
1459,hold,21.7
1460,hold,21.55
1461,hold,21.8
1462,hold,21.8
1463,hold,21.75
1464,hold,22.0
1465,hold,22.0
1466,hold,22.4
1467,hold,22.6
1468,hold,22.35
1469,hold,23.1
1470,hold,22.95
1471,hold,22.95
1472,hold,21.95
1473,hold,22.0
1474,hold,22.1
1475,hold,22.45
1476,hold,22.7
1477,hold,22.4
1478,hold,22.55
1479,hold,22.4
1480,hold,22.35
1481,hold,22.25
1482,hold,22.55
1483,hold,22.3
1484,hold,22.3
1485,hold,22.75
1486,hold,23.3
1487,hold,23.2
1488,hold,23.2
1489,hold,23.0
1490,hold,22.7
1491,hold,22.75
1492,hold,22.25
1493,hold,21.9
1494,hold,22.4
1495,hold,22.6
1496,hold,22.35
1497,hold,22.0
1498,hold,22.5
1499,hold,22.5
1500,hold,22.1
1501,hold,21.85
1502,hold,22.1
1503,hold,22.1
1504,hold,22.45
1505,hold,22.35
1506,hold,22.35
1507,hold,22.65
1508,hold,22.3
1509,hold,22.9
1510,hold,23.15
1511,hold,23.2
1512,hold,23.2
1513,hold,23.3
1514,hold,23.2
1515,hold,22.7
1516,hold,22.45
1517,hold,22.4
1518,hold,22.3
1519,hold,21.9
1520,hold,20.95
1521,sell,20.45
1522,hold,20.65
1523,hold,19.8
1524,hold,19.9
1525,hold,19.45
1526,hold,20.0
1527,buy,20.0
1528,hold,20.1
1529,hold,20.0
1530,hold,19.6
1531,hold,19.95
1532,hold,20.3
1533,hold,20.15
1534,hold,20.1
1535,hold,20.1
1536,hold,20.3
1537,hold,20.4
1538,hold,20.25
1539,hold,19.9
1540,hold,19.45
1541,sell,19.45
1542,buy,19.95
1543,hold,19.7
1544,hold,19.95
1545,hold,20.35
1546,hold,20.35
1547,hold,20.25
1548,hold,20.3
1549,hold,20.0
1550,hold,19.85
1551,hold,20.1
1552,hold,20.1
1553,hold,20.0
1554,hold,20.1
1555,hold,19.8
1556,hold,19.8
1557,hold,19.8
1558,hold,19.7
1559,hold,19.6
1560,hold,19.65
1561,hold,19.65
1562,hold,19.6
1563,hold,19.4
1564,sell,19.05
1565,hold,19.4
1566,buy,19.4
1567,hold,19.3
1568,hold,19.1
1569,hold,19.15
1570,hold,19.05
1571,hold,18.9
1572,hold,18.95
1573,hold,19.1
1574,hold,19.2
1575,hold,18.95
1576,hold,19.15
1577,hold,19.0
1578,hold,19.5
1579,hold,19.45
1580,hold,19.4
1581,hold,19.5
1582,hold,19.5
1583,hold,19.25
1584,hold,18.8
1585,sell,19.2
1586,buy,19.1
1587,hold,19.05
1588,hold,19.2
1589,hold,19.1
1590,hold,19.15
1591,hold,19.1
1592,hold,19.3
1593,hold,19.5
1594,hold,20.2
1595,hold,20.25
1596,hold,20.5
1597,hold,20.5
1598,hold,20.15
1599,hold,20.05
1600,hold,20.1
1601,hold,20.55
1602,hold,20.5
1603,hold,21.0
1604,hold,20.8
1605,hold,21.0
1606,hold,21.45
1607,hold,21.9
1608,hold,22.1
1609,hold,22.15
1610,hold,22.65
1611,hold,22.3
1612,hold,22.2
1613,hold,22.55
1614,hold,22.6
1615,hold,22.6
1616,hold,22.4
1617,hold,23.05
1618,hold,22.2
1619,hold,22.5
1620,hold,22.2
1621,hold,22.5
1622,hold,22.05
1623,hold,21.8
1624,hold,20.5
1625,sell,21.05
1626,buy,21.15
1627,hold,19.85
1628,sell,20.05
1629,hold,20.4
1630,buy,20.0
1631,hold,20.25
1632,hold,20.85
1633,hold,20.85
1634,hold,19.9
1635,hold,19.9
1636,hold,20.0
1637,hold,19.7
1638,hold,19.3
1639,hold,18.75
1640,hold,19.4
1641,hold,19.05
1642,hold,19.35
1643,hold,19.75
1644,hold,19.6
1645,hold,19.85
1646,hold,19.85
1647,hold,19.5
1648,hold,19.85
1649,hold,20.7
1650,hold,20.8
1651,hold,20.5
1652,hold,20.45
1653,hold,20.5
1654,hold,20.35
1655,hold,20.1
1656,hold,20.2
1657,hold,20.15
1658,hold,20.55
1659,hold,21.5
1660,hold,21.2
1661,hold,21.8
1662,hold,21.6
1663,hold,22.0
1664,hold,22.0
1665,hold,22.0
1666,hold,21.5
1667,hold,21.8
1668,hold,21.65
1669,hold,22.1
1670,hold,22.75
1671,hold,22.05
1672,hold,21.95
1673,hold,22.2
1674,hold,21.5
1675,hold,21.95
1676,hold,21.35
1677,hold,21.9
1678,hold,21.75
1679,hold,22.0
1680,hold,22.05
1681,hold,22.05
1682,hold,21.4
1683,hold,21.8
1684,hold,21.9
1685,hold,22.05
1686,hold,22.3
1687,hold,21.8
1688,hold,21.8
1689,hold,21.6
1690,hold,21.55
1691,hold,21.35
1692,sell,21.45
1693,buy,21.3
1694,hold,21.1
1695,sell,20.1
1696,hold,20.25
1697,hold,19.9
1698,hold,19.7
1699,hold,19.9
1700,buy,19.35
1701,sell,19.1
1702,hold,19.1
1703,buy,19.3
1704,hold,18.8
1705,hold,18.9
1706,hold,18.55
1707,hold,18.75
1708,hold,18.9
1709,hold,18.65
1710,hold,19.0
1711,hold,19.05
1712,hold,18.85
1713,hold,18.85
1714,hold,18.9
1715,hold,19.15
1716,hold,19.35
1717,hold,18.8
1718,hold,19.35
1719,hold,19.35
1720,hold,19.3
1721,hold,19.05
1722,hold,18.5
1723,sell,17.95
1724,hold,17.65
1725,hold,16.75
1726,hold,16.8
1727,hold,17.05
1728,buy,16.75
1729,hold,16.85
1730,hold,17.25
1731,hold,17.6
1732,hold,17.75
1733,hold,17.5
1734,hold,17.5
1735,hold,17.9
1736,hold,17.4
1737,hold,17.65
1738,hold,17.8
1739,hold,17.85
1740,hold,17.75
1741,hold,18.55
1742,hold,19.8
1743,hold,19.5
1744,hold,18.95
1745,hold,19.0
1746,hold,19.35
1747,hold,18.0
1748,hold,17.45
1749,hold,18.0
1750,hold,18.0
1751,hold,17.45
1752,hold,17.95
1753,hold,17.5
1754,hold,17.55
1755,hold,17.8
1756,hold,17.2
1757,hold,17.4
1758,hold,18.0
1759,hold,18.15
1760,hold,18.05
1761,hold,18.25
1762,hold,17.7
1763,hold,18.3
1764,hold,18.3
1765,hold,19.2
1766,hold,19.1
1767,hold,19.5
1768,hold,19.75
1769,hold,19.5
1770,hold,20.2
1771,hold,20.1
1772,hold,20.05
1773,hold,19.5
1774,hold,19.3
1775,hold,19.8
1776,hold,20.0
1777,hold,19.5
1778,hold,19.45
1779,hold,19.3
1780,hold,19.2
1781,hold,19.6
1782,hold,20.55
1783,hold,21.0
1784,hold,22.45
1785,hold,22.6
1786,hold,23.45
1787,hold,23.0
1788,hold,23.15
1789,hold,22.95
1790,hold,22.15
1791,hold,22.7
1792,hold,22.3
1793,hold,22.95
1794,hold,22.55
1795,hold,23.0
1796,hold,23.6
1797,hold,24.55
1798,hold,24.6
1799,hold,24.4
1800,hold,26.1
1801,hold,25.6
1802,hold,25.8
1803,hold,25.1
1804,hold,25.05
1805,hold,25.05
1806,hold,25.2
1807,hold,24.8
1808,hold,25.55
1809,hold,24.85
1810,hold,24.45
1811,hold,24.5
1812,hold,23.7
1813,hold,23.15
1814,hold,23.2
1815,hold,23.2
1816,hold,22.95
1817,hold,23.4
1818,hold,23.6
1819,hold,23.4
1820,hold,24.25
1821,hold,24.8
1822,hold,25.0
1823,hold,23.6
1824,hold,23.05
1825,hold,23.2
1826,hold,23.5
1827,hold,22.9
1828,hold,23.2
1829,hold,23.65
1830,hold,23.8
1831,hold,24.7
1832,hold,24.5
1833,hold,23.85
1834,hold,23.9
1835,hold,24.0
1836,hold,23.9
1837,hold,23.3
1838,hold,22.0
1839,sell,22.4
1840,buy,21.4
1841,sell,22.0
1842,buy,21.9
1843,hold,22.3
1844,hold,22.55
1845,hold,22.2
1846,hold,21.8
1847,hold,22.0
1848,hold,21.8
1849,hold,22.1
1850,hold,21.8
1851,hold,21.1
1852,hold,21.6
1853,hold,20.55
1854,hold,19.8
1855,sell,20.2
1856,buy,20.15
1857,hold,20.45
1858,hold,19.5
1859,sell,19.5
1860,buy,19.2
1861,hold,19.45
1862,hold,18.95
1863,hold,18.0
1864,sell,17.7
1865,hold,17.95
1866,buy,17.3
1867,hold,18.5
1868,hold,18.5
1869,hold,19.7
1870,hold,19.3
1871,hold,19.1
1872,hold,18.65
1873,hold,18.65
1874,hold,18.7
1875,hold,18.6
1876,hold,18.8
1877,hold,18.1
1878,hold,18.8
1879,hold,18.5
1880,hold,19.2
1881,hold,19.3
1882,hold,19.2
1883,hold,19.15
1884,hold,19.05
1885,hold,19.1
1886,hold,18.3
1887,hold,18.4
1888,hold,18.95
1889,hold,18.35
1890,hold,18.4
1891,hold,18.7
1892,hold,18.4
1893,hold,18.75
1894,hold,18.7
1895,hold,18.8
1896,hold,18.15
1897,hold,17.95
1898,sell,17.6
1899,hold,17.05
1900,hold,16.3
1901,hold,17.4
1902,buy,17.4
1903,hold,18.0
1904,hold,17.2
1905,hold,17.4
1906,hold,16.2
1907,sell,15.35
1908,hold,15.55
1909,hold,14.5
1910,hold,15.5
1911,buy,15.85
1912,hold,16.15
1913,hold,16.2
1914,hold,16.2
1915,hold,15.85
1916,hold,15.9
1917,hold,15.65
1918,hold,15.7
1919,hold,15.6
1920,hold,14.55
1921,hold,13.8
1922,sell,12.85
1923,hold,12.5
1924,hold,12.1
1925,hold,12.9
1926,buy,12.45
1927,hold,12.05
1928,hold,12.1
1929,hold,12.1
1930,hold,12.3
1931,hold,11.9
1932,hold,11.5
1933,hold,11.1
1934,hold,11.1
1935,hold,11.1
1936,hold,11.15
1937,hold,11.9
1938,hold,12.65
1939,hold,13.15
1940,hold,13.15
1941,hold,12.8
1942,hold,11.95
1943,hold,12.35
1944,hold,12.5
1945,hold,12.25
1946,hold,12.25
1947,hold,12.25
1948,hold,12.25
1949,hold,12.25
1950,hold,11.8
1951,hold,11.8
1952,hold,11.0
1953,hold,11.0
1954,hold,11.0
1955,hold,11.2
1956,hold,11.25
1957,hold,12.0
1958,hold,12.1
1959,hold,12.45
1960,hold,12.3
1961,hold,12.1
1962,hold,11.8
1963,hold,11.8
1964,hold,12.6
1965,hold,12.7
1966,hold,13.05
1967,hold,12.7
1968,hold,12.05
1969,hold,12.45
1970,hold,12.55
1971,hold,12.65
1972,hold,12.7
1973,hold,12.65
1974,hold,12.15
1975,hold,11.7
1976,hold,12.2
1977,hold,12.4
1978,hold,12.2
1979,hold,12.2
1980,hold,12.75
1981,hold,12.8
1982,hold,13.0
1983,hold,12.8
1984,hold,12.8
1985,hold,12.0
1986,hold,11.9
1987,hold,11.8
1988,hold,11.7
1989,hold,11.9
1990,hold,12.0
1991,hold,11.45
1992,hold,11.35
1993,hold,11.45
1994,hold,11.3
1995,hold,10.75
1996,sell,10.6
1997,hold,10.25
1998,hold,10.5
1999,buy,10.45
2000,hold,10.3
2001,hold,10.35
2002,hold,10.25
2003,hold,10.3
2004,hold,10.35
2005,hold,10.2
2006,hold,10.5
2007,hold,10.35
2008,hold,10.2
2009,hold,10.05
2010,hold,9.92
2011,hold,9.82
2012,hold,9.62
2013,hold,9.52
2014,sell,10.15
2015,buy,10.0
2016,hold,10.2
2017,hold,9.63
2018,hold,9.67
2019,hold,9.71
2020,hold,10.15
2021,hold,10.0
2022,hold,9.8
2023,hold,9.93
2024,hold,10.2
2025,hold,10.0
2026,hold,10.4
2027,hold,10.6
2028,hold,11.25
2029,hold,10.95
2030,hold,11.0
2031,hold,10.7
2032,hold,11.05
2033,hold,11.4
2034,hold,11.4
2035,hold,11.75
2036,hold,12.0
2037,hold,11.2
2038,hold,11.4
2039,hold,11.95
2040,hold,12.75
2041,hold,13.15
2042,hold,13.5
2043,hold,13.35
2044,hold,12.55
2045,hold,13.4
2046,hold,13.75
2047,hold,13.75
2048,hold,13.8
2049,hold,13.65
2050,hold,14.4
2051,hold,13.4
2052,hold,13.35
2053,hold,13.5
2054,hold,13.2
2055,hold,13.0
2056,hold,13.05
2057,hold,12.4
2058,hold,12.25
2059,hold,12.5
2060,hold,13.35
2061,hold,14.25
2062,hold,14.55
2063,hold,14.7
2064,hold,14.45
2065,hold,14.1
2066,hold,14.3
2067,hold,13.6
2068,hold,13.9
2069,hold,13.45
2070,hold,13.95
2071,hold,14.35
2072,hold,15.35
2073,hold,15.65
2074,hold,15.0
2075,hold,15.05
2076,hold,15.75
2077,hold,15.15
2078,hold,16.2
2079,hold,16.2
2080,hold,16.0
2081,hold,15.65
2082,hold,15.3
2083,hold,15.4
2084,hold,15.65
2085,hold,14.8
2086,hold,14.15
2087,hold,14.4
2088,hold,14.6
2089,hold,14.2
2090,hold,14.0
2091,hold,14.0
2092,hold,14.2
2093,hold,13.8
2094,hold,14.05
2095,hold,14.05
2096,hold,13.9
2097,hold,14.85
2098,hold,14.55
2099,hold,14.5
2100,hold,14.35
2101,hold,14.35
2102,hold,14.8
2103,hold,15.1
2104,hold,15.1
2105,hold,14.95
2106,hold,15.0
2107,hold,14.8
2108,hold,14.95
2109,hold,14.95
2110,hold,14.0
2111,hold,14.3
2112,hold,14.5
2113,hold,14.55
2114,hold,14.65
2115,hold,14.9
2116,hold,15.1
2117,hold,15.1
2118,hold,14.4
2119,hold,14.4
2120,hold,14.55
2121,hold,14.7
2122,hold,14.55
2123,hold,14.5
2124,hold,14.6
2125,hold,14.6
2126,hold,14.5
2127,hold,14.05
2128,sell,14.15
2129,buy,14.3
2130,hold,14.3
2131,hold,14.1
2132,hold,14.35
2133,hold,14.2
2134,hold,13.9
2135,hold,13.85
2136,hold,14.0
2137,hold,13.75
2138,sell,13.45
2139,hold,13.95
2140,buy,13.8
2141,hold,13.6
2142,hold,13.5
2143,hold,13.8
2144,hold,13.75
2145,hold,14.0
2146,hold,14.0
2147,hold,14.1
2148,hold,14.25
2149,hold,14.35
2150,hold,14.45
2151,hold,14.2
2152,hold,14.45
2153,hold,14.65
2154,hold,14.45
2155,hold,14.55
2156,hold,14.7
2157,hold,14.7
2158,hold,14.8
2159,hold,14.6
2160,hold,14.65
2161,hold,14.5
2162,hold,14.2
2163,hold,14.45
2164,hold,14.35
2165,hold,14.65
2166,hold,14.75
2167,hold,14.85
2168,hold,14.65
2169,hold,14.65
2170,hold,14.7
2171,hold,15.05
2172,hold,14.95
2173,hold,15.2
2174,hold,15.25
2175,hold,15.2
2176,hold,15.3
2177,hold,15.35
2178,hold,15.55
2179,hold,15.45
2180,hold,15.35
2181,hold,15.2
2182,hold,15.0
2183,hold,15.15
2184,hold,15.25
2185,hold,15.1
2186,hold,14.95
2187,hold,14.55
2188,hold,14.4
2189,sell,14.35
2190,hold,14.45
2191,buy,14.65
2192,hold,14.5
2193,hold,14.65
2194,hold,15.1
2195,hold,15.35
2196,hold,15.4
2197,hold,15.55
2198,hold,15.4
2199,hold,15.6
2200,hold,15.25
2201,hold,15.2
2202,hold,15.2
2203,hold,15.0
2204,hold,15.1
2205,hold,15.15
2206,hold,15.35
2207,hold,15.2
2208,hold,14.55
2209,hold,14.7
2210,hold,15.0
2211,hold,14.8
2212,hold,14.95
2213,hold,14.8
2214,hold,15.3
2215,hold,15.2
2216,hold,15.1
2217,hold,14.95
2218,hold,15.0
2219,hold,15.1
2220,hold,14.95
2221,hold,14.8
2222,hold,14.75
2223,hold,14.75
2224,hold,14.75
2225,hold,14.85
2226,hold,14.95
2227,hold,15.0
2228,hold,15.0
2229,hold,15.15
2230,hold,15.15
2231,hold,15.2
2232,hold,15.25
2233,hold,15.2
2234,hold,15.2
2235,hold,15.4
2236,hold,15.35
2237,hold,15.5
2238,hold,15.65
2239,hold,15.6
2240,hold,15.35
2241,hold,15.45
2242,hold,15.45
2243,hold,15.3
2244,hold,15.25
2245,hold,15.0
2246,hold,15.15
2247,hold,14.95
2248,hold,14.65
2249,sell,14.2
2250,hold,14.4
2251,hold,14.4
2252,buy,14.45
2253,hold,14.3
2254,hold,14.0
2255,sell,14.0
2256,buy,14.1
2257,hold,13.4
2258,sell,13.5
2259,buy,13.55
2260,hold,13.7
2261,hold,13.85
2262,hold,14.3
2263,hold,14.4
2264,hold,14.3
2265,hold,14.0
2266,hold,14.15
2267,hold,14.35
2268,hold,14.35
2269,hold,14.55
2270,hold,14.25
2271,hold,14.4
2272,hold,14.4
2273,hold,14.35
2274,hold,14.35
2275,hold,14.25
2276,hold,14.05
2277,hold,13.95
2278,hold,14.05
2279,hold,14.35
2280,hold,14.45
2281,hold,14.55
2282,hold,14.4
2283,hold,14.35
2284,hold,14.35
2285,hold,14.35
2286,hold,14.4
2287,hold,14.45
2288,hold,14.45
2289,hold,14.4
2290,hold,14.6
2291,hold,14.6
2292,hold,14.65
2293,hold,14.65
2294,hold,14.75
2295,hold,14.7
2296,hold,14.65
2297,hold,14.55
2298,hold,14.65
2299,hold,14.7
2300,hold,14.6
2301,hold,14.2
2302,sell,14.3
2303,buy,14.35
2304,hold,14.2
2305,hold,14.25
2306,hold,14.5
2307,hold,14.45
2308,hold,14.2
2309,hold,14.15
2310,hold,14.15
2311,hold,14.1
2312,hold,14.05
2313,hold,13.7
2314,sell,13.6
2315,hold,13.4
2316,hold,13.5
2317,buy,13.4
2318,hold,13.45
2319,hold,13.85
2320,hold,13.8
2321,hold,13.6
2322,hold,13.5
2323,hold,13.6
2324,hold,13.35
2325,hold,13.0
2326,sell,13.0
2327,buy,12.45
2328,sell,12.55
2329,hold,12.65
2330,buy,12.7
2331,hold,12.8
2332,hold,12.65
2333,hold,12.7
2334,hold,12.95
2335,hold,12.75
2336,hold,12.45
2337,hold,12.7
2338,hold,12.6
2339,hold,12.8
2340,hold,12.95
2341,hold,13.1
2342,hold,13.15
2343,hold,13.2
2344,hold,13.15
2345,hold,13.5
2346,hold,13.5
2347,hold,13.45
2348,hold,13.4
2349,hold,14.05
2350,hold,15.0
2351,hold,14.85
2352,hold,14.75
2353,hold,15.0
2354,hold,15.45
2355,hold,15.45
2356,hold,15.7
2357,hold,15.6
2358,hold,15.65
2359,hold,15.5
2360,hold,15.6
2361,hold,15.5
2362,hold,16.25
2363,hold,16.3
2364,hold,17.05
2365,hold,16.85
2366,hold,16.65
2367,hold,16.7
2368,hold,16.4
2369,hold,16.6
2370,hold,16.8
2371,hold,16.55
2372,hold,16.65
2373,hold,16.45
2374,hold,16.9
2375,hold,17.8
2376,hold,17.85
2377,hold,17.75
2378,hold,18.0
2379,hold,18.1
2380,hold,19.05
2381,hold,19.1
2382,hold,18.65
2383,hold,18.75
2384,hold,18.65
2385,hold,19.3
2386,hold,19.0
2387,hold,18.8
2388,hold,18.3
2389,hold,18.35
2390,hold,19.0
2391,hold,18.9
2392,hold,18.2
2393,hold,17.7
2394,hold,18.0
2395,hold,18.5
2396,hold,18.2
2397,hold,18.3
2398,hold,18.3
2399,hold,18.7
2400,hold,18.75
2401,hold,18.6
2402,hold,18.65
2403,hold,18.35
2404,hold,18.6
2405,hold,19.3
2406,hold,19.3
2407,hold,19.4
2408,hold,19.3
2409,hold,19.9
2410,hold,20.15
2411,hold,20.0
2412,hold,20.75
2413,hold,20.9
2414,hold,21.85
2415,hold,21.5
2416,hold,21.45
2417,hold,20.9
2418,hold,21.15
2419,hold,21.55
2420,hold,21.45
2421,hold,21.65
2422,hold,21.3
2423,hold,21.1
2424,hold,20.9
2425,hold,20.35
2426,hold,20.2
2427,hold,20.5
2428,hold,20.55
2429,hold,19.85
2430,hold,20.0
2431,hold,20.2
2432,hold,20.25
2433,hold,20.15
2434,hold,20.8
2435,hold,20.7
2436,hold,20.35
2437,hold,20.6
2438,hold,20.2
2439,hold,20.75
2440,hold,20.95
2441,hold,20.8
2442,hold,21.0
2443,hold,21.35
2444,hold,21.45
2445,hold,21.5
2446,hold,20.85
2447,hold,20.9
2448,hold,20.45
2449,hold,20.15
2450,hold,20.3
2451,hold,20.05
2452,hold,20.2
2453,hold,20.2
2454,hold,20.4
2455,hold,20.3
2456,hold,20.1
2457,hold,20.7
2458,hold,20.35
2459,hold,20.45
2460,hold,20.25
2461,hold,21.65
2462,hold,22.35
2463,hold,22.45
2464,hold,23.45
2465,hold,23.6
2466,hold,23.35
2467,hold,23.3
2468,hold,23.4
2469,hold,23.3
2470,hold,23.1
2471,hold,23.4
2472,hold,23.25
2473,hold,23.65
2474,hold,23.35
2475,hold,23.3
2476,hold,23.2
2477,hold,23.05
2478,hold,23.2
2479,hold,23.75
2480,hold,23.8
2481,hold,25.45
2482,hold,25.85
2483,hold,25.9
2484,hold,26.3
2485,hold,25.35
2486,hold,24.5
2487,hold,24.85
2488,hold,24.15
2489,hold,24.5
2490,hold,24.65
2491,hold,24.75
2492,hold,24.65
2493,hold,24.65
2494,hold,24.3
2495,hold,24.95
2496,hold,24.75
2497,hold,24.6
2498,hold,24.4
2499,hold,24.35
2500,hold,24.6
2501,hold,24.6
2502,hold,24.55
2503,hold,24.7
2504,hold,24.35
2505,hold,24.1
2506,sell,23.2
2507,hold,21.85
2508,hold,22.25
2509,hold,22.1
2510,hold,22.15
2511,buy,21.8
2512,hold,23.1
2513,hold,22.65
2514,hold,22.3
2515,hold,22.1
2516,hold,22.05
2517,hold,21.85
2518,hold,22.0
2519,hold,21.6
2520,hold,22.5
2521,hold,22.4
2522,hold,22.4
2523,hold,22.45
2524,hold,22.6
2525,hold,22.7
2526,hold,22.35
2527,hold,21.4
2528,sell,21.0
2529,hold,21.1
2530,hold,21.45
2531,buy,21.45
2532,hold,21.55
2533,hold,22.85
2534,hold,23.3
2535,hold,23.3
2536,hold,23.05
2537,hold,23.1
2538,hold,23.55
2539,hold,23.65
2540,hold,23.6
2541,hold,23.85
2542,hold,24.4
2543,hold,24.35
2544,hold,24.45
2545,hold,24.25
2546,hold,23.75
2547,hold,23.65
2548,hold,23.65
2549,hold,23.4
2550,hold,23.6
2551,hold,23.25
2552,hold,24.3
2553,hold,25.3
2554,hold,25.3
2555,hold,25.35
2556,hold,24.8
2557,hold,25.25
2558,hold,25.0
2559,hold,25.0
2560,hold,25.05
2561,hold,25.0
2562,hold,25.5
2563,hold,25.15
2564,hold,25.25
2565,hold,25.4
2566,hold,25.15
2567,hold,24.9
2568,hold,25.2
2569,hold,24.9
2570,hold,24.85
2571,hold,24.8
2572,hold,24.75
2573,hold,24.3
2574,sell,23.95
2575,hold,24.1
2576,hold,23.95
2577,hold,24.2
2578,buy,24.25
2579,hold,24.15
2580,hold,24.65
2581,hold,24.75
2582,hold,24.35
2583,hold,24.6
2584,hold,24.75
2585,hold,24.7
2586,hold,24.6
2587,hold,24.2
2588,hold,23.85
2589,hold,23.95
2590,hold,23.1
2591,sell,22.1
2592,hold,22.0
2593,hold,22.15
2594,hold,22.45
2595,buy,22.95
2596,hold,22.7
2597,hold,22.7
2598,hold,22.85
2599,hold,22.85
2600,hold,23.3
2601,hold,23.6
2602,hold,24.3
2603,hold,23.95
2604,hold,24.1
2605,hold,23.9
2606,hold,23.9
2607,hold,24.15
2608,hold,24.0
2609,hold,23.7
2610,hold,23.95
2611,hold,23.8
2612,hold,24.2
2613,hold,24.6
2614,hold,24.6
2615,hold,24.8
2616,hold,24.8
2617,hold,25.05
2618,hold,24.5
2619,hold,24.8
2620,hold,25.0
2621,hold,23.15
2622,sell,22.8
2623,hold,23.8
2624,buy,23.55
2625,hold,23.2
2626,hold,23.65
2627,hold,22.7
2628,hold,21.7
2629,sell,21.5
2630,hold,22.05
2631,buy,22.1
2632,hold,21.8
2633,hold,22.15
2634,hold,22.0
2635,hold,21.95
2636,hold,22.0
2637,hold,21.25
2638,hold,21.15
2639,hold,21.9
2640,hold,21.4
2641,hold,21.15
2642,hold,21.1
2643,hold,21.45
2644,hold,21.35
2645,hold,21.45
2646,hold,21.85
2647,hold,22.05
2648,hold,21.25
2649,hold,20.0
2650,sell,20.2
2651,hold,20.0
2652,hold,20.1
2653,buy,18.95
2654,sell,18.0
2655,hold,18.15
2656,hold,19.35
2657,buy,18.55
2658,hold,18.4
2659,hold,18.55
2660,hold,17.9
2661,hold,17.0
2662,hold,16.6
2663,hold,17.4
2664,hold,17.35
2665,hold,17.5
2666,hold,17.6
2667,hold,16.7
2668,hold,16.5
2669,hold,16.2
2670,hold,16.9
2671,hold,17.6
2672,hold,18.8
2673,hold,18.55
2674,hold,18.55
2675,hold,18.3
2676,hold,18.7
2677,hold,18.25
2678,hold,18.5
2679,hold,18.2
2680,hold,18.35
2681,hold,19.1
2682,hold,19.0
2683,hold,19.05
2684,hold,19.15
2685,hold,19.45
2686,hold,19.6
2687,hold,19.5
2688,hold,19.1
2689,hold,18.6
2690,hold,19.05
2691,hold,18.9
2692,hold,18.9
2693,hold,18.8
2694,hold,17.6
2695,sell,17.8
2696,buy,18.0
2697,hold,17.6
2698,hold,17.05
2699,sell,17.05
2700,hold,17.0
2701,buy,16.8
2702,hold,17.0
2703,hold,16.3
2704,hold,16.7
2705,hold,16.25
2706,hold,16.45
2707,hold,16.7
2708,hold,16.25
2709,hold,17.35
2710,hold,17.15
2711,hold,17.0
2712,hold,16.55
2713,hold,16.7
2714,hold,16.55
2715,hold,16.5
2716,hold,16.6
2717,hold,16.25
2718,hold,16.25
2719,hold,15.6
2720,sell,15.85
2721,buy,15.05
2722,sell,15.05
2723,hold,16.1
2724,buy,16.2
2725,hold,16.8
2726,hold,16.65
2727,hold,16.5
2728,hold,16.5
2729,hold,16.4
2730,hold,16.45
2731,hold,15.95
2732,hold,16.15
2733,hold,16.3
2734,hold,16.3
2735,hold,16.15
2736,hold,16.05
2737,hold,16.25
2738,hold,16.2
2739,hold,16.1
2740,hold,16.1
2741,hold,15.7
2742,hold,15.95
2743,hold,15.9
2744,hold,16.2
2745,hold,16.75
2746,hold,16.8
2747,hold,17.0
2748,hold,17.0
2749,hold,18.15
2750,hold,17.6
2751,hold,18.0
2752,hold,18.6
2753,hold,18.5
2754,hold,18.3
2755,hold,18.5
2756,hold,18.15
2757,hold,18.35
2758,hold,17.75
2759,hold,17.75
2760,hold,17.75
2761,hold,17.75
2762,hold,17.85
2763,hold,17.6
2764,hold,17.7
2765,hold,18.0
2766,hold,17.9
2767,hold,17.9
2768,hold,17.75
2769,hold,17.35
2770,sell,17.25
2771,hold,17.0
2772,hold,17.4
2773,buy,17.2
2774,hold,17.0
2775,hold,17.4
2776,hold,17.4
2777,hold,17.5
2778,hold,17.5
2779,hold,17.4
2780,hold,17.15
2781,hold,17.15
2782,hold,17.3
2783,hold,17.5
2784,hold,17.1
2785,hold,17.15
2786,hold,17.05
2787,hold,16.75
2788,sell,16.85
2789,buy,16.65
2790,sell,16.65
2791,hold,16.3
2792,hold,16.3
2793,hold,16.15
2794,hold,16.25
2795,buy,16.15
2796,hold,16.2
2797,hold,16.45
2798,hold,16.25
2799,hold,16.05
2800,hold,16.25
2801,hold,16.4
2802,hold,16.0
2803,hold,16.1
2804,hold,16.0
2805,hold,16.1
2806,hold,16.15
2807,hold,16.2
2808,hold,16.2
2809,hold,16.55
2810,hold,16.5
2811,hold,16.6
2812,hold,16.2
2813,hold,16.15
2814,hold,16.05
2815,hold,16.15
2816,hold,15.95
2817,hold,15.95
2818,hold,15.85
2819,hold,15.45
2820,sell,15.75
2821,buy,15.35
2822,sell,15.4
2823,buy,15.55
2824,hold,15.3
2825,hold,15.2
2826,hold,15.1
2827,hold,15.3
2828,hold,15.7
2829,hold,15.4
2830,hold,15.5
2831,hold,15.15
2832,hold,14.6
2833,sell,14.9
2834,buy,15.0
2835,hold,15.3
2836,hold,15.3
2837,hold,15.4
2838,hold,15.25
2839,hold,15.5
2840,hold,15.4
2841,hold,15.7
2842,hold,15.75
2843,hold,15.7
2844,hold,15.8
2845,hold,15.6
2846,hold,15.3
2847,hold,15.15
2848,hold,15.25
2849,hold,15.3
2850,hold,15.25
2851,hold,15.7
2852,hold,15.8
2853,hold,15.85
2854,hold,16.0
2855,hold,16.0
2856,hold,15.9
2857,hold,15.8
2858,hold,15.7
2859,hold,15.8
2860,hold,15.7
2861,hold,16.0
2862,hold,15.9
2863,hold,16.1
2864,hold,15.8
2865,hold,16.0
2866,hold,16.05
2867,hold,15.8
2868,hold,15.85
2869,hold,15.75
2870,hold,15.8
2871,hold,16.1
2872,hold,16.1
2873,hold,16.3
2874,hold,16.3
2875,hold,16.3
2876,hold,16.55
2877,hold,16.55
2878,hold,16.5
2879,hold,16.7
2880,hold,16.65
2881,hold,16.55
2882,hold,16.5
2883,hold,16.45
2884,hold,15.45
2885,sell,15.35
2886,hold,15.3
2887,buy,15.5
2888,hold,15.55
2889,hold,15.55
2890,hold,15.45
2891,hold,15.45
2892,hold,15.35
2893,hold,15.5
2894,hold,15.35
2895,hold,15.45
2896,hold,15.35
2897,hold,15.35
2898,hold,15.15
2899,hold,15.15
2900,hold,15.3
2901,hold,15.4
2902,hold,15.35
2903,hold,15.5
2904,hold,15.5
2905,hold,16.0
2906,hold,15.95
2907,hold,16.0
2908,hold,16.05
2909,hold,16.1
2910,hold,16.2
2911,hold,16.15
2912,hold,16.15
2913,hold,16.0
2914,hold,16.05
2915,hold,15.9
2916,hold,15.85
2917,hold,15.95
2918,hold,15.85
2919,hold,16.0
2920,hold,15.95
2921,hold,15.85
2922,hold,15.8
2923,hold,15.5
2924,sell,15.45
2925,hold,15.4
2926,hold,15.45
2927,buy,15.35
2928,hold,15.4
2929,hold,15.3
2930,hold,15.2
2931,hold,15.3
2932,hold,15.15
2933,hold,15.15
2934,hold,14.85
2935,sell,14.75
2936,hold,14.85
2937,buy,14.75
2938,hold,14.75
2939,hold,15.0
2940,hold,14.9
2941,hold,15.0
2942,hold,15.1
2943,hold,14.9
2944,hold,14.95
2945,hold,14.85
2946,hold,14.7
2947,hold,14.8
2948,hold,14.6
2949,hold,14.6
2950,hold,14.75
2951,hold,14.75
2952,hold,14.6
2953,hold,14.9
2954,hold,15.3
2955,hold,15.45
2956,hold,15.45
2957,hold,15.55
2958,hold,15.55
2959,hold,15.75
2960,hold,15.85
2961,hold,15.7
2962,hold,15.9
2963,hold,15.95
2964,hold,15.85
2965,hold,15.65
2966,hold,15.75
2967,hold,16.0
2968,hold,16.1
2969,hold,16.0
2970,hold,15.95
2971,hold,15.85
2972,hold,16.05
2973,hold,15.9
2974,hold,15.85
2975,hold,15.8
2976,hold,15.8
2977,hold,15.95
2978,hold,15.85
2979,hold,15.85
2980,hold,15.95
2981,hold,16.1
2982,hold,16.15
2983,hold,16.0
2984,hold,15.9
2985,hold,15.85
2986,hold,15.8
2987,hold,16.0
2988,hold,16.2
2989,hold,16.05
2990,hold,15.95
2991,hold,15.9
2992,hold,15.75
2993,hold,15.95
2994,hold,15.85
2995,hold,15.9
2996,hold,15.85
2997,hold,15.8
2998,hold,15.7
2999,sell,15.95
3000,buy,16.0
3001,hold,16.1
3002,hold,16.3
3003,hold,16.3
3004,hold,16.8
3005,hold,16.6
3006,hold,16.65
3007,hold,16.7
3008,hold,16.75
3009,hold,17.35
3010,hold,16.9
3011,hold,17.25
3012,hold,17.35
3013,hold,17.35
3014,hold,17.35
3015,hold,17.35
3016,hold,17.2
3017,hold,16.9
3018,hold,17.0
3019,hold,17.1
3020,hold,17.1
3021,hold,17.4
3022,hold,17.4
3023,hold,17.45
3024,hold,17.7
3025,hold,18.0
3026,hold,17.65
3027,hold,17.25
3028,hold,17.25
3029,hold,17.35
3030,hold,17.2
3031,hold,17.1
3032,hold,17.6
3033,hold,17.6
3034,hold,17.65
3035,hold,17.5
3036,hold,17.75
3037,hold,17.45
3038,hold,17.35
3039,hold,17.4
3040,hold,17.05
3041,hold,17.0
3042,hold,17.0
3043,hold,17.05
3044,hold,17.0
3045,hold,16.75
3046,sell,16.95
3047,buy,16.65
3048,sell,16.6
3049,buy,16.85
3050,hold,16.9
3051,hold,16.9
3052,hold,17.0
3053,hold,16.95
3054,hold,16.8
3055,hold,16.8
3056,hold,16.85
3057,hold,17.0
3058,hold,17.1
3059,hold,17.05
3060,hold,17.0
3061,hold,17.15
3062,hold,17.1
3063,hold,17.2
3064,hold,17.2
3065,hold,17.15
3066,hold,17.3
3067,hold,17.45
3068,hold,17.45
3069,hold,17.4
3070,hold,17.35
3071,hold,17.35
3072,hold,17.05
3073,hold,16.95
3074,hold,17.05
3075,hold,17.0
3076,hold,17.05
3077,hold,16.85
3078,hold,17.0
3079,hold,16.95
3080,hold,16.8
3081,hold,16.9
3082,hold,16.65
3083,sell,16.65
3084,buy,16.7
3085,hold,16.6
3086,hold,16.35
3087,sell,16.3
3088,hold,16.4
3089,buy,16.3
3090,hold,16.3
3091,hold,16.2
3092,hold,16.7
3093,hold,16.25
3094,hold,16.1
3095,hold,16.4
3096,hold,16.4
3097,hold,16.55
3098,hold,16.6
3099,hold,16.6
3100,hold,16.5
3101,hold,16.55
3102,hold,16.7
3103,hold,16.85
3104,hold,16.95
3105,hold,17.1
3106,hold,17.4
3107,hold,17.4
3108,hold,17.35
3109,hold,17.25
3110,hold,17.4
3111,hold,17.4
3112,hold,17.3
3113,hold,17.35
3114,hold,17.45
3115,hold,17.4
3116,hold,17.4
3117,hold,17.3
3118,hold,17.1
3119,hold,17.2
3120,hold,17.2
3121,hold,17.25
3122,hold,17.4
3123,hold,17.4
3124,hold,17.1
3125,sell,16.7
3126,hold,16.8
3127,hold,16.65
3128,hold,16.75
3129,buy,16.85
3130,hold,16.85
3131,hold,16.75
3132,hold,16.85
3133,hold,16.8
3134,hold,16.75
3135,hold,15.9
3136,sell,16.2
3137,buy,16.25
3138,hold,16.2
3139,hold,16.15
3140,hold,16.15
3141,hold,16.2
3142,hold,16.4
3143,hold,16.8
3144,hold,16.85
3145,hold,16.9
3146,hold,16.9
3147,hold,16.85
3148,hold,16.9
3149,hold,17.1
3150,hold,17.3
3151,hold,17.0
3152,hold,17.0
3153,hold,17.1
3154,hold,17.3
3155,hold,17.0
3156,hold,17.4
3157,hold,17.4
3158,hold,17.4
3159,hold,17.35
3160,hold,17.35
3161,hold,17.25
3162,hold,17.3
3163,hold,17.15
3164,hold,17.4
3165,hold,17.4
3166,hold,17.4
3167,hold,17.4
3168,hold,17.3
3169,hold,17.2
3170,hold,17.3
3171,hold,17.4
3172,hold,17.4
3173,hold,17.5
3174,hold,17.4
3175,hold,17.4
3176,hold,17.45
3177,hold,17.45
3178,hold,17.55
3179,hold,17.55
3180,hold,17.5
3181,hold,17.6
3182,hold,17.65
3183,hold,17.6
3184,hold,17.6
3185,hold,17.5
3186,hold,17.4
3187,hold,17.5
3188,hold,17.4
3189,hold,17.4
3190,hold,17.5
3191,hold,17.5
3192,hold,17.4
3193,hold,17.4
3194,hold,17.4
3195,hold,17.4
3196,hold,17.45
3197,hold,17.4
3198,hold,17.35
3199,sell,17.5
3200,buy,18.15
3201,hold,18.05
3202,hold,18.0
3203,hold,18.15
3204,hold,18.15
3205,hold,18.25
3206,hold,18.1
3207,hold,18.05
3208,hold,17.85
3209,hold,17.8
3210,hold,17.95
3211,hold,17.95
3212,hold,18.0
3213,hold,17.9
3214,hold,17.95
3215,hold,17.85
3216,hold,17.75
3217,hold,17.85
3218,hold,18.0
3219,hold,17.95
3220,hold,17.95
3221,hold,17.95
3222,hold,17.95
3223,hold,18.0
3224,hold,18.0
3225,hold,18.25
3226,hold,18.35
3227,hold,18.6
3228,hold,18.3
3229,hold,18.2
3230,hold,18.4
3231,hold,18.3
3232,hold,18.1
3233,hold,18.25
3234,hold,18.5
3235,hold,18.25
3236,hold,18.25
3237,hold,18.5
3238,hold,18.4
3239,hold,18.45
3240,hold,18.3
3241,hold,18.4
3242,hold,18.3
3243,hold,18.4
3244,hold,17.95
3245,sell,17.65
3246,hold,17.7
3247,hold,17.75
3248,hold,17.8
3249,buy,17.95
3250,hold,18.15
3251,hold,18.0
3252,hold,18.1
3253,hold,17.95
3254,hold,18.1
3255,hold,18.2
3256,hold,17.9
3257,hold,18.1
3258,hold,18.0
3259,hold,17.95
3260,hold,17.9
3261,hold,17.8
3262,hold,17.8
3263,hold,17.65
3264,hold,17.6
3265,sell,17.65
3266,buy,17.8
3267,hold,17.75
3268,hold,17.6
3269,hold,17.7
3270,hold,17.6
3271,hold,17.55
3272,hold,17.55
3273,hold,17.65
3274,hold,17.55
3275,hold,17.3
3276,sell,17.3
3277,hold,17.35
3278,buy,17.3
3279,hold,17.55
3280,hold,17.8
3281,hold,18.0
3282,hold,18.05
3283,hold,18.05
3284,hold,17.85
3285,hold,18.0
3286,hold,18.05
3287,hold,18.0
3288,hold,18.1
3289,hold,18.0
3290,hold,17.8
3291,hold,17.75
3292,hold,17.75
3293,hold,17.65
3294,hold,17.95
3295,hold,18.0
3296,hold,17.9
3297,hold,17.95
3298,hold,17.75
3299,hold,17.8
3300,hold,17.55
3301,sell,17.6
3302,hold,17.8
3303,buy,17.55
3304,sell,17.65
3305,buy,17.5
3306,sell,17.6
3307,buy,17.5
3308,hold,17.75
3309,hold,17.65
3310,hold,17.75
3311,hold,17.65
3312,hold,17.8
3313,hold,17.85
3314,hold,17.9
3315,hold,17.85
3316,hold,17.7
3317,hold,17.8
3318,hold,17.9
3319,hold,17.95
3320,hold,18.0
3321,hold,18.1
3322,hold,18.35
3323,hold,18.2
3324,hold,18.2
3325,hold,18.2
3326,hold,18.1
3327,hold,18.15
3328,hold,18.1
3329,hold,18.15
3330,hold,18.35
3331,hold,18.35
3332,hold,18.35
3333,hold,18.35
3334,hold,18.25
3335,hold,18.25
3336,hold,18.25
3337,hold,18.4
3338,hold,18.45
3339,hold,18.5
3340,hold,18.5
3341,hold,18.5
3342,hold,18.55
3343,hold,18.45
3344,hold,18.5
3345,hold,18.55
3346,hold,18.6
3347,hold,18.5
3348,hold,18.45
3349,hold,18.55
3350,hold,18.65
3351,hold,18.8
3352,hold,19.0
3353,hold,18.7
3354,hold,18.8
3355,hold,19.25
3356,hold,19.0
3357,hold,19.05
3358,hold,18.95
3359,hold,19.0
3360,hold,19.2
3361,hold,19.5
3362,hold,19.55
3363,hold,19.8
3364,hold,19.5
3365,hold,19.8
3366,hold,19.7
3367,hold,19.45
3368,hold,19.3
3369,hold,18.8
3370,hold,17.9
3371,sell,17.95
3372,hold,18.0
3373,buy,18.3
3374,hold,18.3
3375,hold,18.4
3376,hold,18.4
3377,hold,18.4
3378,hold,18.4
3379,hold,18.5
3380,hold,18.85
3381,hold,18.95
3382,hold,19.1
3383,hold,18.9
3384,hold,18.85
3385,hold,18.95
3386,hold,18.95
3387,hold,18.6
3388,hold,19.0
3389,hold,18.75
3390,hold,19.0
3391,hold,19.0
3392,hold,19.15
3393,hold,19.35
3394,hold,19.0
3395,hold,19.15
3396,hold,18.8
3397,hold,18.9
3398,hold,18.5
3399,sell,18.5
3400,hold,18.7
3401,buy,18.85
3402,hold,18.8
3403,hold,18.8
3404,hold,18.7
3405,hold,18.75
3406,hold,18.75
3407,hold,18.7
3408,hold,18.65
3409,hold,18.65
3410,hold,18.65
3411,hold,18.65
3412,hold,18.5
3413,hold,18.4
3414,hold,18.35
3415,sell,18.35
3416,buy,17.9
3417,sell,18.15
3418,buy,17.9
3419,sell,18.0
3420,buy,18.0
3421,hold,18.1
3422,hold,18.05
3423,hold,18.25
3424,hold,18.55
3425,hold,18.6
3426,hold,18.65
3427,hold,18.85
3428,hold,18.8
3429,hold,19.0
3430,hold,19.15
3431,hold,19.1
3432,hold,19.35
3433,hold,19.1
3434,hold,18.4
3435,hold,18.35
3436,hold,18.55
3437,hold,18.5
3438,hold,18.35
3439,hold,18.5
3440,hold,18.4
3441,hold,18.15
3442,hold,18.1
3443,hold,18.15
3444,hold,18.5
3445,hold,18.45
3446,hold,18.35
3447,hold,18.2
3448,hold,18.15
3449,hold,18.35
3450,hold,18.35
3451,hold,17.9
3452,hold,17.75
3453,sell,17.9
3454,buy,18.05
3455,hold,17.9
3456,hold,18.0
3457,hold,17.75
3458,hold,17.4
3459,sell,17.6
3460,buy,17.45
3461,hold,17.35
3462,hold,17.4
3463,hold,17.05
3464,sell,17.35
3465,buy,17.85
3466,hold,18.0
3467,hold,17.9
3468,hold,18.3
3469,hold,18.15
3470,hold,18.25
3471,hold,18.25
3472,hold,18.3
3473,hold,18.25
3474,hold,18.15
3475,hold,17.95
3476,hold,17.7
3477,hold,17.6
3478,hold,17.95
3479,hold,17.8
3480,hold,17.8
3481,hold,18.0
3482,hold,17.75
3483,hold,17.75
3484,hold,17.5
3485,sell,17.8
3486,buy,17.9
3487,hold,18.05
3488,hold,18.1
3489,hold,18.3
3490,hold,18.05
3491,hold,18.1
3492,hold,18.0
3493,hold,17.9
3494,hold,17.85
3495,hold,18.0
3496,hold,18.0
3497,hold,18.2
3498,hold,18.25
3499,hold,18.25
3500,hold,18.25
3501,hold,18.1
3502,hold,18.05
3503,hold,18.15
3504,hold,18.2
3505,hold,18.45
3506,hold,18.5
3507,hold,18.45
3508,hold,18.45
3509,hold,18.5
3510,hold,18.45
3511,hold,18.5
3512,hold,18.55
3513,hold,18.35
3514,hold,18.15
3515,hold,18.0
3516,hold,18.2
3517,hold,18.05
3518,hold,18.05
3519,hold,18.05
3520,hold,18.25
3521,hold,18.5
3522,hold,18.1
3523,hold,18.25
3524,hold,18.2
3525,hold,18.0
3526,hold,18.15
3527,hold,18.1
3528,hold,18.05
3529,hold,18.1
3530,hold,18.2
3531,hold,18.4
3532,hold,18.5
3533,hold,18.4
3534,hold,18.5
3535,hold,18.55
3536,hold,18.45
3537,hold,18.55
3538,hold,18.15
3539,hold,18.35
3540,hold,18.35
3541,hold,18.35
3542,hold,18.3
3543,hold,18.35
3544,hold,18.6
3545,hold,18.6
3546,hold,19.0
3547,hold,18.95
3548,hold,18.75
3549,hold,18.75
3550,hold,18.9
3551,hold,18.8
3552,hold,18.65
3553,hold,18.35
3554,hold,18.3
3555,hold,18.3
3556,hold,18.3
3557,hold,18.2
3558,hold,18.0
3559,hold,18.1
3560,hold,18.0
3561,hold,18.1
3562,hold,17.9
3563,hold,17.9
3564,hold,17.95
3565,hold,18.0
3566,hold,17.95
3567,hold,18.05
3568,hold,18.0
3569,hold,17.95
3570,hold,17.8
3571,hold,17.75
3572,hold,17.75
3573,hold,17.5
3574,sell,17.5
3575,hold,17.6
3576,buy,17.55
3577,hold,17.6
3578,hold,17.6
3579,hold,17.6
3580,hold,17.45
3581,hold,17.5
3582,hold,17.45
3583,hold,17.4
3584,hold,17.55
3585,hold,17.75
3586,hold,17.7
3587,hold,17.9
3588,hold,17.75
3589,hold,17.55
3590,hold,17.7
3591,hold,17.75
3592,hold,17.9
3593,hold,17.75
3594,hold,17.75
3595,hold,17.8
3596,hold,17.6
3597,hold,17.5
3598,hold,17.5
3599,hold,17.75
3600,hold,17.8
3601,hold,17.9
3602,hold,17.9
3603,hold,17.7
3604,hold,17.9
3605,hold,17.7
3606,hold,17.7
3607,hold,17.65
3608,hold,17.45
3609,sell,17.35
3610,hold,17.35
3611,hold,17.65
3612,buy,17.65
3613,hold,17.7
3614,hold,17.95
3615,hold,17.85
3616,hold,17.8
3617,hold,17.75
3618,hold,17.8
3619,hold,17.45
3620,hold,15.8
3621,sell,15.75
3622,hold,15.8
3623,hold,15.55
3624,hold,15.5
3625,buy,14.9
3626,sell,14.7
3627,hold,14.3
3628,hold,14.1
3629,buy,14.2
3630,hold,14.55
3631,hold,15.45
3632,hold,15.8
3633,hold,15.8
3634,hold,15.6
3635,hold,15.7
3636,hold,15.8
3637,hold,15.8
3638,hold,15.75
3639,hold,15.5
3640,hold,16.05
3641,hold,16.25
3642,hold,16.15
3643,hold,16.1
3644,hold,16.1
3645,hold,16.15
3646,hold,16.5
3647,hold,16.45
3648,hold,16.3
3649,hold,16.35
3650,hold,16.05
3651,hold,15.8
3652,hold,15.8
3653,hold,16.2
3654,hold,16.2
3655,hold,16.1
3656,hold,16.15
3657,hold,16.25
3658,hold,16.35
3659,hold,16.55
3660,hold,16.85
3661,hold,16.95
3662,hold,16.9
3663,hold,16.95
3664,hold,17.05
3665,hold,17.15
3666,hold,17.25
3667,hold,17.25
3668,hold,16.95
3669,hold,17.2
3670,hold,17.2
3671,hold,17.35
3672,hold,17.25
3673,hold,17.2
3674,hold,16.9
3675,hold,17.2
3676,hold,17.3
3677,hold,17.25
3678,hold,17.35
3679,hold,17.0
3680,hold,16.85
3681,hold,16.5
3682,sell,16.25
3683,hold,16.35
3684,hold,16.15
3685,hold,16.1
3686,hold,16.45
3687,buy,16.0
3688,sell,16.45
3689,buy,16.15
3690,hold,16.2
3691,hold,16.2
3692,hold,16.1
3693,hold,16.45
3694,hold,16.2
3695,hold,16.0
3696,hold,16.3
3697,hold,16.1
3698,hold,16.1
3699,hold,15.9
3700,hold,16.05
3701,hold,15.8
3702,sell,15.6
3703,hold,15.6
3704,hold,15.65
3705,buy,15.65
3706,hold,15.55
3707,hold,15.55
3708,hold,15.7
3709,hold,15.7
3710,hold,15.8
3711,hold,15.8
3712,hold,15.85
3713,hold,15.8
3714,hold,15.8
3715,hold,15.8
3716,hold,15.8
3717,hold,15.7
3718,hold,15.7
3719,hold,15.3
3720,sell,15.4
3721,hold,15.5
3722,buy,15.25
3723,sell,15.2
3724,hold,15.15
3725,hold,15.2
3726,buy,15.35
3727,hold,15.15
3728,hold,15.2
3729,hold,15.1
3730,hold,15.1
3731,hold,15.1
3732,hold,15.0
3733,hold,15.1
3734,hold,15.55
3735,hold,15.45
3736,hold,15.7
3737,hold,15.85
3738,hold,16.6
3739,hold,16.65
3740,hold,16.3
3741,hold,16.1
3742,hold,15.7
3743,hold,15.85
3744,hold,16.3
3745,hold,16.0
3746,hold,16.0
3747,hold,16.2
3748,hold,16.0
3749,hold,16.1
3750,hold,16.15
3751,hold,16.2
3752,hold,16.3
3753,hold,16.2
3754,hold,16.35
3755,hold,16.65
3756,hold,16.55
3757,hold,16.55
3758,hold,16.5
3759,hold,16.5
3760,hold,16.65
3761,hold,16.75
3762,hold,16.75
3763,hold,16.5
3764,hold,16.75
3765,hold,16.9
3766,hold,17.0
3767,hold,17.0
3768,hold,16.85
3769,hold,16.95
3770,hold,16.85
3771,hold,16.9
3772,hold,16.9
3773,hold,16.75
3774,hold,17.0
3775,hold,16.5
3776,hold,16.65
3777,hold,16.45
3778,hold,16.4
3779,hold,16.3
3780,sell,16.7
3781,buy,16.6
3782,hold,16.75
3783,hold,16.55
3784,hold,16.7
3785,hold,16.95
3786,hold,16.65
3787,hold,16.55
3788,hold,16.7
3789,hold,16.9
3790,hold,16.95
3791,hold,16.9
3792,hold,16.9
3793,hold,16.9
3794,hold,16.85
3795,hold,16.6
3796,hold,16.55
3797,hold,16.35
3798,hold,16.2
3799,sell,15.95
3800,hold,16.1
3801,hold,16.0
3802,hold,16.05
3803,buy,15.9
3804,hold,15.85
3805,hold,15.95
3806,hold,16.3
3807,hold,16.15
3808,hold,16.0
3809,hold,16.3
3810,hold,16.2
3811,hold,16.4
3812,hold,16.4
3813,hold,16.5
3814,hold,16.55
3815,hold,16.55
3816,hold,16.6
3817,hold,16.6
3818,hold,16.65
3819,hold,16.55
3820,hold,16.65
3821,hold,16.75
3822,hold,16.85
3823,hold,16.5
3824,hold,16.7
3825,hold,16.7
3826,hold,16.3
3827,hold,16.65
3828,hold,16.8
3829,hold,16.85
3830,hold,16.85
3831,hold,16.75
3832,hold,16.4
3833,hold,16.4
3834,hold,16.4
3835,hold,16.5
3836,hold,16.75
3837,hold,16.7
3838,hold,16.7
3839,hold,16.7
3840,hold,16.4
3841,hold,16.3
3842,hold,16.55
3843,hold,16.6
3844,hold,16.65
3845,hold,16.75
3846,hold,16.9
3847,hold,17.0
3848,hold,17.0
3849,hold,17.0
3850,hold,17.0
3851,hold,16.95
3852,hold,16.95
3853,hold,17.0
3854,hold,17.0
3855,hold,17.0
3856,hold,17.15
3857,hold,17.15
3858,hold,17.15
3859,hold,17.05
3860,hold,17.05
3861,hold,17.15
3862,hold,17.3
3863,hold,17.4
3864,hold,16.5
3865,sell,16.35
3866,hold,16.3
3867,hold,16.3
3868,buy,16.25
3869,hold,16.45
3870,hold,16.4
3871,hold,16.15
3872,hold,16.0
3873,hold,16.3
3874,hold,16.2
3875,hold,16.4
3876,hold,16.35
3877,hold,16.15
3878,hold,16.2
3879,hold,15.95
3880,hold,16.15
3881,hold,16.1
3882,hold,16.25
3883,hold,16.35
3884,hold,16.35
3885,hold,16.4
3886,hold,16.25
3887,hold,16.1
3888,hold,16.0
3889,hold,15.95
3890,sell,15.95
3891,buy,16.2
3892,hold,16.15
3893,hold,16.2
3894,hold,16.2
3895,hold,16.3
3896,hold,16.15
3897,hold,16.4
3898,hold,16.05
3899,hold,16.1
3900,hold,16.35
3901,hold,16.3
3902,hold,16.2
3903,hold,16.1
3904,hold,16.3
3905,hold,16.3
3906,hold,16.15
3907,hold,16.05
3908,hold,16.2
3909,hold,16.25
3910,hold,16.2
3911,hold,16.25
3912,hold,16.25
3913,hold,16.15
3914,hold,16.3
3915,hold,16.2
3916,hold,16.15
3917,hold,16.25
3918,hold,16.15
3919,hold,16.2
3920,hold,16.15
3921,hold,16.1
3922,hold,16.15
3923,hold,16.25
3924,hold,16.3
3925,hold,16.15
3926,hold,16.25
3927,hold,16.1
3928,sell,16.1
3929,hold,16.15
3930,buy,16.2
3931,hold,16.25
3932,hold,16.1
3933,hold,16.2
3934,hold,16.3
3935,hold,16.45
3936,hold,16.45
3937,hold,16.5
3938,hold,16.75
3939,hold,16.65
3940,hold,17.05
3941,hold,16.9
3942,hold,16.8
3943,hold,16.65
3944,hold,16.8
3945,hold,16.8
3946,hold,17.1
3947,hold,17.0
3948,hold,16.95
3949,hold,17.1
3950,hold,16.95
3951,hold,16.95
3952,hold,17.0
3953,hold,16.9
3954,hold,17.0
3955,hold,17.0
3956,hold,16.8
3957,hold,16.7
3958,hold,16.9
3959,hold,16.9
3960,hold,17.0
3961,hold,17.0
3962,hold,17.15
3963,hold,17.1
3964,hold,17.0
3965,hold,17.1
3966,hold,17.15
3967,hold,17.1
3968,hold,17.15
3969,hold,17.25
3970,hold,17.5
3971,hold,17.5
3972,hold,17.45
3973,hold,17.35
3974,hold,17.35
3975,hold,17.3
3976,hold,17.35
3977,hold,17.4
3978,hold,17.35
3979,hold,17.35
3980,hold,17.45
3981,hold,17.55
3982,hold,17.7
3983,hold,17.7
3984,hold,17.7
3985,hold,17.85
3986,hold,17.9
3987,hold,17.95
3988,hold,18.15
3989,hold,18.45
3990,hold,18.4
3991,hold,18.55
3992,hold,18.5
3993,hold,18.5
3994,hold,18.45
3995,hold,18.3
3996,hold,18.35
3997,hold,18.25
3998,hold,18.35
3999,hold,18.3
4000,hold,18.3
4001,hold,18.2
4002,hold,18.25
4003,hold,18.05
4004,hold,18.1
4005,hold,18.2
4006,hold,18.2
4007,hold,18.2
4008,hold,18.25
4009,hold,18.3
4010,hold,18.4
4011,hold,18.5
4012,hold,18.45
4013,hold,18.4
4014,hold,18.45
4015,hold,18.5
4016,hold,18.5
4017,hold,18.55
4018,hold,18.55
4019,hold,18.5
4020,hold,18.6
4021,hold,18.6
4022,hold,18.7
4023,hold,18.7
4024,hold,18.7
4025,hold,18.75
4026,hold,18.4
4027,hold,17.75
4028,sell,17.75
4029,hold,17.5
4030,hold,17.1
4031,hold,17.15
4032,hold,17.35
4033,buy,17.35
4034,hold,17.65
4035,hold,17.6
4036,hold,17.5
4037,hold,17.5
4038,hold,17.6
4039,hold,17.6
4040,hold,17.75
4041,hold,17.6
4042,hold,17.6
4043,hold,17.6
4044,hold,17.55
4045,hold,17.5
4046,hold,17.55
4047,hold,17.5
4048,hold,17.3
4049,hold,17.35
4050,hold,17.3
4051,hold,17.35
4052,hold,17.45
4053,hold,17.5
4054,hold,17.5
4055,hold,17.5
4056,hold,17.55
4057,hold,17.55
4058,hold,17.4
4059,hold,17.4
4060,hold,17.4
4061,hold,17.45
4062,hold,17.35
4063,hold,17.35
4064,hold,17.3
4065,hold,17.35
4066,hold,17.2
4067,sell,17.15
4068,hold,17.1
4069,hold,17.05
4070,hold,17.15
4071,buy,17.15
4072,hold,17.1
4073,hold,17.1
4074,hold,17.15
4075,hold,17.15
4076,hold,17.4
4077,hold,17.35
4078,hold,17.35
4079,hold,17.35
4080,hold,17.45
4081,hold,17.45
4082,hold,17.45
4083,hold,17.55
4084,hold,17.35
4085,hold,17.3
4086,hold,17.35
4087,hold,17.45
4088,hold,17.45
4089,hold,17.55
4090,hold,17.55
4091,hold,17.6
4092,hold,17.65
4093,hold,17.65
4094,hold,17.7
4095,hold,17.65
4096,hold,17.65
4097,hold,17.6
4098,hold,17.65
4099,hold,17.65
4100,hold,17.65
4101,hold,17.7
4102,hold,17.7
4103,hold,17.95
4104,hold,17.85
4105,hold,18.0
4106,hold,18.05
4107,hold,18.05
4108,hold,16.65
4109,sell,16.35
4110,hold,16.4
4111,hold,16.25
4112,hold,16.2
4113,hold,16.3
4114,buy,16.4
4115,hold,16.4
4116,hold,16.3
4117,hold,16.4
4118,hold,16.35
4119,hold,16.45
4120,hold,16.45
4121,hold,16.55
4122,hold,16.55
4123,hold,16.5
4124,hold,16.5
4125,hold,16.6
4126,hold,16.55
4127,hold,16.55
4128,hold,16.4
4129,hold,16.4
4130,hold,16.4
4131,hold,16.35
4132,hold,16.45
4133,hold,16.4
4134,hold,16.4
4135,hold,16.55
4136,hold,16.6
4137,hold,16.5
4138,hold,16.45
4139,hold,16.4
4140,hold,16.35
4141,hold,16.35
4142,hold,16.4
4143,hold,16.45
4144,hold,16.3
4145,hold,16.4
4146,hold,16.4
4147,hold,16.35
4148,hold,16.25
4149,sell,16.3
4150,buy,16.35
4151,hold,16.45
4152,hold,16.45
4153,hold,16.5
4154,hold,16.45
4155,hold,16.45
4156,hold,16.4
4157,hold,16.35
4158,hold,16.35
4159,hold,16.35
4160,hold,16.4
4161,hold,16.4
4162,hold,16.35
4163,hold,16.3
4164,hold,16.35
4165,hold,16.35
4166,hold,16.3
4167,hold,16.25
4168,sell,16.25
4169,buy,16.2
4170,sell,16.25
4171,buy,16.25
4172,hold,16.25
4173,hold,16.25
4174,hold,16.2
4175,hold,16.15
4176,sell,16.15
4177,buy,16.1
4178,sell,16.15
4179,buy,16.15
4180,hold,16.35
4181,hold,16.5
4182,hold,16.5
4183,hold,16.4
4184,hold,16.35
4185,hold,16.3
4186,hold,16.25
4187,hold,16.25
4188,hold,16.35
4189,hold,16.55
4190,hold,16.55
4191,hold,16.35
4192,hold,16.35
4193,hold,16.4
4194,hold,16.35
4195,hold,16.45
4196,hold,16.5
4197,hold,16.5
4198,hold,16.35
4199,hold,16.35
4200,hold,16.45
4201,hold,16.4
4202,hold,16.4
4203,hold,16.45
4204,hold,16.45
4205,hold,16.4
4206,hold,16.45
4207,hold,16.5
4208,hold,16.55
4209,hold,16.55
4210,hold,16.6
4211,hold,16.65
4212,hold,16.8
4213,hold,17.0
4214,hold,17.0
4215,hold,17.05
4216,hold,17.05
4217,hold,17.05
4218,hold,17.2
4219,hold,17.3
4220,hold,17.35
4221,hold,17.2
4222,hold,17.3
4223,hold,17.15
4224,hold,17.2
4225,hold,17.1
4226,hold,17.3
4227,hold,17.2
4228,hold,17.3
4229,hold,17.05
4230,hold,17.1
4231,hold,17.1
4232,hold,17.25
4233,hold,17.0
4234,hold,16.4
4235,sell,16.65
4236,hold,16.65
4237,buy,16.45
4238,sell,16.45
4239,hold,16.7
4240,buy,16.7
4241,hold,16.9
4242,hold,16.95
4243,hold,16.8
4244,hold,16.7
4245,hold,16.7
4246,hold,16.55
4247,hold,16.65
4248,hold,16.65
4249,hold,16.65
4250,hold,16.7
4251,hold,16.9
4252,hold,17.0
4253,hold,17.0
4254,hold,17.0
4255,hold,17.0
4256,hold,17.05
4257,hold,16.95
4258,hold,17.1
4259,hold,17.15
4260,hold,16.95
4261,hold,16.85
4262,hold,16.95
4263,hold,17.0
4264,hold,16.85
4265,hold,17.0
4266,hold,16.95
4267,hold,16.9
4268,hold,16.8
4269,hold,16.95
4270,hold,17.05
4271,hold,17.05
4272,hold,17.05
4273,hold,17.0
4274,hold,17.0
4275,hold,17.0
4276,hold,17.0
4277,hold,17.1
4278,hold,17.1
4279,hold,17.1
4280,hold,17.0
4281,hold,17.05
4282,hold,17.05
4283,hold,17.1
4284,hold,17.1
4285,hold,17.1
4286,hold,17.05
4287,hold,16.95
4288,hold,16.95
4289,hold,17.05
4290,hold,17.0
4291,hold,17.05
4292,hold,17.2
4293,hold,17.2
4294,hold,17.35
4295,hold,17.4
4296,hold,17.35
4297,hold,17.4
4298,hold,17.6
4299,hold,17.7
4300,hold,17.75
4301,hold,17.75
4302,hold,17.75
4303,hold,17.8
4304,hold,17.8
4305,hold,17.6
4306,hold,17.55
4307,hold,17.65
4308,hold,17.8
4309,hold,17.9
4310,hold,18.0
4311,hold,18.1
4312,hold,18.05
4313,hold,17.95
4314,hold,18.0
4315,hold,17.9
4316,hold,17.75
4317,hold,17.8
4318,hold,17.65
4319,hold,17.7
4320,hold,17.65
4321,hold,17.7
4322,hold,17.7
4323,hold,17.55
4324,hold,17.5
4325,hold,17.5
4326,hold,17.7
4327,hold,17.6
4328,hold,17.5
4329,hold,17.5
4330,hold,17.45
4331,hold,17.45
4332,hold,17.5
4333,hold,17.55
4334,hold,17.45
4335,hold,17.6
4336,hold,17.65
4337,hold,17.55
4338,hold,17.65
4339,hold,17.7
4340,hold,17.7
4341,hold,17.7
4342,hold,17.8
4343,hold,17.9
4344,hold,17.85
4345,hold,18.0
4346,hold,18.0
4347,hold,18.0
4348,hold,18.1
4349,hold,18.05
4350,hold,17.95
4351,hold,18.05
4352,hold,18.05
4353,hold,18.05
4354,hold,18.1
4355,hold,18.1
4356,hold,18.3
4357,hold,18.1
4358,hold,18.15
4359,hold,18.0
4360,hold,18.05
4361,hold,18.05
4362,hold,18.1
4363,hold,18.45
4364,hold,18.55
4365,hold,18.55
4366,hold,18.55
4367,hold,18.7
4368,hold,18.8
4369,hold,18.95
4370,hold,19.05
4371,hold,19.1
4372,hold,19.2
4373,hold,17.95
4374,hold,17.8
4375,hold,17.8
4376,hold,17.85
4377,hold,17.9
4378,hold,18.0
4379,hold,18.1
4380,hold,18.25
4381,hold,18.25
4382,hold,18.2
4383,hold,18.2
4384,hold,18.45
4385,hold,18.4
4386,hold,18.7
4387,hold,18.7
4388,hold,18.7
4389,hold,18.85
4390,hold,18.9
4391,hold,18.8
4392,hold,18.6
4393,hold,18.7
4394,hold,18.5
4395,hold,18.3
4396,hold,18.3
4397,hold,18.45
4398,hold,17.5
4399,sell,17.65
4400,hold,17.4
4401,hold,17.5
4402,buy,17.5
4403,hold,17.55
4404,hold,17.5
4405,hold,17.6
4406,hold,17.45
4407,hold,17.3
4408,hold,17.3
4409,hold,17.25
4410,hold,17.35
4411,hold,17.5
4412,hold,17.55
4413,hold,17.45
4414,hold,17.6
4415,hold,17.65
4416,hold,17.7
4417,hold,17.8
4418,hold,17.95
4419,hold,17.85
4420,hold,17.8
4421,hold,17.75
4422,hold,17.85
4423,hold,17.95
4424,hold,17.95
4425,hold,18.0
4426,hold,17.85
4427,hold,17.8
4428,hold,17.75
4429,hold,17.85
4430,hold,17.9
4431,hold,17.7
4432,hold,17.85
4433,hold,17.6
4434,hold,17.5
4435,sell,17.9
4436,buy,18.0
4437,hold,17.85
4438,hold,17.65
4439,hold,17.65
4440,hold,17.45
4441,sell,17.65
4442,buy,17.65
4443,hold,17.75
4444,hold,17.75
4445,hold,17.65
4446,hold,17.45
4447,sell,17.7
4448,buy,17.6
4449,hold,17.4
4450,sell,17.35
4451,hold,17.5
4452,buy,17.2
4453,sell,17.1
4454,hold,17.3
4455,buy,17.2
4456,hold,17.25
4457,hold,17.25
4458,hold,17.25
4459,hold,17.75
4460,hold,17.5
4461,hold,17.95
4462,hold,17.85
4463,hold,17.95
4464,hold,17.7
4465,hold,17.95
4466,hold,17.7
4467,hold,17.75
4468,hold,17.85
4469,hold,17.85
4470,hold,17.8
4471,hold,17.85
4472,hold,18.0
4473,hold,18.0
4474,hold,18.0
4475,hold,17.9
4476,hold,17.9
4477,hold,17.9
4478,hold,18.0
4479,hold,17.95
4480,hold,17.9
4481,hold,17.95
4482,hold,18.1
4483,hold,18.05
4484,hold,18.2
4485,hold,18.25
4486,hold,18.3
4487,hold,18.3
4488,hold,18.25
4489,hold,18.5
4490,hold,18.3
4491,hold,18.2
4492,hold,18.3
4493,hold,18.15
4494,hold,18.1
4495,hold,18.0
4496,hold,18.2
4497,hold,18.1
4498,hold,18.05
4499,hold,18.15
4500,hold,18.25
4501,hold,18.35
4502,hold,18.45
4503,hold,18.45
4504,hold,18.2
4505,hold,18.25
4506,hold,18.3
4507,hold,18.25
4508,hold,18.2
4509,hold,18.45
4510,hold,18.3
4511,hold,18.3
4512,hold,18.3
4513,hold,18.3
4514,hold,18.4
4515,hold,18.4
4516,hold,18.4
4517,hold,18.25
4518,hold,18.3
4519,hold,18.3
4520,hold,18.35
4521,hold,18.25
4522,hold,18.2
4523,hold,18.2
4524,hold,18.3
4525,hold,18.25
4526,hold,18.35
4527,hold,18.35
4528,hold,18.45
4529,hold,18.5
4530,hold,18.5
4531,hold,18.45
4532,hold,18.15
4533,sell,18.3
4534,buy,18.25
4535,hold,18.05
4536,sell,18.1
4537,buy,18.05
4538,hold,18.0
4539,sell,18.05
4540,buy,18.05
4541,hold,18.35
4542,hold,19.0
4543,hold,19.0
4544,hold,19.0
4545,hold,19.0
4546,hold,19.2
4547,hold,19.25
4548,hold,19.3
4549,hold,19.25
4550,hold,19.5
4551,hold,19.95
4552,hold,20.0
4553,hold,20.05
4554,hold,20.2
4555,hold,20.7
4556,hold,21.45
4557,hold,20.7
4558,hold,20.35
4559,hold,20.55
4560,hold,20.55
4561,hold,20.7
4562,hold,20.75
4563,hold,21.0
4564,hold,21.1
4565,hold,20.8
4566,hold,21.0
4567,hold,20.95
4568,hold,20.85
4569,hold,21.1
4570,hold,20.95
4571,hold,20.85
4572,hold,20.95
4573,hold,21.0
4574,hold,21.0
4575,hold,21.05
4576,hold,21.15
4577,hold,21.05
4578,hold,21.15
4579,hold,21.45
4580,hold,21.5
4581,hold,21.55
4582,hold,21.6
4583,hold,21.65
4584,hold,21.75
4585,hold,21.85
4586,hold,21.85
4587,hold,21.6
4588,hold,21.8
4589,hold,21.9
4590,hold,21.85
4591,hold,21.85
4592,hold,21.85
4593,hold,21.8
4594,hold,21.65
4595,hold,21.25
4596,hold,21.15
4597,hold,20.0
4598,sell,20.1
4599,hold,20.05
4600,hold,20.05
4601,buy,20.05
4602,hold,19.95
4603,hold,19.95
4604,hold,20.05
4605,hold,20.3
4606,hold,20.25
4607,hold,20.15
4608,hold,20.2
4609,hold,20.2
4610,hold,20.05
4611,hold,20.15
4612,hold,20.1
4613,hold,20.1
4614,hold,20.2
4615,hold,20.25
4616,hold,20.05
4617,hold,20.15
4618,hold,20.2
4619,hold,20.3
4620,hold,20.45
4621,hold,20.65
4622,hold,20.8
4623,hold,21.0
4624,hold,21.2
4625,hold,21.4
4626,hold,21.45
4627,hold,21.5
4628,hold,21.7
4629,hold,21.6
4630,hold,21.55
4631,hold,21.65
4632,hold,21.75
4633,hold,21.65
4634,hold,21.65
4635,hold,21.75
4636,hold,21.6
4637,hold,21.6
4638,hold,21.55
4639,hold,21.7
4640,hold,21.6
4641,hold,21.85
4642,hold,21.85
4643,hold,21.85
4644,hold,21.85
4645,hold,21.8
4646,hold,21.8
4647,hold,21.9
4648,hold,21.9
4649,hold,22.0
4650,hold,22.15
4651,hold,22.5
4652,hold,22.75
4653,hold,23.1
4654,hold,23.75
4655,hold,23.5
4656,hold,23.55
4657,hold,23.35
4658,hold,23.5
4659,hold,23.25
4660,hold,23.2
4661,hold,22.9
4662,hold,22.8
4663,hold,22.75
4664,hold,22.55
4665,hold,22.6
4666,hold,22.8
4667,hold,22.9
4668,hold,23.0
4669,hold,23.05
4670,hold,22.95
4671,hold,23.0
4672,hold,22.9
4673,hold,22.9
4674,hold,23.0
4675,hold,22.95
4676,hold,22.9
4677,hold,22.9
4678,hold,22.85
4679,hold,22.8
4680,hold,22.75
4681,hold,22.8
4682,hold,22.65
4683,hold,22.5
4684,sell,22.6
4685,buy,22.55
4686,sell,22.55
4687,buy,22.7
4688,hold,22.9
4689,hold,22.9
4690,hold,22.75
4691,hold,23.0
4692,hold,22.95
4693,hold,22.95
4694,hold,22.9
4695,hold,22.9
4696,hold,22.8
4697,hold,22.7
4698,hold,22.8
4699,hold,22.85
4700,hold,22.55
4701,hold,22.55
4702,hold,22.25
4703,sell,22.4
4704,buy,22.4
4705,hold,22.5
4706,hold,22.55
4707,hold,22.35
4708,hold,22.45
4709,hold,22.4
4710,hold,22.45
4711,hold,21.65
4712,sell,21.45
4713,hold,21.75
4714,buy,22.15
4715,hold,22.2
4716,hold,22.75
4717,hold,22.9
4718,hold,22.95
4719,hold,22.7
4720,hold,23.0
4721,hold,23.1
4722,hold,23.2
4723,hold,23.15
4724,hold,23.15
4725,hold,23.5
4726,hold,23.35
4727,hold,23.25
4728,hold,23.25
4729,hold,23.25
4730,hold,23.1
4731,hold,23.2
4732,hold,23.2
4733,hold,23.2
4734,hold,23.3
4735,hold,23.4
4736,hold,23.25
4737,hold,23.0
4738,hold,22.95
4739,hold,23.05
4740,hold,22.2
4741,sell,22.25
4742,hold,21.2
4743,hold,19.45
4744,hold,19.5
4745,hold,18.7
4746,hold,18.7
4747,hold,18.25
4748,hold,19.25
4749,buy,19.65
4750,hold,19.7
4751,hold,19.85
4752,hold,19.5
4753,hold,19.05
4754,hold,18.8
4755,hold,19.15
4756,hold,19.45
4757,hold,19.2
4758,hold,19.4
4759,hold,19.7
4760,hold,19.6
4761,hold,19.75
4762,hold,20.6
4763,hold,20.1
4764,hold,20.3
4765,hold,20.15
4766,hold,19.2
4767,hold,19.1
4768,hold,19.0
4769,hold,18.9
4770,hold,19.4
4771,hold,19.5
4772,hold,19.6
4773,hold,19.6
4774,hold,18.8
4775,hold,18.8
4776,hold,18.75
4777,hold,18.75
4778,hold,18.9
4779,hold,19.15
4780,hold,18.9
4781,hold,19.1
4782,hold,18.8
4783,hold,18.8
4784,hold,18.8
4785,hold,18.85
4786,hold,18.85
4787,hold,19.1
4788,hold,18.75
4789,hold,18.8
4790,hold,19.15
4791,hold,19.05
4792,hold,18.95
4793,hold,18.8
4794,hold,19.1
4795,hold,19.2
4796,hold,19.65
4797,hold,19.85
4798,hold,19.9
4799,hold,20.4
4800,hold,20.15
4801,hold,20.25
4802,hold,19.75
4803,hold,19.45
4804,hold,19.3
4805,hold,19.75
4806,hold,20.05
4807,hold,19.75
4808,hold,19.6
4809,hold,19.4
4810,hold,19.55
4811,hold,19.55
4812,hold,19.25
4813,hold,19.35
4814,hold,19.4
4815,hold,19.5
4816,hold,19.55
4817,hold,19.75
4818,hold,19.65
4819,hold,19.6
4820,hold,19.65
4821,hold,19.45
4822,hold,19.4
4823,hold,19.35
4824,hold,19.6
4825,hold,19.45
4826,hold,19.35
4827,hold,19.3
4828,hold,19.45
4829,hold,19.5
4830,hold,19.35
4831,hold,19.1
4832,sell,18.9
4833,hold,19.0
4834,hold,19.05
4835,buy,19.2
4836,hold,19.0
4837,hold,18.8
4838,sell,18.85
4839,buy,19.05
4840,hold,19.3
4841,hold,19.2
4842,hold,19.4
4843,hold,18.3
4844,sell,18.35
4845,hold,18.55
4846,buy,18.4
4847,hold,18.45
4848,hold,18.6
4849,hold,18.5
4850,hold,18.15
4851,hold,18.3
4852,hold,18.25
4853,hold,18.4
4854,hold,18.35
4855,hold,18.25
4856,hold,18.45
4857,hold,18.25
4858,hold,18.15
4859,hold,17.95
4860,hold,17.95
4861,hold,17.8
4862,hold,17.8
4863,sell,17.9
4864,buy,17.75
4865,hold,18.0
4866,hold,17.9
4867,hold,17.9
4868,hold,18.0
4869,hold,18.0
4870,hold,17.9
4871,hold,18.1
4872,hold,17.8
4873,hold,17.65
4874,hold,17.45
4875,sell,16.9
4876,hold,17.15
4877,hold,17.5
4878,buy,17.45
4879,hold,17.35
4880,hold,17.4
4881,hold,17.6
4882,hold,17.5
4883,hold,17.55
4884,hold,17.6
4885,hold,17.4
4886,hold,17.45
4887,hold,17.3
4888,hold,17.2
4889,hold,17.3
4890,hold,17.35
4891,hold,17.3
4892,hold,17.1
4893,hold,17.3
4894,hold,17.4
4895,hold,17.45
4896,hold,17.3
4897,hold,17.1
4898,sell,17.05
4899,hold,17.25
4900,buy,17.4
4901,hold,17.4
4902,hold,17.55
4903,hold,17.65
4904,hold,17.8
4905,hold,17.95
4906,hold,18.05
4907,hold,17.95
4908,hold,17.9
4909,hold,18.0
4910,hold,18.0
4911,hold,18.05
4912,hold,17.95
4913,hold,17.8
4914,hold,17.95
4915,hold,17.8
4916,hold,17.9
4917,hold,17.95
4918,hold,17.8
4919,hold,17.8
4920,hold,17.75
4921,hold,17.6
4922,hold,17.65
4923,hold,17.75
4924,hold,17.7
4925,hold,17.3
4926,sell,17.1
4927,hold,17.25
4928,hold,17.35
4929,buy,17.2
4930,hold,17.0
4931,sell,17.35
4932,buy,17.3
4933,hold,17.15
4934,hold,17.4
4935,hold,17.15
4936,hold,17.15
4937,hold,17.3
4938,hold,17.35
4939,hold,17.6
4940,hold,17.55
4941,hold,17.95
4942,hold,17.95
4943,hold,17.8
4944,hold,17.7
4945,hold,17.6
4946,hold,17.7
4947,hold,17.95
4948,hold,17.95
4949,hold,17.7
4950,hold,17.95
4951,hold,17.9
4952,hold,17.7
4953,hold,17.55
4954,hold,17.75
4955,hold,17.1
4956,sell,17.1
4957,hold,17.0
4958,hold,17.15
4959,buy,17.0
4960,sell,16.95
4961,buy,16.8
4962,sell,16.55
4963,hold,16.7
4964,buy,16.85
4965,hold,16.85
4966,hold,16.75
4967,hold,16.9
4968,hold,17.05
4969,hold,17.1
4970,hold,17.05
4971,hold,17.05
4972,hold,17.3
4973,hold,17.2
4974,hold,17.4
4975,hold,17.05
4976,hold,17.0
4977,hold,17.25
4978,hold,17.05
4979,hold,17.1
4980,hold,17.1
4981,hold,17.35
4982,hold,17.4
4983,hold,17.4
4984,hold,17.4
4985,hold,17.4
4986,hold,17.45
4987,hold,17.2
4988,hold,17.3
4989,hold,17.2
4990,hold,17.2
4991,hold,17.15
4992,hold,17.25
4993,hold,17.2
4994,hold,17.4
4995,hold,17.5
4996,hold,17.5
4997,hold,17.55
4998,hold,17.5
4999,hold,17.5
5000,hold,17.5
5001,hold,17.5
5002,hold,17.4
5003,hold,17.45
5004,hold,17.6
5005,hold,17.55
5006,hold,17.7
5007,hold,17.8
5008,hold,18.2
5009,hold,18.1
5010,hold,18.0
5011,hold,17.9
5012,hold,18.0
5013,hold,18.0
5014,hold,18.0
5015,hold,18.0
5016,hold,17.9
5017,hold,17.65
5018,hold,17.55
5019,hold,17.6
5020,hold,17.65
5021,hold,17.85
5022,hold,18.0
5023,hold,17.6
5024,hold,16.8
5025,sell,16.65
5026,hold,16.75
5027,hold,16.35
5028,hold,16.7
5029,buy,16.5
5030,hold,16.4
5031,hold,16.65
5032,hold,16.7
5033,hold,16.6
5034,hold,16.9
5035,hold,16.85
5036,hold,16.9
5037,sell,16.85
