0,buy,17.1
1,hold,17.2
2,hold,17.3
3,hold,17.1
4,hold,17.3
5,hold,17.3
6,hold,17.3
7,hold,17.4
8,hold,18.0
9,hold,17.8
10,hold,18.2
11,hold,18.8
12,hold,18.5
13,hold,17.9
14,hold,18.5
15,hold,18.2
16,hold,18.0
17,hold,18.0
18,hold,18.1
19,hold,18.7
20,hold,19.5
21,hold,19.6
22,hold,19.3
23,hold,19.5
24,hold,20.8
25,hold,22.2
26,hold,22.6
27,hold,21.8
28,hold,22.6
29,hold,22.5
30,hold,22.2
31,hold,22.0
32,hold,22.1
33,hold,22.0
34,hold,22.7
35,hold,24.2
36,hold,24.2
37,hold,24.3
38,hold,24.5
39,hold,24.0
40,hold,23.2
41,hold,23.8
42,hold,23.2
43,hold,23.2
44,hold,23.0
45,hold,21.4
46,hold,21.1
47,sell,20.9
48,hold,21.7
49,hold,21.2
50,hold,19.8
51,hold,19.0
52,hold,19.0
53,hold,18.7
54,hold,18.3
55,hold,19.5
56,buy,20.3
57,hold,20.6
58,hold,20.4
59,hold,20.6
60,hold,21.4
61,hold,20.8
62,hold,20.7
63,sell,21.0
64,buy,20.8
65,hold,22.2
66,hold,22.4
67,hold,22.1
68,hold,21.6
69,hold,21.9
70,hold,21.9
71,hold,21.8
72,hold,22.2
73,hold,21.6
74,hold,21.5
75,hold,21.0
76,hold,20.8
77,sell,21.1
78,hold,20.0
79,hold,19.0
80,hold,18.6
81,hold,19.2
82,buy,17.9
83,sell,18.3
84,hold,18.5
85,hold,17.7
86,hold,18.2
87,hold,18.2
88,hold,17.9
89,hold,17.6
90,hold,16.6
91,hold,17.2
92,hold,18.4
93,hold,18.0
94,hold,18.8
95,hold,18.5
96,hold,18.3
97,hold,18.6
98,hold,18.5
99,hold,19.0
100,hold,18.4
101,hold,18.6
102,hold,18.2
103,hold,17.7
104,hold,17.9
105,hold,19.1
106,hold,19.4
107,hold,19.7
108,hold,19.9
109,hold,19.1
110,hold,17.8
111,hold,18.3
112,hold,17.8
113,hold,18.0
114,hold,18.2
115,hold,18.2
116,hold,19.4
117,hold,19.5
118,hold,19.5
119,hold,18.9
120,hold,19.1
121,hold,19.0
122,hold,19.0
123,hold,18.8
124,hold,18.5
125,hold,18.7
126,hold,18.7
127,hold,18.6
128,hold,18.7
129,hold,18.7
130,hold,18.8
131,hold,18.4
132,hold,18.1
133,hold,17.9
134,hold,17.9
135,buy,17.0
136,sell,17.1
137,hold,17.1
138,hold,16.9
139,hold,16.9
140,hold,17.3
141,hold,17.2
142,hold,16.9
143,hold,17.0
144,hold,16.8
145,hold,16.9
146,hold,16.6
147,hold,16.6
148,buy,16.9
149,hold,16.9
150,hold,17.4
151,hold,17.1
152,hold,17.2
153,sell,17.3
154,buy,17.1
155,hold,17.1
156,sell,17.3
157,buy,17.9
158,hold,18.2
159,hold,18.2
160,hold,19.0
161,hold,18.9
162,hold,18.9
163,hold,18.5
164,hold,19.0
165,hold,18.9
166,hold,18.9
167,hold,18.8
168,hold,19.2
169,hold,19.2
170,hold,19.3
171,hold,19.4
172,hold,19.4
173,hold,19.2
174,hold,18.8
175,hold,18.9
176,hold,18.5
177,hold,18.6
178,hold,19.1
179,hold,19.2
180,hold,19.1
181,hold,18.8
182,hold,19.0
183,hold,19.0
184,hold,19.0
185,hold,19.3
186,hold,20.6
187,hold,20.8
188,hold,20.5
189,hold,21.1
190,hold,21.3
191,hold,21.1
192,hold,20.4
193,hold,20.7
194,hold,19.9
195,hold,20.3
196,hold,19.9
197,hold,19.5
198,hold,20.6
199,hold,20.6
200,hold,20.6
201,hold,20.1
202,hold,20.0
203,hold,19.8
204,hold,19.9
205,sell,20.0
206,buy,20.1
207,hold,20.4
208,hold,20.5
209,hold,21.3
210,hold,21.1
211,hold,20.8
212,sell,21.2
213,hold,20.7
214,hold,21.3
215,hold,21.0
216,hold,21.2
217,hold,21.7
218,hold,21.8
219,hold,22.0
220,hold,21.0
221,hold,21.2
222,hold,21.0
223,hold,20.4
224,hold,19.8
225,hold,19.7
226,hold,20.1
227,buy,19.8
228,hold,20.0
229,sell,20.3
230,buy,20.4
231,hold,20.5
232,hold,20.3
233,sell,20.4
234,buy,20.2
235,hold,19.8
236,sell,20.2
237,hold,20.4
238,hold,20.7
239,hold,20.6
240,buy,20.5
241,hold,20.5
242,hold,20.7
243,hold,20.5
244,hold,20.8
245,hold,20.5
246,hold,20.5
247,hold,21.4
248,hold,21.3
249,hold,22.0
250,hold,21.9
251,hold,21.7
252,hold,21.3
253,hold,21.5
254,hold,21.3
255,hold,21.3
256,hold,21.5
257,hold,20.8
258,hold,20.6
259,sell,21.2
260,hold,21.2
261,hold,21.2
262,hold,21.3
263,hold,20.9
264,hold,20.7
265,hold,20.4
266,hold,20.5
267,hold,20.5
268,buy,20.4
269,hold,20.8
270,hold,21.2
271,hold,20.9
272,hold,21.4
273,hold,21.8
274,hold,21.7
275,hold,21.4
276,sell,21.4
277,hold,21.4
278,hold,21.1
279,hold,21.3
280,hold,21.1
281,hold,21.0
282,hold,21.0
283,hold,21.5
284,hold,21.75
285,hold,21.35
286,hold,21.2
287,hold,21.1
288,hold,21.1
289,hold,20.6
290,hold,20.8
291,hold,20.55
292,hold,20.65
293,hold,20.4
294,hold,20.4
295,hold,20.45
296,hold,20.75
297,hold,20.6
298,hold,20.5
299,hold,19.6
300,hold,19.2
301,hold,19.2
302,hold,19.25
303,hold,18.8
304,hold,18.05
305,hold,18.3
306,hold,18.15
307,hold,18.0
308,hold,17.45
309,hold,17.8
310,hold,17.55
311,hold,17.7
312,hold,17.55
313,hold,18.05
314,hold,17.85
315,hold,17.7
316,hold,17.35
317,hold,16.9
318,hold,17.1
319,hold,17.0
320,hold,17.7
321,hold,17.5
322,hold,17.35
323,hold,17.25
324,hold,17.2
325,hold,17.5
326,hold,17.25
327,hold,17.3
328,hold,17.1
329,hold,17.7
330,hold,17.8
331,hold,17.55
332,hold,17.9
333,hold,17.8
334,hold,17.75
335,hold,18.15
336,hold,17.7
337,hold,17.55
338,hold,17.8
339,hold,17.9
340,hold,17.5
341,hold,17.2
342,hold,17.2
343,hold,17.1
344,hold,17.45
345,hold,17.5
346,hold,17.55
347,hold,17.7
348,hold,17.3
349,hold,17.3
350,hold,17.5
351,hold,17.8
352,hold,17.65
353,hold,17.65
354,hold,17.6
355,hold,18.1
356,hold,18.15
357,hold,17.75
358,hold,17.95
359,hold,17.9
360,hold,17.9
361,hold,17.9
362,hold,17.7
363,hold,18.0
364,hold,18.45
365,hold,18.3
366,hold,18.15
367,hold,18.2
368,hold,18.0
369,hold,17.85
370,hold,17.85
371,hold,17.7
372,hold,17.65
373,hold,17.75
374,hold,17.6
375,hold,17.7
376,hold,17.55
377,hold,17.5
378,hold,17.9
379,hold,17.85
380,hold,18.05
381,buy,17.95
382,hold,18.4
383,hold,18.35
384,hold,18.6
385,hold,19.9
386,hold,19.35
387,sell,19.0
388,hold,18.75
389,hold,18.8
390,hold,19.0
391,buy,18.8
392,hold,18.9
393,sell,18.85
394,hold,18.5
395,hold,18.4
396,hold,18.3
397,hold,18.4
398,hold,18.5
399,hold,18.05
400,hold,18.0
401,hold,18.05
402,hold,17.9
403,hold,17.5
404,hold,17.7
405,hold,17.6
406,hold,17.2
407,hold,17.2
408,hold,17.45
409,hold,17.1
410,hold,17.25
411,hold,17.05
412,hold,17.4
413,hold,17.2
414,hold,17.3
415,hold,17.35
416,hold,17.2
417,hold,17.15
418,hold,16.8
419,hold,16.9
420,hold,16.9
421,hold,16.55
422,hold,16.45
423,hold,16.4
424,hold,16.85
425,hold,16.55
426,hold,16.35
427,hold,16.3
428,hold,16.35
429,hold,16.3
430,hold,16.3
431,hold,16.6
432,hold,16.9
433,hold,16.75
434,hold,16.7
435,hold,16.45
436,hold,16.55
437,hold,16.4
438,hold,16.45
439,hold,16.3
440,hold,16.45
441,hold,17.0
442,hold,16.25
443,hold,16.55
444,hold,16.2
445,hold,15.85
446,hold,15.8
447,hold,15.1
448,hold,15.25
449,hold,15.45
450,hold,15.2
451,hold,14.75
452,hold,15.3
453,hold,15.0
454,hold,15.0
455,hold,14.85
456,hold,15.0
457,hold,14.65
458,hold,14.9
459,hold,15.45
460,hold,15.7
461,hold,15.85
462,hold,15.95
463,hold,15.5
464,hold,15.35
465,hold,15.3
466,hold,15.45
467,hold,15.55
468,buy,15.45
469,hold,15.55
470,hold,15.45
471,hold,15.45
472,hold,16.0
473,hold,16.0
474,hold,15.75
475,hold,15.65
476,hold,16.15
477,hold,16.55
478,hold,16.95
479,hold,16.9
480,hold,16.2
481,hold,16.2
482,hold,16.3
483,hold,16.25
484,hold,16.15
485,hold,16.35
486,hold,16.7
487,hold,16.8
488,hold,16.75
489,hold,16.9
490,hold,16.45
491,hold,16.7
492,hold,16.5
493,hold,16.45
494,hold,16.3
495,hold,16.45
496,hold,16.4
497,hold,15.75
498,sell,16.2
499,hold,16.0
500,buy,16.4
501,hold,16.2
502,hold,16.45
503,hold,16.35
504,hold,16.65
505,hold,16.65
506,hold,16.5
507,hold,16.35
508,hold,16.75
509,hold,16.3
510,hold,17.3
511,hold,17.4
512,hold,17.6
513,hold,17.85
514,hold,17.65
515,hold,18.45
516,hold,18.95
517,hold,18.8
518,hold,18.4
519,hold,18.35
520,hold,18.65
521,hold,18.6
522,hold,18.9
523,hold,18.85
524,hold,18.85
525,hold,19.15
526,hold,19.55
527,hold,19.5
528,hold,18.75
529,hold,18.6
530,hold,18.75
531,hold,18.7
532,hold,18.95
533,hold,18.75
534,hold,18.55
535,hold,18.45
536,hold,17.6
537,sell,17.75
538,hold,17.6
539,hold,17.5
540,hold,17.9
541,hold,17.4
542,hold,17.5
543,hold,17.35
544,hold,17.8
545,hold,17.45
546,hold,17.3
547,hold,17.15
548,hold,17.25
549,buy,17.5
550,hold,17.5
551,hold,17.35
552,hold,17.4
553,sell,17.65
554,buy,17.75
555,hold,17.8
556,hold,17.9
557,hold,18.2
558,hold,18.4
559,hold,18.5
560,hold,18.5
561,hold,18.35
562,hold,19.05
563,hold,19.25
564,hold,19.1
565,hold,19.15
566,hold,19.0
567,hold,19.05
568,hold,18.8
569,hold,19.0
570,hold,19.4
571,hold,19.9
572,hold,20.5
573,hold,20.65
574,hold,20.7
575,hold,20.95
576,hold,22.2
577,hold,22.45
578,hold,23.8
579,hold,22.9
580,hold,22.05
581,hold,22.6
582,hold,23.05
583,hold,21.95
584,hold,21.85
585,hold,22.9
586,hold,22.2
587,hold,22.8
588,hold,21.9
589,hold,21.45
590,hold,21.8
591,hold,21.85
592,hold,21.85
593,hold,21.8
594,hold,20.95
595,sell,20.95
596,hold,21.45
597,buy,21.2
598,hold,21.3
599,sell,21.35
600,buy,20.7
601,sell,21.35
602,hold,21.9
603,buy,21.6
604,hold,21.8
605,hold,21.9
606,hold,22.9
607,hold,23.85
608,hold,24.2
609,hold,23.9
610,sell,23.05
611,hold,22.85
612,hold,23.1
613,hold,22.8
614,hold,22.2
615,hold,22.65
616,hold,22.95
617,hold,22.95
618,hold,22.9
619,hold,22.6
620,hold,22.75
621,hold,22.75
622,hold,22.85
623,buy,22.6
624,sell,23.35
625,hold,23.65
626,hold,22.9
627,hold,22.15
628,hold,22.3
629,hold,21.7
630,hold,22.0
631,hold,21.75
632,hold,21.5
633,hold,21.8
634,hold,21.7
635,hold,21.65
636,hold,21.4
637,hold,21.0
638,hold,20.6
639,hold,20.75
640,hold,20.6
641,hold,20.85
642,hold,20.65
643,hold,20.95
644,hold,20.85
645,hold,20.15
646,hold,20.15
647,hold,20.15
648,hold,20.35
649,hold,20.9
650,hold,20.8
651,hold,20.55
652,hold,19.6
653,hold,19.6
654,hold,19.15
655,hold,19.7
656,hold,19.65
657,hold,19.55
658,hold,19.15
659,hold,19.2
660,hold,19.5
661,hold,19.25
662,hold,19.5
663,hold,19.8
664,hold,19.45
665,hold,19.25
666,hold,19.2
667,hold,19.05
668,hold,18.6
669,hold,18.7
670,hold,18.6
671,buy,19.05
672,hold,19.6
673,hold,20.05
674,hold,19.6
675,hold,19.5
676,hold,19.45
677,hold,19.8
678,hold,19.9
679,hold,20.15
680,hold,19.85
681,hold,19.95
682,hold,20.9
683,hold,20.7
684,hold,20.7
685,hold,20.8
686,hold,21.2
687,hold,20.9
688,hold,20.85
689,hold,20.7
690,hold,20.45
691,hold,19.85
692,hold,19.7
693,sell,19.7
694,hold,19.95
695,buy,20.0
696,hold,20.15
697,hold,19.85
698,sell,20.2
699,hold,20.3
700,buy,20.25
701,hold,20.65
702,hold,20.55
703,hold,20.65
704,hold,20.75
705,hold,20.2
706,hold,21.05
707,hold,21.0
708,hold,21.3
709,hold,21.2
710,hold,21.25
711,hold,21.45
712,hold,21.5
713,hold,21.0
714,hold,20.85
715,hold,21.05
716,hold,21.0
717,hold,21.2
718,hold,21.7
719,hold,21.55
720,hold,21.8
721,hold,21.8
722,hold,21.75
723,hold,22.0
724,hold,22.0
725,hold,22.4
726,hold,22.6
727,hold,22.35
728,hold,23.1
729,hold,22.95
730,hold,22.95
731,hold,21.95
732,hold,22.0
733,hold,22.1
734,hold,22.45
735,hold,22.7
736,hold,22.4
737,hold,22.55
738,hold,22.4
739,hold,22.35
740,hold,22.25
741,hold,22.55
742,hold,22.3
743,hold,22.3
744,hold,22.75
745,hold,23.3
746,hold,23.2
747,hold,23.2
748,hold,23.0
749,hold,22.7
750,hold,22.75
751,hold,22.25
752,hold,21.9
753,sell,22.4
754,hold,22.6
755,hold,22.35
756,hold,22.0
757,hold,22.5
758,hold,22.5
759,hold,22.1
760,hold,21.85
761,hold,22.1
762,hold,22.1
763,buy,22.45
764,hold,22.35
765,hold,22.35
766,hold,22.65
767,hold,22.3
768,hold,22.9
769,hold,23.15
770,hold,23.2
771,hold,23.2
772,sell,23.3
773,hold,23.2
774,hold,22.7
775,hold,22.45
776,hold,22.4
777,hold,22.3
778,hold,21.9
779,hold,20.95
780,hold,20.45
781,hold,20.65
782,hold,19.8
783,hold,19.9
784,hold,19.45
785,hold,20.0
786,hold,20.0
787,hold,20.1
788,hold,20.0
789,hold,19.6
790,hold,19.95
791,hold,20.3
792,hold,20.15
793,hold,20.1
794,hold,20.1
795,hold,20.3
796,hold,20.4
797,hold,20.25
798,hold,19.9
799,hold,19.45
800,hold,19.45
801,hold,19.95
802,hold,19.7
803,hold,19.95
804,hold,20.35
805,hold,20.35
806,hold,20.25
807,hold,20.3
808,hold,20.0
809,hold,19.85
810,hold,20.1
811,hold,20.1
812,hold,20.0
813,hold,20.1
814,hold,19.8
815,hold,19.8
816,hold,19.8
817,hold,19.7
818,hold,19.6
819,hold,19.65
820,hold,19.65
821,hold,19.6
822,hold,19.4
823,hold,19.05
824,hold,19.4
825,hold,19.4
826,hold,19.3
827,hold,19.1
828,hold,19.15
829,hold,19.05
830,hold,18.9
831,hold,18.95
832,hold,19.1
833,hold,19.2
834,hold,18.95
835,hold,19.15
836,hold,19.0
837,hold,19.5
838,hold,19.45
839,hold,19.4
840,hold,19.5
841,hold,19.5
842,hold,19.25
843,hold,18.8
844,hold,19.2
845,hold,19.1
846,buy,19.05
847,sell,19.2
848,buy,19.1
849,hold,19.15
850,sell,19.1
851,hold,19.3
852,buy,19.5
853,hold,20.2
854,hold,20.25
855,hold,20.5
856,hold,20.5
857,hold,20.15
858,hold,20.05
859,hold,20.1
860,hold,20.55
861,hold,20.5
862,hold,21.0
863,hold,20.8
864,hold,21.0
865,hold,21.45
866,hold,21.9
867,hold,22.1
868,hold,22.15
869,hold,22.65
870,hold,22.3
871,hold,22.2
872,hold,22.55
873,hold,22.6
874,hold,22.6
875,hold,22.4
876,hold,23.05
877,hold,22.2
878,hold,22.5
879,hold,22.2
880,hold,22.5
881,hold,22.05
882,hold,21.8
883,hold,20.5
884,sell,21.05
885,hold,21.15
886,hold,19.85
887,hold,20.05
888,hold,20.4
889,buy,20.0
890,hold,20.25
891,sell,20.85
892,hold,20.85
893,hold,19.9
894,hold,19.9
895,hold,20.0
896,hold,19.7
897,buy,19.3
898,hold,18.75
899,sell,19.4
900,buy,19.05
901,hold,19.35
902,hold,19.75
903,hold,19.6
904,hold,19.85
905,hold,19.85
906,hold,19.5
907,hold,19.85
908,hold,20.7
909,hold,20.8
910,hold,20.5
911,hold,20.45
912,hold,20.5
913,hold,20.35
914,hold,20.1
915,hold,20.2
916,hold,20.15
917,hold,20.55
918,hold,21.5
919,hold,21.2
920,hold,21.8
921,hold,21.6
922,hold,22.0
923,hold,22.0
924,hold,22.0
925,hold,21.5
926,hold,21.8
927,hold,21.65
928,hold,22.1
929,hold,22.75
930,hold,22.05
931,hold,21.95
932,hold,22.2
933,hold,21.5
934,hold,21.95
935,hold,21.35
936,hold,21.9
937,hold,21.75
938,hold,22.0
939,hold,22.05
940,hold,22.05
941,hold,21.4
942,hold,21.8
943,hold,21.9
944,hold,22.05
945,hold,22.3
946,hold,21.8
947,hold,21.8
948,hold,21.6
949,hold,21.55
950,sell,21.35
951,hold,21.45
952,hold,21.3
953,hold,21.1
954,hold,20.1
955,hold,20.25
956,hold,19.9
957,hold,19.7
958,hold,19.9
959,hold,19.35
960,hold,19.1
961,hold,19.1
962,hold,19.3
963,hold,18.8
964,hold,18.9
965,hold,18.55
966,hold,18.75
967,hold,18.9
968,hold,18.65
969,hold,19.0
970,hold,19.05
971,hold,18.85
972,hold,18.85
973,hold,18.9
974,hold,19.15
975,hold,19.35
976,hold,18.8
977,hold,19.35
978,hold,19.35
979,hold,19.3
980,hold,19.05
981,hold,18.5
982,hold,17.95
983,hold,17.65
984,hold,16.75
985,hold,16.8
986,hold,17.05
987,buy,16.75
988,hold,16.85
989,sell,17.25
990,buy,17.6
991,hold,17.75
992,hold,17.5
993,hold,17.5
994,sell,17.9
995,buy,17.4
996,hold,17.65
997,hold,17.8
998,hold,17.85
999,hold,17.75
1000,sell,18.55
1001,hold,19.8
1002,hold,19.5
1003,hold,18.95
1004,hold,19.0
1005,hold,19.35
1006,hold,18.0
1007,hold,17.45
1008,hold,18.0
1009,hold,18.0
1010,buy,17.45
1011,sell,17.95
1012,hold,17.5
1013,buy,17.55
1014,sell,17.8
1015,buy,17.2
1016,sell,17.4
1017,hold,18.0
1018,buy,18.15
1019,hold,18.05
1020,hold,18.25
1021,hold,17.7
1022,sell,18.3
1023,buy,18.3
1024,hold,19.2
1025,hold,19.1
1026,hold,19.5
1027,hold,19.75
1028,hold,19.5
1029,hold,20.2
1030,hold,20.1
1031,hold,20.05
1032,hold,19.5
1033,hold,19.3
1034,hold,19.8
1035,hold,20.0
1036,hold,19.5
1037,hold,19.45
1038,hold,19.3
1039,hold,19.2
1040,hold,19.6
1041,hold,20.55
1042,hold,21.0
1043,hold,22.45
1044,hold,22.6
1045,hold,23.45
1046,hold,23.0
1047,hold,23.15
1048,hold,22.95
1049,hold,22.15
1050,hold,22.7
1051,hold,22.3
1052,hold,22.95
1053,hold,22.55
1054,hold,23.0
1055,hold,23.6
1056,hold,24.55
1057,hold,24.6
1058,hold,24.4
1059,hold,26.1
1060,hold,25.6
1061,hold,25.8
1062,hold,25.1
1063,hold,25.05
1064,hold,25.05
1065,hold,25.2
1066,hold,24.8
1067,hold,25.55
1068,hold,24.85
1069,hold,24.45
1070,hold,24.5
1071,hold,23.7
1072,hold,23.15
1073,sell,23.2
1074,buy,23.2
1075,hold,22.95
1076,sell,23.4
1077,hold,23.6
1078,hold,23.4
1079,hold,24.25
1080,hold,24.8
1081,hold,25.0
1082,hold,23.6
1083,hold,23.05
1084,hold,23.2
1085,hold,23.5
1086,buy,22.9
1087,sell,23.2
1088,hold,23.65
1089,buy,23.8
1090,hold,24.7
1091,hold,24.5
1092,hold,23.85
1093,sell,23.9
1094,hold,24.0
1095,hold,23.9
1096,hold,23.3
1097,hold,22.0
1098,hold,22.4
1099,hold,21.4
1100,hold,22.0
1101,hold,21.9
1102,hold,22.3
1103,hold,22.55
1104,hold,22.2
1105,hold,21.8
1106,hold,22.0
1107,hold,21.8
1108,hold,22.1
1109,hold,21.8
1110,hold,21.1
1111,hold,21.6
1112,hold,20.55
1113,hold,19.8
1114,hold,20.2
1115,hold,20.15
1116,hold,20.45
1117,hold,19.5
1118,hold,19.5
1119,hold,19.2
1120,hold,19.45
1121,hold,18.95
1122,hold,18.0
1123,hold,17.7
1124,hold,17.95
1125,buy,17.3
1126,hold,18.5
1127,hold,18.5
1128,hold,19.7
1129,hold,19.3
1130,hold,19.1
1131,sell,18.65
1132,hold,18.65
1133,hold,18.7
1134,buy,18.6
1135,hold,18.8
1136,hold,18.1
1137,sell,18.8
1138,hold,18.5
1139,hold,19.2
1140,hold,19.3
1141,hold,19.2
1142,hold,19.15
1143,hold,19.05
1144,hold,19.1
1145,hold,18.3
1146,hold,18.4
1147,hold,18.95
1148,buy,18.35
1149,hold,18.4
1150,sell,18.7
1151,hold,18.4
1152,hold,18.75
1153,hold,18.7
1154,hold,18.8
1155,hold,18.15
1156,hold,17.95
1157,hold,17.6
1158,hold,17.05
1159,hold,16.3
1160,hold,17.4
1161,hold,17.4
1162,hold,18.0
1163,hold,17.2
1164,hold,17.4
1165,hold,16.2
1166,hold,15.35
1167,hold,15.55
1168,hold,14.5
1169,hold,15.5
1170,hold,15.85
1171,hold,16.15
1172,hold,16.2
1173,hold,16.2
1174,hold,15.85
1175,hold,15.9
1176,hold,15.65
1177,hold,15.7
1178,hold,15.6
1179,hold,14.55
1180,hold,13.8
1181,hold,12.85
1182,hold,12.5
1183,hold,12.1
1184,hold,12.9
1185,hold,12.45
1186,hold,12.05
1187,hold,12.1
1188,hold,12.1
1189,hold,12.3
1190,hold,11.9
1191,hold,11.5
1192,hold,11.1
1193,hold,11.1
1194,hold,11.1
1195,hold,11.15
1196,hold,11.9
1197,hold,12.65
1198,hold,13.15
1199,hold,13.15
1200,hold,12.8
1201,hold,11.95
1202,hold,12.35
1203,hold,12.5
1204,hold,12.25
1205,hold,12.25
1206,hold,12.25
1207,hold,12.25
1208,hold,12.25
1209,hold,11.8
1210,hold,11.8
1211,hold,11.0
1212,hold,11.0
1213,hold,11.0
1214,hold,11.2
1215,hold,11.25
1216,hold,12.0
1217,hold,12.1
1218,hold,12.45
1219,buy,12.3
1220,hold,12.1
1221,sell,11.8
1222,hold,11.8
1223,hold,12.6
1224,hold,12.7
1225,hold,13.05
1226,hold,12.7
1227,hold,12.05
1228,hold,12.45
1229,hold,12.55
1230,hold,12.65
1231,hold,12.7
1232,hold,12.65
1233,hold,12.15
1234,hold,11.7
1235,hold,12.2
1236,hold,12.4
1237,hold,12.2
1238,hold,12.2
1239,hold,12.75
1240,hold,12.8
1241,hold,13.0
1242,hold,12.8
1243,hold,12.8
1244,hold,12.0
1245,hold,11.9
1246,hold,11.8
1247,hold,11.7
1248,hold,11.9
1249,hold,12.0
1250,hold,11.45
1251,hold,11.35
1252,hold,11.45
1253,hold,11.3
1254,hold,10.75
1255,hold,10.6
1256,hold,10.25
1257,hold,10.5
1258,hold,10.45
1259,hold,10.3
1260,hold,10.35
1261,hold,10.25
1262,hold,10.3
1263,hold,10.35
1264,hold,10.2
1265,hold,10.5
1266,hold,10.35
1267,hold,10.2
1268,hold,10.05
1269,hold,9.92
1270,hold,9.82
1271,hold,9.62
1272,hold,9.52
1273,hold,10.15
1274,hold,10.0
1275,hold,10.2
1276,hold,9.63
1277,hold,9.67
1278,hold,9.71
1279,hold,10.15
1280,hold,10.0
1281,hold,9.8
1282,hold,9.93
1283,hold,10.2
1284,buy,10.0
1285,hold,10.4
1286,hold,10.6
1287,hold,11.25
1288,hold,10.95
1289,hold,11.0
1290,hold,10.7
1291,hold,11.05
1292,hold,11.4
1293,hold,11.4
1294,hold,11.75
1295,hold,12.0
1296,hold,11.2
1297,hold,11.4
1298,hold,11.95
1299,hold,12.75
1300,hold,13.15
1301,hold,13.5
1302,hold,13.35
1303,hold,12.55
1304,hold,13.4
1305,hold,13.75
1306,hold,13.75
1307,hold,13.8
1308,hold,13.65
1309,hold,14.4
1310,hold,13.4
1311,hold,13.35
1312,hold,13.5
1313,hold,13.2
1314,hold,13.0
1315,hold,13.05
1316,hold,12.4
1317,hold,12.25
1318,sell,12.5
1319,hold,13.35
1320,buy,14.25
1321,hold,14.55
1322,hold,14.7
1323,hold,14.45
1324,hold,14.1
1325,hold,14.3
1326,hold,13.6
1327,hold,13.9
1328,hold,13.45
1329,hold,13.95
1330,hold,14.35
1331,hold,15.35
1332,hold,15.65
1333,hold,15.0
1334,hold,15.05
1335,hold,15.75
1336,hold,15.15
1337,hold,16.2
1338,hold,16.2
1339,hold,16.0
1340,hold,15.65
1341,hold,15.3
1342,hold,15.4
1343,hold,15.65
1344,hold,14.8
1345,hold,14.15
1346,sell,14.4
1347,hold,14.6
1348,hold,14.2
1349,hold,14.0
1350,hold,14.0
1351,hold,14.2
1352,buy,13.8
1353,hold,14.05
1354,hold,14.05
1355,hold,13.9
1356,hold,14.85
1357,hold,14.55
1358,hold,14.5
1359,hold,14.35
1360,hold,14.35
1361,sell,14.8
1362,hold,15.1
1363,hold,15.1
1364,hold,14.95
1365,hold,15.0
1366,hold,14.8
1367,hold,14.95
1368,hold,14.95
1369,buy,14.0
1370,sell,14.3
1371,hold,14.5
1372,hold,14.55
1373,hold,14.65
1374,hold,14.9
1375,hold,15.1
1376,hold,15.1
1377,hold,14.4
1378,hold,14.4
1379,hold,14.55
1380,hold,14.7
1381,buy,14.55
1382,hold,14.5
1383,sell,14.6
1384,hold,14.6
1385,hold,14.5
1386,hold,14.05
1387,hold,14.15
1388,hold,14.3
1389,hold,14.3
1390,hold,14.1
1391,hold,14.35
1392,hold,14.2
1393,hold,13.9
1394,hold,13.85
1395,hold,14.0
1396,hold,13.75
1397,hold,13.45
1398,hold,13.95
1399,hold,13.8
1400,hold,13.6
1401,hold,13.5
1402,hold,13.8
1403,buy,13.75
1404,hold,14.0
1405,hold,14.0
1406,hold,14.1
1407,hold,14.25
1408,hold,14.35
1409,hold,14.45
1410,hold,14.2
1411,hold,14.45
1412,hold,14.65
1413,hold,14.45
1414,hold,14.55
1415,hold,14.7
1416,hold,14.7
1417,hold,14.8
1418,hold,14.6
1419,hold,14.65
1420,hold,14.5
1421,hold,14.2
1422,hold,14.45
1423,hold,14.35
1424,hold,14.65
1425,hold,14.75
1426,hold,14.85
1427,hold,14.65
1428,hold,14.65
1429,hold,14.7
1430,hold,15.05
1431,hold,14.95
1432,hold,15.2
1433,hold,15.25
1434,hold,15.2
1435,hold,15.3
1436,hold,15.35
1437,hold,15.55
1438,hold,15.45
1439,hold,15.35
1440,hold,15.2
1441,hold,15.0
1442,hold,15.15
1443,hold,15.25
1444,hold,15.1
1445,hold,14.95
1446,hold,14.55
1447,sell,14.4
1448,hold,14.35
1449,hold,14.45
1450,hold,14.65
1451,hold,14.5
1452,hold,14.65
1453,hold,15.1
1454,hold,15.35
1455,hold,15.4
1456,hold,15.55
1457,hold,15.4
1458,hold,15.6
1459,hold,15.25
1460,hold,15.2
1461,hold,15.2
1462,hold,15.0
1463,hold,15.1
1464,hold,15.15
1465,hold,15.35
1466,hold,15.2
1467,hold,14.55
1468,hold,14.7
1469,hold,15.0
1470,hold,14.8
1471,hold,14.95
1472,hold,14.8
1473,hold,15.3
1474,hold,15.2
1475,hold,15.1
1476,hold,14.95
1477,hold,15.0
1478,hold,15.1
1479,hold,14.95
1480,hold,14.8
1481,hold,14.75
1482,hold,14.75
1483,hold,14.75
1484,hold,14.85
1485,hold,14.95
1486,hold,15.0
1487,hold,15.0
1488,hold,15.15
1489,buy,15.15
1490,hold,15.2
1491,hold,15.25
1492,hold,15.2
1493,hold,15.2
1494,sell,15.4
1495,buy,15.35
1496,hold,15.5
1497,sell,15.65
1498,hold,15.6
1499,hold,15.35
1500,hold,15.45
1501,hold,15.45
1502,hold,15.3
1503,hold,15.25
1504,hold,15.0
1505,hold,15.15
1506,hold,14.95
1507,hold,14.65
1508,hold,14.2
1509,hold,14.4
1510,hold,14.4
1511,hold,14.45
1512,hold,14.3
1513,hold,14.0
1514,hold,14.0
1515,hold,14.1
1516,hold,13.4
1517,hold,13.5
1518,hold,13.55
1519,buy,13.7
1520,hold,13.85
1521,hold,14.3
1522,hold,14.4
1523,hold,14.3
1524,hold,14.0
1525,sell,14.15
1526,hold,14.35
1527,buy,14.35
1528,hold,14.55
1529,hold,14.25
1530,sell,14.4
1531,hold,14.4
1532,buy,14.35
1533,sell,14.35
1534,hold,14.25
1535,hold,14.05
1536,hold,13.95
1537,hold,14.05
1538,hold,14.35
1539,hold,14.45
1540,hold,14.55
1541,hold,14.4
1542,hold,14.35
1543,hold,14.35
1544,hold,14.35
1545,hold,14.4
1546,buy,14.45
1547,hold,14.45
1548,hold,14.4
1549,sell,14.6
1550,buy,14.6
1551,hold,14.65
1552,hold,14.65
1553,sell,14.75
1554,hold,14.7
1555,hold,14.65
1556,hold,14.55
1557,hold,14.65
1558,hold,14.7
1559,hold,14.6
1560,hold,14.2
1561,hold,14.3
1562,hold,14.35
1563,hold,14.2
1564,hold,14.25
1565,hold,14.5
1566,hold,14.45
1567,hold,14.2
1568,hold,14.15
1569,hold,14.15
1570,hold,14.1
1571,hold,14.05
1572,hold,13.7
1573,hold,13.6
1574,hold,13.4
1575,hold,13.5
1576,hold,13.4
1577,hold,13.45
1578,hold,13.85
1579,hold,13.8
1580,hold,13.6
1581,hold,13.5
1582,hold,13.6
1583,hold,13.35
1584,hold,13.0
1585,hold,13.0
1586,hold,12.45
1587,hold,12.55
1588,hold,12.65
1589,buy,12.7
1590,hold,12.8
1591,hold,12.65
1592,hold,12.7
1593,sell,12.95
1594,hold,12.75
1595,hold,12.45
1596,hold,12.7
1597,hold,12.6
1598,buy,12.8
1599,hold,12.95
1600,hold,13.1
1601,hold,13.15
1602,hold,13.2
1603,hold,13.15
1604,hold,13.5
1605,hold,13.5
1606,hold,13.45
1607,hold,13.4
1608,hold,14.05
1609,hold,15.0
1610,hold,14.85
1611,hold,14.75
1612,hold,15.0
1613,hold,15.45
1614,hold,15.45
1615,hold,15.7
1616,hold,15.6
1617,hold,15.65
1618,hold,15.5
1619,hold,15.6
1620,hold,15.5
1621,hold,16.25
1622,hold,16.3
1623,hold,17.05
1624,hold,16.85
1625,hold,16.65
1626,hold,16.7
1627,hold,16.4
1628,hold,16.6
1629,hold,16.8
1630,hold,16.55
1631,hold,16.65
1632,hold,16.45
1633,hold,16.9
1634,hold,17.8
1635,hold,17.85
1636,hold,17.75
1637,hold,18.0
1638,hold,18.1
1639,hold,19.05
1640,hold,19.1
1641,hold,18.65
1642,hold,18.75
1643,hold,18.65
1644,hold,19.3
1645,hold,19.0
1646,hold,18.8
1647,hold,18.3
1648,hold,18.35
1649,hold,19.0
1650,hold,18.9
1651,hold,18.2
1652,hold,17.7
1653,hold,18.0
1654,hold,18.5
1655,hold,18.2
1656,hold,18.3
1657,hold,18.3
1658,hold,18.7
1659,hold,18.75
1660,hold,18.6
1661,hold,18.65
1662,hold,18.35
1663,hold,18.6
1664,hold,19.3
1665,hold,19.3
1666,hold,19.4
1667,hold,19.3
1668,hold,19.9
1669,hold,20.15
1670,hold,20.0
1671,hold,20.75
1672,hold,20.9
1673,hold,21.85
1674,hold,21.5
1675,hold,21.45
1676,hold,20.9
1677,hold,21.15
1678,hold,21.55
1679,hold,21.45
1680,hold,21.65
1681,hold,21.3
1682,hold,21.1
1683,hold,20.9
1684,hold,20.35
1685,hold,20.2
1686,hold,20.5
1687,hold,20.55
1688,hold,19.85
1689,sell,20.0
1690,hold,20.2
1691,buy,20.25
1692,hold,20.15
1693,hold,20.8
1694,hold,20.7
1695,hold,20.35
1696,hold,20.6
1697,hold,20.2
1698,hold,20.75
1699,hold,20.95
1700,hold,20.8
1701,hold,21.0
1702,sell,21.35
1703,hold,21.45
1704,hold,21.5
1705,hold,20.85
1706,hold,20.9
1707,hold,20.45
1708,hold,20.15
1709,hold,20.3
1710,hold,20.05
1711,hold,20.2
1712,hold,20.2
1713,buy,20.4
1714,hold,20.3
1715,hold,20.1
1716,sell,20.7
1717,hold,20.35
1718,hold,20.45
1719,hold,20.25
1720,hold,21.65
1721,buy,22.35
1722,hold,22.45
1723,hold,23.45
1724,hold,23.6
1725,hold,23.35
1726,hold,23.3
1727,hold,23.4
1728,hold,23.3
1729,hold,23.1
1730,hold,23.4
1731,hold,23.25
1732,hold,23.65
1733,hold,23.35
1734,hold,23.3
1735,hold,23.2
1736,hold,23.05
1737,hold,23.2
1738,hold,23.75
1739,hold,23.8
1740,hold,25.45
1741,hold,25.85
1742,hold,25.9
1743,hold,26.3
1744,hold,25.35
1745,hold,24.5
1746,hold,24.85
1747,hold,24.15
1748,hold,24.5
1749,hold,24.65
1750,hold,24.75
1751,hold,24.65
1752,hold,24.65
1753,hold,24.3
1754,hold,24.95
1755,hold,24.75
1756,hold,24.6
1757,hold,24.4
1758,hold,24.35
1759,hold,24.6
1760,hold,24.6
1761,hold,24.55
1762,hold,24.7
1763,hold,24.35
1764,hold,24.1
1765,sell,23.2
1766,hold,21.85
1767,hold,22.25
1768,hold,22.1
1769,hold,22.15
1770,hold,21.8
1771,hold,23.1
1772,hold,22.65
1773,hold,22.3
1774,hold,22.1
1775,hold,22.05
1776,hold,21.85
1777,hold,22.0
1778,hold,21.6
1779,hold,22.5
1780,hold,22.4
1781,hold,22.4
1782,hold,22.45
1783,hold,22.6
1784,hold,22.7
1785,hold,22.35
1786,hold,21.4
1787,hold,21.0
1788,hold,21.1
1789,hold,21.45
1790,buy,21.45
1791,hold,21.55
1792,hold,22.85
1793,hold,23.3
1794,hold,23.3
1795,hold,23.05
1796,hold,23.1
1797,hold,23.55
1798,hold,23.65
1799,hold,23.6
1800,hold,23.85
1801,hold,24.4
1802,hold,24.35
1803,hold,24.45
1804,hold,24.25
1805,hold,23.75
1806,hold,23.65
1807,hold,23.65
1808,hold,23.4
1809,hold,23.6
1810,hold,23.25
1811,hold,24.3
1812,hold,25.3
1813,hold,25.3
1814,hold,25.35
1815,hold,24.8
1816,hold,25.25
1817,hold,25.0
1818,hold,25.0
1819,hold,25.05
1820,hold,25.0
1821,hold,25.5
1822,hold,25.15
1823,hold,25.25
1824,hold,25.4
1825,hold,25.15
1826,hold,24.9
1827,hold,25.2
1828,hold,24.9
1829,hold,24.85
1830,hold,24.8
1831,hold,24.75
1832,hold,24.3
1833,sell,23.95
1834,hold,24.1
1835,hold,23.95
1836,hold,24.2
1837,hold,24.25
1838,hold,24.15
1839,hold,24.65
1840,hold,24.75
1841,hold,24.35
1842,hold,24.6
1843,hold,24.75
1844,hold,24.7
1845,hold,24.6
1846,hold,24.2
1847,hold,23.85
1848,hold,23.95
1849,hold,23.1
1850,hold,22.1
1851,hold,22.0
1852,hold,22.15
1853,hold,22.45
1854,hold,22.95
1855,hold,22.7
1856,hold,22.7
1857,hold,22.85
1858,hold,22.85
1859,hold,23.3
1860,hold,23.6
1861,hold,24.3
1862,hold,23.95
1863,hold,24.1
1864,hold,23.9
1865,hold,23.9
1866,hold,24.15
1867,hold,24.0
1868,hold,23.7
1869,hold,23.95
1870,hold,23.8
1871,hold,24.2
1872,hold,24.6
1873,hold,24.6
1874,hold,24.8
1875,hold,24.8
1876,hold,25.05
1877,hold,24.5
1878,hold,24.8
1879,hold,25.0
1880,hold,23.15
1881,hold,22.8
1882,hold,23.8
1883,hold,23.55
1884,hold,23.2
1885,hold,23.65
1886,hold,22.7
1887,hold,21.7
1888,hold,21.5
1889,hold,22.05
1890,hold,22.1
1891,hold,21.8
1892,hold,22.15
1893,hold,22.0
1894,hold,21.95
1895,hold,22.0
1896,hold,21.25
1897,hold,21.15
1898,hold,21.9
1899,hold,21.4
1900,hold,21.15
1901,hold,21.1
1902,hold,21.45
1903,hold,21.35
1904,hold,21.45
1905,hold,21.85
1906,hold,22.05
1907,hold,21.25
1908,hold,20.0
1909,hold,20.2
1910,hold,20.0
1911,hold,20.1
1912,hold,18.95
1913,hold,18.0
1914,hold,18.15
1915,hold,19.35
1916,hold,18.55
1917,hold,18.4
1918,hold,18.55
1919,hold,17.9
1920,hold,17.0
1921,hold,16.6
1922,hold,17.4
1923,hold,17.35
1924,hold,17.5
1925,hold,17.6
1926,hold,16.7
1927,hold,16.5
1928,hold,16.2
1929,hold,16.9
1930,hold,17.6
1931,hold,18.8
1932,hold,18.55
1933,hold,18.55
1934,hold,18.3
1935,hold,18.7
1936,hold,18.25
1937,hold,18.5
1938,hold,18.2
1939,hold,18.35
1940,hold,19.1
1941,hold,19.0
1942,hold,19.05
1943,hold,19.15
1944,hold,19.45
1945,hold,19.6
1946,hold,19.5
1947,hold,19.1
1948,hold,18.6
1949,hold,19.05
1950,hold,18.9
1951,hold,18.9
1952,hold,18.8
1953,hold,17.6
1954,hold,17.8
1955,hold,18.0
1956,hold,17.6
1957,hold,17.05
1958,hold,17.05
1959,hold,17.0
1960,hold,16.8
1961,hold,17.0
1962,hold,16.3
1963,hold,16.7
1964,hold,16.25
1965,hold,16.45
1966,hold,16.7
1967,hold,16.25
1968,hold,17.35
1969,hold,17.15
1970,hold,17.0
1971,hold,16.55
1972,hold,16.7
1973,hold,16.55
1974,hold,16.5
1975,hold,16.6
1976,hold,16.25
1977,hold,16.25
1978,hold,15.6
1979,hold,15.85
1980,hold,15.05
1981,hold,15.05
1982,hold,16.1
1983,buy,16.2
1984,hold,16.8
1985,hold,16.65
1986,hold,16.5
1987,hold,16.5
1988,sell,16.4
1989,hold,16.45
1990,hold,15.95
1991,hold,16.15
1992,hold,16.3
1993,hold,16.3
1994,hold,16.15
1995,hold,16.05
1996,hold,16.25
1997,hold,16.2
1998,buy,16.1
1999,sell,16.1
2000,hold,15.7
2001,hold,15.95
2002,hold,15.9
2003,buy,16.2
2004,hold,16.75
2005,hold,16.8
2006,hold,17.0
2007,hold,17.0
2008,hold,18.15
2009,hold,17.6
2010,hold,18.0
2011,hold,18.6
2012,hold,18.5
2013,hold,18.3
2014,hold,18.5
2015,hold,18.15
2016,hold,18.35
2017,hold,17.75
2018,hold,17.75
2019,hold,17.75
2020,hold,17.75
2021,hold,17.85
2022,hold,17.6
2023,hold,17.7
2024,hold,18.0
2025,hold,17.9
2026,hold,17.9
2027,hold,17.75
2028,hold,17.35
2029,sell,17.25
2030,hold,17.0
2031,hold,17.4
2032,hold,17.2
2033,hold,17.0
2034,hold,17.4
2035,hold,17.4
2036,hold,17.5
2037,hold,17.5
2038,hold,17.4
2039,hold,17.15
2040,hold,17.15
2041,hold,17.3
2042,hold,17.5
2043,hold,17.1
2044,hold,17.15
2045,hold,17.05
2046,hold,16.75
2047,hold,16.85
2048,hold,16.65
2049,hold,16.65
2050,hold,16.3
2051,hold,16.3
2052,hold,16.15
2053,hold,16.25
2054,hold,16.15
2055,hold,16.2
2056,hold,16.45
2057,hold,16.25
2058,hold,16.05
2059,hold,16.25
2060,hold,16.4
2061,hold,16.0
2062,hold,16.1
2063,hold,16.0
2064,hold,16.1
2065,hold,16.15
2066,hold,16.2
2067,hold,16.2
2068,hold,16.55
2069,hold,16.5
2070,hold,16.6
2071,hold,16.2
2072,hold,16.15
2073,hold,16.05
2074,hold,16.15
2075,hold,15.95
2076,hold,15.95
2077,hold,15.85
2078,hold,15.45
2079,hold,15.75
2080,buy,15.35
2081,sell,15.4
2082,hold,15.55
2083,hold,15.3
2084,hold,15.2
2085,hold,15.1
2086,hold,15.3
2087,hold,15.7
2088,hold,15.4
2089,hold,15.5
2090,hold,15.15
2091,hold,14.6
2092,hold,14.9
2093,hold,15.0
2094,buy,15.3
2095,hold,15.3
2096,hold,15.4
2097,hold,15.25
2098,sell,15.5
2099,buy,15.4
2100,hold,15.7
2101,hold,15.75
2102,hold,15.7
2103,sell,15.8
2104,hold,15.6
2105,hold,15.3
2106,hold,15.15
2107,hold,15.25
2108,hold,15.3
2109,hold,15.25
2110,hold,15.7
2111,buy,15.8
2112,hold,15.85
2113,hold,16.0
2114,hold,16.0
2115,hold,15.9
2116,sell,15.8
2117,hold,15.7
2118,hold,15.8
2119,hold,15.7
2120,hold,16.0
2121,buy,15.9
2122,hold,16.1
2123,hold,15.8
2124,sell,16.0
2125,hold,16.05
2126,buy,15.8
2127,sell,15.85
2128,hold,15.75
2129,hold,15.8
2130,hold,16.1
2131,buy,16.1
2132,hold,16.3
2133,hold,16.3
2134,hold,16.3
2135,hold,16.55
2136,hold,16.55
2137,hold,16.5
2138,sell,16.7
2139,hold,16.65
2140,hold,16.55
2141,hold,16.5
2142,hold,16.45
2143,hold,15.45
2144,hold,15.35
2145,hold,15.3
2146,hold,15.5
2147,hold,15.55
2148,hold,15.55
2149,hold,15.45
2150,hold,15.45
2151,hold,15.35
2152,hold,15.5
2153,hold,15.35
2154,hold,15.45
2155,hold,15.35
2156,hold,15.35
2157,hold,15.15
2158,hold,15.15
2159,hold,15.3
2160,hold,15.4
2161,hold,15.35
2162,hold,15.5
2163,hold,15.5
2164,hold,16.0
2165,hold,15.95
2166,hold,16.0
2167,hold,16.05
2168,hold,16.1
2169,hold,16.2
2170,hold,16.15
2171,hold,16.15
2172,hold,16.0
2173,hold,16.05
2174,hold,15.9
2175,hold,15.85
2176,hold,15.95
2177,hold,15.85
2178,hold,16.0
2179,hold,15.95
2180,hold,15.85
2181,hold,15.8
2182,hold,15.5
2183,hold,15.45
2184,hold,15.4
2185,hold,15.45
2186,hold,15.35
2187,hold,15.4
2188,hold,15.3
2189,hold,15.2
2190,hold,15.3
2191,hold,15.15
2192,hold,15.15
2193,hold,14.85
2194,hold,14.75
2195,hold,14.85
2196,buy,14.75
2197,hold,14.75
2198,hold,15.0
2199,hold,14.9
2200,hold,15.0
2201,hold,15.1
2202,hold,14.9
2203,hold,14.95
2204,sell,14.85
2205,hold,14.7
2206,hold,14.8
2207,hold,14.6
2208,hold,14.6
2209,hold,14.75
2210,buy,14.75
2211,hold,14.6
2212,sell,14.9
2213,hold,15.3
2214,buy,15.45
2215,hold,15.45
2216,hold,15.55
2217,hold,15.55
2218,hold,15.75
2219,hold,15.85
2220,hold,15.7
2221,hold,15.9
2222,hold,15.95
2223,hold,15.85
2224,hold,15.65
2225,hold,15.75
2226,hold,16.0
2227,hold,16.1
2228,hold,16.0
2229,hold,15.95
2230,hold,15.85
2231,hold,16.05
2232,hold,15.9
2233,hold,15.85
2234,hold,15.8
2235,hold,15.8
2236,hold,15.95
2237,hold,15.85
2238,hold,15.85
2239,hold,15.95
2240,hold,16.1
2241,hold,16.15
2242,hold,16.0
2243,hold,15.9
2244,hold,15.85
2245,hold,15.8
2246,hold,16.0
2247,hold,16.2
2248,hold,16.05
2249,hold,15.95
2250,hold,15.9
2251,hold,15.75
2252,sell,15.95
2253,buy,15.85
2254,hold,15.9
2255,sell,15.85
2256,hold,15.8
2257,hold,15.7
2258,hold,15.95
2259,buy,16.0
2260,hold,16.1
2261,hold,16.3
2262,hold,16.3
2263,hold,16.8
2264,hold,16.6
2265,hold,16.65
2266,hold,16.7
2267,hold,16.75
2268,hold,17.35
2269,hold,16.9
2270,hold,17.25
2271,hold,17.35
2272,hold,17.35
2273,hold,17.35
2274,hold,17.35
2275,hold,17.2
2276,hold,16.9
2277,hold,17.0
2278,hold,17.1
2279,hold,17.1
2280,hold,17.4
2281,hold,17.4
2282,hold,17.45
2283,hold,17.7
2284,hold,18.0
2285,hold,17.65
2286,hold,17.25
2287,hold,17.25
2288,hold,17.35
2289,hold,17.2
2290,hold,17.1
2291,hold,17.6
2292,hold,17.6
2293,hold,17.65
2294,hold,17.5
2295,hold,17.75
2296,hold,17.45
2297,hold,17.35
2298,hold,17.4
2299,hold,17.05
2300,sell,17.0
2301,hold,17.0
2302,hold,17.05
2303,hold,17.0
2304,hold,16.75
2305,hold,16.95
2306,hold,16.65
2307,hold,16.6
2308,hold,16.85
2309,hold,16.9
2310,hold,16.9
2311,hold,17.0
2312,hold,16.95
2313,hold,16.8
2314,hold,16.8
2315,hold,16.85
2316,hold,17.0
2317,hold,17.1
2318,hold,17.05
2319,buy,17.0
2320,sell,17.15
2321,hold,17.1
2322,buy,17.2
2323,hold,17.2
2324,hold,17.15
2325,sell,17.3
2326,hold,17.45
2327,hold,17.45
2328,hold,17.4
2329,hold,17.35
2330,hold,17.35
2331,hold,17.05
2332,hold,16.95
2333,hold,17.05
2334,hold,17.0
2335,hold,17.05
2336,hold,16.85
2337,hold,17.0
2338,hold,16.95
2339,hold,16.8
2340,hold,16.9
2341,hold,16.65
2342,hold,16.65
2343,hold,16.7
2344,hold,16.6
2345,hold,16.35
2346,hold,16.3
2347,hold,16.4
2348,hold,16.3
2349,hold,16.3
2350,hold,16.2
2351,hold,16.7
2352,hold,16.25
2353,hold,16.1
2354,hold,16.4
2355,hold,16.4
2356,buy,16.55
2357,hold,16.6
2358,hold,16.6
2359,hold,16.5
2360,sell,16.55
2361,hold,16.7
2362,buy,16.85
2363,hold,16.95
2364,sell,17.1
2365,hold,17.4
2366,hold,17.4
2367,hold,17.35
2368,hold,17.25
2369,hold,17.4
2370,hold,17.4
2371,buy,17.3
2372,sell,17.35
2373,hold,17.45
2374,hold,17.4
2375,hold,17.4
2376,hold,17.3
2377,hold,17.1
2378,hold,17.2
2379,hold,17.2
2380,hold,17.25
2381,hold,17.4
2382,hold,17.4
2383,hold,17.1
2384,hold,16.7
2385,hold,16.8
2386,hold,16.65
2387,hold,16.75
2388,hold,16.85
2389,hold,16.85
2390,hold,16.75
2391,hold,16.85
2392,hold,16.8
2393,hold,16.75
2394,hold,15.9
2395,hold,16.2
2396,buy,16.25
2397,hold,16.2
2398,hold,16.15
2399,hold,16.15
2400,hold,16.2
2401,hold,16.4
2402,hold,16.8
2403,hold,16.85
2404,hold,16.9
2405,hold,16.9
2406,hold,16.85
2407,hold,16.9
2408,hold,17.1
2409,hold,17.3
2410,hold,17.0
2411,hold,17.0
2412,hold,17.1
2413,hold,17.3
2414,hold,17.0
2415,hold,17.4
2416,hold,17.4
2417,hold,17.4
2418,hold,17.35
2419,hold,17.35
2420,hold,17.25
2421,hold,17.3
2422,hold,17.15
2423,hold,17.4
2424,hold,17.4
2425,hold,17.4
2426,hold,17.4
2427,hold,17.3
2428,hold,17.2
2429,hold,17.3
2430,hold,17.4
2431,hold,17.4
2432,hold,17.5
2433,hold,17.4
2434,hold,17.4
2435,hold,17.45
2436,hold,17.45
2437,hold,17.55
2438,hold,17.55
2439,hold,17.5
2440,hold,17.6
2441,hold,17.65
2442,hold,17.6
2443,hold,17.6
2444,hold,17.5
2445,hold,17.4
2446,hold,17.5
2447,hold,17.4
2448,hold,17.4
2449,sell,17.5
2450,hold,17.5
2451,hold,17.4
2452,hold,17.4
2453,hold,17.4
2454,hold,17.4
2455,hold,17.45
2456,buy,17.4
2457,hold,17.35
2458,sell,17.5
2459,hold,18.15
2460,hold,18.05
2461,hold,18.0
2462,hold,18.15
2463,hold,18.15
2464,hold,18.25
2465,hold,18.1
2466,hold,18.05
2467,hold,17.85
2468,hold,17.8
2469,hold,17.95
2470,hold,17.95
2471,hold,18.0
2472,hold,17.9
2473,hold,17.95
2474,hold,17.85
2475,hold,17.75
2476,hold,17.85
2477,hold,18.0
2478,hold,17.95
2479,hold,17.95
2480,hold,17.95
2481,hold,17.95
2482,hold,18.0
2483,hold,18.0
2484,hold,18.25
2485,hold,18.35
2486,hold,18.6
2487,hold,18.3
2488,hold,18.2
2489,hold,18.4
2490,hold,18.3
2491,hold,18.1
2492,hold,18.25
2493,hold,18.5
2494,hold,18.25
2495,hold,18.25
2496,hold,18.5
2497,hold,18.4
2498,hold,18.45
2499,hold,18.3
2500,hold,18.4
2501,hold,18.3
2502,hold,18.4
2503,hold,17.95
2504,hold,17.65
2505,hold,17.7
2506,hold,17.75
2507,hold,17.8
2508,hold,17.95
2509,hold,18.15
2510,hold,18.0
2511,hold,18.1
2512,hold,17.95
2513,hold,18.1
2514,hold,18.2
2515,hold,17.9
2516,hold,18.1
2517,hold,18.0
2518,hold,17.95
2519,hold,17.9
2520,hold,17.8
2521,hold,17.8
2522,hold,17.65
2523,hold,17.6
2524,hold,17.65
2525,hold,17.8
2526,hold,17.75
2527,hold,17.6
2528,hold,17.7
2529,hold,17.6
2530,hold,17.55
2531,hold,17.55
2532,hold,17.65
2533,hold,17.55
2534,hold,17.3
2535,hold,17.3
2536,hold,17.35
2537,buy,17.3
2538,hold,17.55
2539,hold,17.8
2540,hold,18.0
2541,hold,18.05
2542,hold,18.05
2543,hold,17.85
2544,sell,18.0
2545,hold,18.05
2546,hold,18.0
2547,hold,18.1
2548,hold,18.0
2549,hold,17.8
2550,hold,17.75
2551,hold,17.75
2552,hold,17.65
2553,hold,17.95
2554,hold,18.0
2555,hold,17.9
2556,hold,17.95
2557,hold,17.75
2558,hold,17.8
2559,hold,17.55
2560,hold,17.6
2561,hold,17.8
2562,hold,17.55
2563,hold,17.65
2564,hold,17.5
2565,hold,17.6
2566,hold,17.5
2567,buy,17.75
2568,hold,17.65
2569,hold,17.75
2570,hold,17.65
2571,hold,17.8
2572,hold,17.85
2573,hold,17.9
2574,hold,17.85
2575,hold,17.7
2576,hold,17.8
2577,hold,17.9
2578,hold,17.95
2579,hold,18.0
2580,hold,18.1
2581,hold,18.35
2582,hold,18.2
2583,hold,18.2
2584,hold,18.2
2585,hold,18.1
2586,hold,18.15
2587,hold,18.1
2588,hold,18.15
2589,hold,18.35
2590,hold,18.35
2591,hold,18.35
2592,hold,18.35
2593,hold,18.25
2594,hold,18.25
2595,hold,18.25
2596,hold,18.4
2597,hold,18.45
2598,hold,18.5
2599,hold,18.5
2600,hold,18.5
2601,hold,18.55
2602,hold,18.45
2603,hold,18.5
2604,hold,18.55
2605,hold,18.6
2606,hold,18.5
2607,hold,18.45
2608,hold,18.55
2609,hold,18.65
2610,hold,18.8
2611,hold,19.0
2612,hold,18.7
2613,hold,18.8
2614,hold,19.25
2615,hold,19.0
2616,hold,19.05
2617,hold,18.95
2618,hold,19.0
2619,hold,19.2
2620,hold,19.5
2621,hold,19.55
2622,hold,19.8
2623,hold,19.5
2624,hold,19.8
2625,hold,19.7
2626,hold,19.45
2627,hold,19.3
2628,hold,18.8
2629,hold,17.9
2630,sell,17.95
2631,hold,18.0
2632,buy,18.3
2633,hold,18.3
2634,hold,18.4
2635,hold,18.4
2636,hold,18.4
2637,hold,18.4
2638,hold,18.5
2639,hold,18.85
2640,hold,18.95
2641,hold,19.1
2642,hold,18.9
2643,hold,18.85
2644,sell,18.95
2645,hold,18.95
2646,buy,18.6
2647,sell,19.0
2648,hold,18.75
2649,buy,19.0
2650,hold,19.0
2651,hold,19.15
2652,hold,19.35
2653,hold,19.0
2654,sell,19.15
2655,hold,18.8
2656,hold,18.9
2657,hold,18.5
2658,hold,18.5
2659,hold,18.7
2660,hold,18.85
2661,hold,18.8
2662,hold,18.8
2663,hold,18.7
2664,hold,18.75
2665,hold,18.75
2666,hold,18.7
2667,hold,18.65
2668,hold,18.65
2669,hold,18.65
2670,hold,18.65
2671,hold,18.5
2672,hold,18.4
2673,hold,18.35
2674,hold,18.35
2675,buy,17.9
2676,sell,18.15
2677,buy,17.9
2678,sell,18.0
2679,hold,18.0
2680,hold,18.1
2681,hold,18.05
2682,hold,18.25
2683,hold,18.55
2684,hold,18.6
2685,hold,18.65
2686,hold,18.85
2687,hold,18.8
2688,hold,19.0
2689,hold,19.15
2690,hold,19.1
2691,hold,19.35
2692,hold,19.1
2693,hold,18.4
2694,hold,18.35
2695,hold,18.55
2696,hold,18.5
2697,hold,18.35
2698,hold,18.5
2699,hold,18.4
2700,hold,18.15
2701,hold,18.1
2702,hold,18.15
2703,hold,18.5
2704,hold,18.45
2705,hold,18.35
2706,hold,18.2
2707,hold,18.15
2708,hold,18.35
2709,hold,18.35
2710,hold,17.9
2711,hold,17.75
2712,hold,17.9
2713,hold,18.05
2714,hold,17.9
2715,hold,18.0
2716,hold,17.75
2717,hold,17.4
2718,hold,17.6
2719,hold,17.45
2720,hold,17.35
2721,hold,17.4
2722,hold,17.05
2723,hold,17.35
2724,hold,17.85
2725,hold,18.0
2726,hold,17.9
2727,hold,18.3
2728,hold,18.15
2729,hold,18.25
2730,hold,18.25
2731,hold,18.3
2732,hold,18.25
2733,hold,18.15
2734,hold,17.95
2735,hold,17.7
2736,hold,17.6
2737,hold,17.95
2738,hold,17.8
2739,hold,17.8
2740,hold,18.0
2741,hold,17.75
2742,hold,17.75
2743,hold,17.5
2744,hold,17.8
2745,hold,17.9
2746,hold,18.05
2747,buy,18.1
2748,hold,18.3
2749,hold,18.05
2750,sell,18.1
2751,hold,18.0
2752,hold,17.9
2753,hold,17.85
2754,hold,18.0
2755,buy,18.0
2756,hold,18.2
2757,hold,18.25
2758,hold,18.25
2759,hold,18.25
2760,sell,18.1
2761,hold,18.05
2762,hold,18.15
2763,hold,18.2
2764,buy,18.45
2765,hold,18.5
2766,hold,18.45
2767,sell,18.45
2768,hold,18.5
2769,hold,18.45
2770,hold,18.5
2771,hold,18.55
2772,hold,18.35
2773,hold,18.15
2774,hold,18.0
2775,hold,18.2
2776,hold,18.05
2777,hold,18.05
2778,hold,18.05
2779,hold,18.25
2780,hold,18.5
2781,hold,18.1
2782,hold,18.25
2783,hold,18.2
2784,hold,18.0
2785,hold,18.15
2786,hold,18.1
2787,hold,18.05
2788,hold,18.1
2789,hold,18.2
2790,hold,18.4
2791,hold,18.5
2792,hold,18.4
2793,hold,18.5
2794,hold,18.55
2795,hold,18.45
2796,hold,18.55
2797,hold,18.15
2798,hold,18.35
2799,hold,18.35
2800,hold,18.35
2801,hold,18.3
2802,hold,18.35
2803,hold,18.6
2804,hold,18.6
2805,hold,19.0
2806,hold,18.95
2807,hold,18.75
2808,hold,18.75
2809,hold,18.9
2810,hold,18.8
2811,hold,18.65
2812,hold,18.35
2813,hold,18.3
2814,hold,18.3
2815,hold,18.3
2816,hold,18.2
2817,hold,18.0
2818,hold,18.1
2819,hold,18.0
2820,hold,18.1
2821,hold,17.9
2822,hold,17.9
2823,hold,17.95
2824,hold,18.0
2825,hold,17.95
2826,hold,18.05
2827,hold,18.0
2828,hold,17.95
2829,hold,17.8
2830,hold,17.75
2831,hold,17.75
2832,hold,17.5
2833,hold,17.5
2834,hold,17.6
2835,hold,17.55
2836,hold,17.6
2837,hold,17.6
2838,hold,17.6
2839,hold,17.45
2840,hold,17.5
2841,hold,17.45
2842,hold,17.4
2843,hold,17.55
2844,hold,17.75
2845,hold,17.7
2846,hold,17.9
2847,hold,17.75
2848,hold,17.55
2849,hold,17.7
2850,hold,17.75
2851,hold,17.9
2852,hold,17.75
2853,hold,17.75
2854,hold,17.8
2855,hold,17.6
2856,hold,17.5
2857,hold,17.5
2858,hold,17.75
2859,hold,17.8
2860,hold,17.9
2861,hold,17.9
2862,hold,17.7
2863,hold,17.9
2864,hold,17.7
2865,hold,17.7
2866,hold,17.65
2867,hold,17.45
2868,hold,17.35
2869,hold,17.35
2870,hold,17.65
2871,hold,17.65
2872,hold,17.7
2873,hold,17.95
2874,hold,17.85
2875,hold,17.8
2876,hold,17.75
2877,hold,17.8
2878,hold,17.45
2879,hold,15.8
2880,hold,15.75
2881,hold,15.8
2882,hold,15.55
2883,hold,15.5
2884,hold,14.9
2885,hold,14.7
2886,hold,14.3
2887,hold,14.1
2888,buy,14.2
2889,hold,14.55
2890,hold,15.45
2891,hold,15.8
2892,hold,15.8
2893,hold,15.6
2894,hold,15.7
2895,hold,15.8
2896,hold,15.8
2897,hold,15.75
2898,sell,15.5
2899,hold,16.05
2900,hold,16.25
2901,hold,16.15
2902,hold,16.1
2903,hold,16.1
2904,hold,16.15
2905,hold,16.5
2906,hold,16.45
2907,hold,16.3
2908,hold,16.35
2909,hold,16.05
2910,hold,15.8
2911,hold,15.8
2912,hold,16.2
2913,buy,16.2
2914,hold,16.1
2915,hold,16.15
2916,hold,16.25
2917,hold,16.35
2918,hold,16.55
2919,hold,16.85
2920,hold,16.95
2921,hold,16.9
2922,hold,16.95
2923,hold,17.05
2924,hold,17.15
2925,hold,17.25
2926,hold,17.25
2927,hold,16.95
2928,hold,17.2
2929,hold,17.2
2930,hold,17.35
2931,hold,17.25
2932,hold,17.2
2933,hold,16.9
2934,hold,17.2
2935,hold,17.3
2936,hold,17.25
2937,hold,17.35
2938,hold,17.0
2939,hold,16.85
2940,hold,16.5
2941,sell,16.25
2942,hold,16.35
2943,hold,16.15
2944,hold,16.1
2945,hold,16.45
2946,buy,16.0
2947,sell,16.45
2948,hold,16.15
2949,hold,16.2
2950,hold,16.2
2951,hold,16.1
2952,hold,16.45
2953,hold,16.2
2954,hold,16.0
2955,hold,16.3
2956,hold,16.1
2957,hold,16.1
2958,hold,15.9
2959,hold,16.05
2960,hold,15.8
2961,hold,15.6
2962,hold,15.6
2963,hold,15.65
2964,hold,15.65
2965,hold,15.55
2966,hold,15.55
2967,hold,15.7
2968,hold,15.7
2969,hold,15.8
2970,hold,15.8
2971,hold,15.85
2972,hold,15.8
2973,hold,15.8
2974,hold,15.8
2975,hold,15.8
2976,hold,15.7
2977,hold,15.7
2978,hold,15.3
2979,hold,15.4
2980,hold,15.5
2981,hold,15.25
2982,hold,15.2
2983,hold,15.15
2984,hold,15.2
2985,hold,15.35
2986,hold,15.15
2987,hold,15.2
2988,hold,15.1
2989,hold,15.1
2990,hold,15.1
2991,hold,15.0
2992,hold,15.1
2993,buy,15.55
2994,hold,15.45
2995,hold,15.7
2996,hold,15.85
2997,hold,16.6
2998,hold,16.65
2999,hold,16.3
3000,hold,16.1
3001,hold,15.7
3002,hold,15.85
3003,hold,16.3
3004,hold,16.0
3005,hold,16.0
3006,hold,16.2
3007,hold,16.0
3008,hold,16.1
3009,hold,16.15
3010,hold,16.2
3011,hold,16.3
3012,hold,16.2
3013,hold,16.35
3014,hold,16.65
3015,hold,16.55
3016,hold,16.55
3017,hold,16.5
3018,hold,16.5
3019,hold,16.65
3020,hold,16.75
3021,hold,16.75
3022,hold,16.5
3023,hold,16.75
3024,hold,16.9
3025,hold,17.0
3026,hold,17.0
3027,hold,16.85
3028,hold,16.95
3029,hold,16.85
3030,hold,16.9
3031,hold,16.9
3032,hold,16.75
3033,hold,17.0
3034,hold,16.5
3035,hold,16.65
3036,hold,16.45
3037,sell,16.4
3038,buy,16.3
3039,sell,16.7
3040,hold,16.6
3041,hold,16.75
3042,hold,16.55
3043,hold,16.7
3044,hold,16.95
3045,hold,16.65
3046,hold,16.55
3047,hold,16.7
3048,hold,16.9
3049,hold,16.95
3050,hold,16.9
3051,hold,16.9
3052,hold,16.9
3053,hold,16.85
3054,hold,16.6
3055,hold,16.55
3056,hold,16.35
3057,hold,16.2
3058,hold,15.95
3059,hold,16.1
3060,hold,16.0
3061,hold,16.05
3062,hold,15.9
3063,hold,15.85
3064,hold,15.95
3065,buy,16.3
3066,hold,16.15
3067,hold,16.0
3068,sell,16.3
3069,buy,16.2
3070,hold,16.4
3071,hold,16.4
3072,hold,16.5
3073,hold,16.55
3074,sell,16.55
3075,hold,16.6
3076,hold,16.6
3077,buy,16.65
3078,hold,16.55
3079,sell,16.65
3080,hold,16.75
3081,hold,16.85
3082,buy,16.5
3083,sell,16.7
3084,hold,16.7
3085,buy,16.3
3086,sell,16.65
3087,hold,16.8
3088,hold,16.85
3089,hold,16.85
3090,hold,16.75
3091,hold,16.4
3092,hold,16.4
3093,hold,16.4
3094,hold,16.5
3095,hold,16.75
3096,hold,16.7
3097,hold,16.7
3098,hold,16.7
3099,hold,16.4
3100,hold,16.3
3101,hold,16.55
3102,hold,16.6
3103,buy,16.65
3104,hold,16.75
3105,hold,16.9
3106,hold,17.0
3107,hold,17.0
3108,hold,17.0
3109,hold,17.0
3110,sell,16.95
3111,hold,16.95
3112,hold,17.0
3113,buy,17.0
3114,hold,17.0
3115,hold,17.15
3116,hold,17.15
3117,hold,17.15
3118,sell,17.05
3119,hold,17.05
3120,hold,17.15
3121,hold,17.3
3122,hold,17.4
3123,hold,16.5
3124,hold,16.35
3125,hold,16.3
3126,hold,16.3
3127,hold,16.25
3128,hold,16.45
3129,hold,16.4
3130,hold,16.15
3131,hold,16.0
3132,hold,16.3
3133,hold,16.2
3134,hold,16.4
3135,hold,16.35
3136,hold,16.15
3137,hold,16.2
3138,hold,15.95
3139,hold,16.15
3140,hold,16.1
3141,hold,16.25
3142,hold,16.35
3143,hold,16.35
3144,hold,16.4
3145,hold,16.25
3146,hold,16.1
3147,hold,16.0
3148,hold,15.95
3149,hold,15.95
3150,hold,16.2
3151,hold,16.15
3152,hold,16.2
3153,hold,16.2
3154,hold,16.3
3155,hold,16.15
3156,hold,16.4
3157,buy,16.05
3158,sell,16.1
3159,hold,16.35
3160,hold,16.3
3161,hold,16.2
3162,hold,16.1
3163,hold,16.3
3164,hold,16.3
3165,hold,16.15
3166,hold,16.05
3167,hold,16.2
3168,hold,16.25
3169,hold,16.2
3170,hold,16.25
3171,buy,16.25
3172,hold,16.15
3173,sell,16.3
3174,buy,16.2
3175,hold,16.15
3176,sell,16.25
3177,hold,16.15
3178,hold,16.2
3179,hold,16.15
3180,hold,16.1
3181,hold,16.15
3182,hold,16.25
3183,hold,16.3
3184,hold,16.15
3185,hold,16.25
3186,hold,16.1
3187,hold,16.1
3188,hold,16.15
3189,buy,16.2
3190,hold,16.25
3191,hold,16.1
3192,sell,16.2
3193,hold,16.3
3194,buy,16.45
3195,hold,16.45
3196,hold,16.5
3197,hold,16.75
3198,hold,16.65
3199,hold,17.05
3200,hold,16.9
3201,hold,16.8
3202,hold,16.65
3203,hold,16.8
3204,hold,16.8
3205,hold,17.1
3206,hold,17.0
3207,hold,16.95
3208,hold,17.1
3209,hold,16.95
3210,hold,16.95
3211,hold,17.0
3212,hold,16.9
3213,hold,17.0
3214,hold,17.0
3215,hold,16.8
3216,hold,16.7
3217,hold,16.9
3218,hold,16.9
3219,hold,17.0
3220,hold,17.0
3221,hold,17.15
3222,hold,17.1
3223,hold,17.0
3224,hold,17.1
3225,hold,17.15
3226,hold,17.1
3227,hold,17.15
3228,hold,17.25
3229,hold,17.5
3230,hold,17.5
3231,hold,17.45
3232,hold,17.35
3233,hold,17.35
3234,hold,17.3
3235,hold,17.35
3236,hold,17.4
3237,hold,17.35
3238,hold,17.35
3239,hold,17.45
3240,hold,17.55
3241,hold,17.7
3242,hold,17.7
3243,hold,17.7
3244,hold,17.85
3245,hold,17.9
3246,hold,17.95
3247,hold,18.15
3248,hold,18.45
3249,hold,18.4
3250,hold,18.55
3251,hold,18.5
3252,hold,18.5
3253,hold,18.45
3254,hold,18.3
3255,hold,18.35
3256,hold,18.25
3257,hold,18.35
3258,hold,18.3
3259,hold,18.3
3260,hold,18.2
3261,hold,18.25
3262,hold,18.05
3263,hold,18.1
3264,hold,18.2
3265,hold,18.2
3266,hold,18.2
3267,hold,18.25
3268,hold,18.3
3269,hold,18.4
3270,hold,18.5
3271,hold,18.45
3272,hold,18.4
3273,hold,18.45
3274,hold,18.5
3275,hold,18.5
3276,hold,18.55
3277,hold,18.55
3278,hold,18.5
3279,hold,18.6
3280,hold,18.6
3281,hold,18.7
3282,hold,18.7
3283,hold,18.7
3284,hold,18.75
3285,hold,18.4
3286,hold,17.75
3287,sell,17.75
3288,hold,17.5
3289,hold,17.1
3290,hold,17.15
3291,hold,17.35
3292,hold,17.35
3293,hold,17.65
3294,hold,17.6
3295,hold,17.5
3296,hold,17.5
3297,hold,17.6
3298,hold,17.6
3299,hold,17.75
3300,hold,17.6
3301,hold,17.6
3302,hold,17.6
3303,hold,17.55
3304,hold,17.5
3305,hold,17.55
3306,hold,17.5
3307,hold,17.3
3308,hold,17.35
3309,hold,17.3
3310,hold,17.35
3311,hold,17.45
3312,hold,17.5
3313,hold,17.5
3314,hold,17.5
3315,hold,17.55
3316,hold,17.55
3317,hold,17.4
3318,hold,17.4
3319,hold,17.4
3320,hold,17.45
3321,hold,17.35
3322,hold,17.35
3323,hold,17.3
3324,hold,17.35
3325,hold,17.2
3326,hold,17.15
3327,hold,17.1
3328,hold,17.05
3329,hold,17.15
3330,hold,17.15
3331,hold,17.1
3332,hold,17.1
3333,hold,17.15
3334,hold,17.15
3335,hold,17.4
3336,hold,17.35
3337,hold,17.35
3338,hold,17.35
3339,hold,17.45
3340,hold,17.45
3341,hold,17.45
3342,hold,17.55
3343,hold,17.35
3344,hold,17.3
3345,hold,17.35
3346,hold,17.45
3347,hold,17.45
3348,hold,17.55
3349,hold,17.55
3350,hold,17.6
3351,hold,17.65
3352,hold,17.65
3353,hold,17.7
3354,hold,17.65
3355,hold,17.65
3356,hold,17.6
3357,hold,17.65
3358,hold,17.65
3359,hold,17.65
3360,hold,17.7
3361,hold,17.7
3362,hold,17.95
3363,hold,17.85
3364,hold,18.0
3365,hold,18.05
3366,hold,18.05
3367,hold,16.65
3368,hold,16.35
3369,hold,16.4
3370,hold,16.25
3371,hold,16.2
3372,hold,16.3
3373,hold,16.4
3374,hold,16.4
3375,hold,16.3
3376,hold,16.4
3377,hold,16.35
3378,hold,16.45
3379,hold,16.45
3380,hold,16.55
3381,hold,16.55
3382,hold,16.5
3383,hold,16.5
3384,hold,16.6
3385,hold,16.55
3386,hold,16.55
3387,hold,16.4
3388,hold,16.4
3389,hold,16.4
3390,hold,16.35
3391,hold,16.45
3392,hold,16.4
3393,hold,16.4
3394,hold,16.55
3395,hold,16.6
3396,hold,16.5
3397,hold,16.45
3398,hold,16.4
3399,hold,16.35
3400,hold,16.35
3401,hold,16.4
3402,hold,16.45
3403,hold,16.3
3404,hold,16.4
3405,hold,16.4
3406,hold,16.35
3407,hold,16.25
3408,hold,16.3
3409,hold,16.35
3410,hold,16.45
3411,hold,16.45
3412,hold,16.5
3413,hold,16.45
3414,hold,16.45
3415,hold,16.4
3416,hold,16.35
3417,hold,16.35
3418,hold,16.35
3419,hold,16.4
3420,hold,16.4
3421,hold,16.35
3422,hold,16.3
3423,hold,16.35
3424,hold,16.35
3425,hold,16.3
3426,hold,16.25
3427,hold,16.25
3428,hold,16.2
3429,hold,16.25
3430,hold,16.25
3431,hold,16.25
3432,hold,16.25
3433,hold,16.2
3434,hold,16.15
3435,hold,16.15
3436,hold,16.1
3437,hold,16.15
3438,buy,16.15
3439,hold,16.35
3440,hold,16.5
3441,hold,16.5
3442,hold,16.4
3443,sell,16.35
3444,hold,16.3
3445,hold,16.25
3446,hold,16.25
3447,hold,16.35
3448,buy,16.55
3449,hold,16.55
3450,hold,16.35
3451,hold,16.35
3452,hold,16.4
3453,hold,16.35
3454,hold,16.45
3455,hold,16.5
3456,hold,16.5
3457,hold,16.35
3458,hold,16.35
3459,hold,16.45
3460,hold,16.4
3461,hold,16.4
3462,hold,16.45
3463,hold,16.45
3464,hold,16.4
3465,hold,16.45
3466,hold,16.5
3467,hold,16.55
3468,hold,16.55
3469,hold,16.6
3470,hold,16.65
3471,hold,16.8
3472,hold,17.0
3473,hold,17.0
3474,hold,17.05
3475,hold,17.05
3476,hold,17.05
3477,hold,17.2
3478,hold,17.3
3479,hold,17.35
3480,hold,17.2
3481,hold,17.3
3482,hold,17.15
3483,hold,17.2
3484,hold,17.1
3485,hold,17.3
3486,hold,17.2
3487,hold,17.3
3488,hold,17.05
3489,hold,17.1
3490,hold,17.1
3491,hold,17.25
3492,hold,17.0
3493,hold,16.4
3494,sell,16.65
3495,hold,16.65
3496,buy,16.45
3497,sell,16.45
3498,hold,16.7
3499,buy,16.7
3500,hold,16.9
3501,hold,16.95
3502,hold,16.8
3503,hold,16.7
3504,sell,16.7
3505,hold,16.55
3506,hold,16.65
3507,buy,16.65
3508,hold,16.65
3509,hold,16.7
3510,hold,16.9
3511,hold,17.0
3512,hold,17.0
3513,hold,17.0
3514,sell,17.0
3515,hold,17.05
3516,buy,16.95
3517,sell,17.1
3518,hold,17.15
3519,hold,16.95
3520,hold,16.85
3521,hold,16.95
3522,hold,17.0
3523,buy,16.85
3524,sell,17.0
3525,hold,16.95
3526,hold,16.9
3527,hold,16.8
3528,hold,16.95
3529,hold,17.05
3530,buy,17.05
3531,hold,17.05
3532,hold,17.0
3533,hold,17.0
3534,hold,17.0
3535,hold,17.0
3536,hold,17.1
3537,hold,17.1
3538,hold,17.1
3539,hold,17.0
3540,hold,17.05
3541,hold,17.05
3542,hold,17.1
3543,hold,17.1
3544,hold,17.1
3545,hold,17.05
3546,hold,16.95
3547,hold,16.95
3548,sell,17.05
3549,buy,17.0
3550,hold,17.05
3551,hold,17.2
3552,hold,17.2
3553,hold,17.35
3554,hold,17.4
3555,hold,17.35
3556,hold,17.4
3557,hold,17.6
3558,hold,17.7
3559,hold,17.75
3560,hold,17.75
3561,hold,17.75
3562,hold,17.8
3563,hold,17.8
3564,hold,17.6
3565,hold,17.55
3566,hold,17.65
3567,hold,17.8
3568,hold,17.9
3569,hold,18.0
3570,hold,18.1
3571,hold,18.05
3572,hold,17.95
3573,hold,18.0
3574,hold,17.9
3575,hold,17.75
3576,hold,17.8
3577,hold,17.65
3578,hold,17.7
3579,hold,17.65
3580,sell,17.7
3581,hold,17.7
3582,hold,17.55
3583,hold,17.5
3584,hold,17.5
3585,hold,17.7
3586,hold,17.6
3587,hold,17.5
3588,hold,17.5
3589,hold,17.45
3590,buy,17.45
3591,hold,17.5
3592,hold,17.55
3593,hold,17.45
3594,sell,17.6
3595,hold,17.65
3596,buy,17.55
3597,hold,17.65
3598,hold,17.7
3599,hold,17.7
3600,hold,17.7
3601,hold,17.8
3602,hold,17.9
3603,hold,17.85
3604,hold,18.0
3605,hold,18.0
3606,hold,18.0
3607,hold,18.1
3608,hold,18.05
3609,hold,17.95
3610,hold,18.05
3611,hold,18.05
3612,hold,18.05
3613,hold,18.1
3614,hold,18.1
3615,hold,18.3
3616,hold,18.1
3617,hold,18.15
3618,hold,18.0
3619,hold,18.05
3620,hold,18.05
3621,hold,18.1
3622,hold,18.45
3623,hold,18.55
3624,hold,18.55
3625,hold,18.55
3626,hold,18.7
3627,hold,18.8
3628,hold,18.95
3629,hold,19.05
3630,hold,19.1
3631,hold,19.2
3632,hold,17.95
3633,hold,17.8
3634,sell,17.8
3635,hold,17.85
3636,buy,17.9
3637,hold,18.0
3638,hold,18.1
3639,hold,18.25
3640,hold,18.25
3641,hold,18.2
3642,hold,18.2
3643,sell,18.45
3644,buy,18.4
3645,hold,18.7
3646,hold,18.7
3647,hold,18.7
3648,hold,18.85
3649,hold,18.9
3650,hold,18.8
3651,hold,18.6
3652,hold,18.7
3653,hold,18.5
3654,hold,18.3
3655,hold,18.3
3656,sell,18.45
3657,hold,17.5
3658,hold,17.65
3659,hold,17.4
3660,hold,17.5
3661,hold,17.5
3662,hold,17.55
3663,hold,17.5
3664,hold,17.6
3665,hold,17.45
3666,hold,17.3
3667,hold,17.3
3668,buy,17.25
3669,hold,17.35
3670,hold,17.5
3671,hold,17.55
3672,hold,17.45
3673,hold,17.6
3674,hold,17.65
3675,hold,17.7
3676,hold,17.8
3677,sell,17.95
3678,hold,17.85
3679,hold,17.8
3680,hold,17.75
3681,hold,17.85
3682,hold,17.95
3683,hold,17.95
3684,hold,18.0
3685,hold,17.85
3686,hold,17.8
3687,hold,17.75
3688,hold,17.85
3689,hold,17.9
3690,buy,17.7
3691,sell,17.85
3692,hold,17.6
3693,hold,17.5
3694,hold,17.9
3695,hold,18.0
3696,hold,17.85
3697,hold,17.65
3698,hold,17.65
3699,hold,17.45
3700,hold,17.65
3701,hold,17.65
3702,hold,17.75
3703,hold,17.75
3704,hold,17.65
3705,hold,17.45
3706,hold,17.7
3707,hold,17.6
3708,hold,17.4
3709,hold,17.35
3710,hold,17.5
3711,hold,17.2
3712,hold,17.1
3713,hold,17.3
3714,buy,17.2
3715,hold,17.25
3716,sell,17.25
3717,buy,17.25
3718,hold,17.75
3719,hold,17.5
3720,hold,17.95
3721,hold,17.85
3722,hold,17.95
3723,hold,17.7
3724,hold,17.95
3725,hold,17.7
3726,hold,17.75
3727,hold,17.85
3728,hold,17.85
3729,hold,17.8
3730,hold,17.85
3731,hold,18.0
3732,hold,18.0
3733,hold,18.0
3734,hold,17.9
3735,hold,17.9
3736,hold,17.9
3737,hold,18.0
3738,hold,17.95
3739,hold,17.9
3740,hold,17.95
3741,hold,18.1
3742,hold,18.05
3743,hold,18.2
3744,hold,18.25
3745,hold,18.3
3746,hold,18.3
3747,hold,18.25
3748,hold,18.5
3749,hold,18.3
3750,hold,18.2
3751,hold,18.3
3752,hold,18.15
3753,hold,18.1
3754,hold,18.0
3755,hold,18.2
3756,hold,18.1
3757,hold,18.05
3758,sell,18.15
3759,hold,18.25
3760,hold,18.35
3761,hold,18.45
3762,hold,18.45
3763,hold,18.2
3764,hold,18.25
3765,hold,18.3
3766,buy,18.25
3767,hold,18.2
3768,sell,18.45
3769,buy,18.3
3770,hold,18.3
3771,sell,18.3
3772,hold,18.3
3773,hold,18.4
3774,hold,18.4
3775,hold,18.4
3776,hold,18.25
3777,hold,18.3
3778,hold,18.3
3779,hold,18.35
3780,hold,18.25
3781,hold,18.2
3782,hold,18.2
3783,hold,18.3
3784,buy,18.25
3785,hold,18.35
3786,hold,18.35
3787,hold,18.45
3788,hold,18.5
3789,hold,18.5
3790,sell,18.45
3791,hold,18.15
3792,hold,18.3
3793,hold,18.25
3794,hold,18.05
3795,hold,18.1
3796,hold,18.05
3797,buy,18.0
3798,sell,18.05
3799,buy,18.05
3800,hold,18.35
3801,hold,19.0
3802,hold,19.0
3803,hold,19.0
3804,hold,19.0
3805,hold,19.2
3806,hold,19.25
3807,hold,19.3
3808,hold,19.25
3809,hold,19.5
3810,hold,19.95
3811,hold,20.0
3812,hold,20.05
3813,hold,20.2
3814,hold,20.7
3815,hold,21.45
3816,hold,20.7
3817,hold,20.35
3818,hold,20.55
3819,hold,20.55
3820,hold,20.7
3821,hold,20.75
3822,hold,21.0
3823,hold,21.1
3824,hold,20.8
3825,hold,21.0
3826,hold,20.95
3827,hold,20.85
3828,hold,21.1
3829,hold,20.95
3830,hold,20.85
3831,hold,20.95
3832,hold,21.0
3833,hold,21.0
3834,hold,21.05
3835,hold,21.15
3836,hold,21.05
3837,hold,21.15
3838,hold,21.45
3839,hold,21.5
3840,hold,21.55
3841,hold,21.6
3842,hold,21.65
3843,hold,21.75
3844,hold,21.85
3845,hold,21.85
3846,hold,21.6
3847,hold,21.8
3848,hold,21.9
3849,hold,21.85
3850,hold,21.85
3851,hold,21.85
3852,hold,21.8
3853,hold,21.65
3854,hold,21.25
3855,hold,21.15
3856,sell,20.0
3857,hold,20.1
3858,hold,20.05
3859,hold,20.05
3860,hold,20.05
3861,hold,19.95
3862,hold,19.95
3863,hold,20.05
3864,hold,20.3
3865,hold,20.25
3866,hold,20.15
3867,hold,20.2
3868,hold,20.2
3869,hold,20.05
3870,hold,20.15
3871,hold,20.1
3872,hold,20.1
3873,hold,20.2
3874,hold,20.25
3875,hold,20.05
3876,hold,20.15
3877,hold,20.2
3878,buy,20.3
3879,hold,20.45
3880,hold,20.65
3881,hold,20.8
3882,hold,21.0
3883,hold,21.2
3884,hold,21.4
3885,hold,21.45
3886,hold,21.5
3887,hold,21.7
3888,hold,21.6
3889,hold,21.55
3890,hold,21.65
3891,hold,21.75
3892,hold,21.65
3893,hold,21.65
3894,hold,21.75
3895,hold,21.6
3896,hold,21.6
3897,hold,21.55
3898,hold,21.7
3899,hold,21.6
3900,hold,21.85
3901,hold,21.85
3902,hold,21.85
3903,hold,21.85
3904,hold,21.8
3905,hold,21.8
3906,hold,21.9
3907,hold,21.9
3908,hold,22.0
3909,hold,22.15
3910,hold,22.5
3911,hold,22.75
3912,hold,23.1
3913,hold,23.75
3914,hold,23.5
3915,hold,23.55
3916,hold,23.35
3917,hold,23.5
3918,hold,23.25
3919,hold,23.2
3920,hold,22.9
3921,hold,22.8
3922,hold,22.75
3923,hold,22.55
3924,hold,22.6
3925,hold,22.8
3926,hold,22.9
3927,hold,23.0
3928,hold,23.05
3929,hold,22.95
3930,hold,23.0
3931,hold,22.9
3932,hold,22.9
3933,hold,23.0
3934,hold,22.95
3935,hold,22.9
3936,hold,22.9
3937,hold,22.85
3938,hold,22.8
3939,hold,22.75
3940,sell,22.8
3941,hold,22.65
3942,hold,22.5
3943,hold,22.6
3944,buy,22.55
3945,sell,22.55
3946,hold,22.7
3947,hold,22.9
3948,hold,22.9
3949,buy,22.75
3950,sell,23.0
3951,hold,22.95
3952,hold,22.95
3953,hold,22.9
3954,hold,22.9
3955,hold,22.8
3956,hold,22.7
3957,hold,22.8
3958,hold,22.85
3959,buy,22.55
3960,sell,22.55
3961,hold,22.25
3962,hold,22.4
3963,hold,22.4
3964,hold,22.5
3965,hold,22.55
3966,hold,22.35
3967,hold,22.45
3968,hold,22.4
3969,hold,22.45
3970,hold,21.65
3971,hold,21.45
3972,hold,21.75
3973,buy,22.15
3974,hold,22.2
3975,hold,22.75
3976,hold,22.9
3977,hold,22.95
3978,hold,22.7
3979,sell,23.0
3980,hold,23.1
3981,hold,23.2
3982,hold,23.15
3983,hold,23.15
3984,hold,23.5
3985,hold,23.35
3986,hold,23.25
3987,hold,23.25
3988,hold,23.25
3989,hold,23.1
3990,hold,23.2
3991,hold,23.2
3992,hold,23.2
3993,hold,23.3
3994,hold,23.4
3995,hold,23.25
3996,hold,23.0
3997,hold,22.95
3998,hold,23.05
3999,hold,22.2
4000,hold,22.25
4001,hold,21.2
4002,hold,19.45
4003,hold,19.5
4004,hold,18.7
4005,hold,18.7
4006,hold,18.25
4007,hold,19.25
4008,hold,19.65
4009,hold,19.7
4010,hold,19.85
4011,hold,19.5
4012,hold,19.05
4013,hold,18.8
4014,hold,19.15
4015,hold,19.45
4016,hold,19.2
4017,hold,19.4
4018,hold,19.7
4019,hold,19.6
4020,hold,19.75
4021,hold,20.6
4022,hold,20.1
4023,hold,20.3
4024,hold,20.15
4025,hold,19.2
4026,hold,19.1
4027,hold,19.0
4028,hold,18.9
4029,hold,19.4
4030,hold,19.5
4031,hold,19.6
4032,hold,19.6
4033,hold,18.8
4034,hold,18.8
4035,hold,18.75
4036,hold,18.75
4037,hold,18.9
4038,hold,19.15
4039,hold,18.9
4040,hold,19.1
4041,hold,18.8
4042,hold,18.8
4043,hold,18.8
4044,hold,18.85
4045,hold,18.85
4046,hold,19.1
4047,hold,18.75
4048,hold,18.8
4049,hold,19.15
4050,hold,19.05
4051,hold,18.95
4052,hold,18.8
4053,hold,19.1
4054,hold,19.2
4055,hold,19.65
4056,hold,19.85
4057,hold,19.9
4058,hold,20.4
4059,hold,20.15
4060,hold,20.25
4061,hold,19.75
4062,hold,19.45
4063,hold,19.3
4064,hold,19.75
4065,hold,20.05
4066,hold,19.75
4067,hold,19.6
4068,hold,19.4
4069,hold,19.55
4070,hold,19.55
4071,hold,19.25
4072,hold,19.35
4073,hold,19.4
4074,hold,19.5
4075,hold,19.55
4076,hold,19.75
4077,hold,19.65
4078,hold,19.6
4079,hold,19.65
4080,hold,19.45
4081,hold,19.4
4082,hold,19.35
4083,hold,19.6
4084,hold,19.45
4085,hold,19.35
4086,hold,19.3
4087,hold,19.45
4088,hold,19.5
4089,hold,19.35
4090,hold,19.1
4091,hold,18.9
4092,hold,19.0
4093,hold,19.05
4094,hold,19.2
4095,hold,19.0
4096,hold,18.8
4097,hold,18.85
4098,hold,19.05
4099,hold,19.3
4100,hold,19.2
4101,hold,19.4
4102,hold,18.3
4103,hold,18.35
4104,hold,18.55
4105,hold,18.4
4106,hold,18.45
4107,hold,18.6
4108,hold,18.5
4109,hold,18.15
4110,hold,18.3
4111,hold,18.25
4112,hold,18.4
4113,hold,18.35
4114,hold,18.25
4115,hold,18.45
4116,hold,18.25
4117,hold,18.15
4118,hold,17.95
4119,hold,17.95
4120,hold,17.8
4121,hold,17.8
4122,hold,17.9
4123,hold,17.75
4124,hold,18.0
4125,hold,17.9
4126,hold,17.9
4127,hold,18.0
4128,hold,18.0
4129,hold,17.9
4130,hold,18.1
4131,hold,17.8
4132,hold,17.65
4133,hold,17.45
4134,hold,16.9
4135,hold,17.15
4136,hold,17.5
4137,hold,17.45
4138,hold,17.35
4139,hold,17.4
4140,hold,17.6
4141,hold,17.5
4142,hold,17.55
4143,hold,17.6
4144,hold,17.4
4145,hold,17.45
4146,hold,17.3
4147,hold,17.2
4148,hold,17.3
4149,hold,17.35
4150,hold,17.3
4151,hold,17.1
4152,hold,17.3
4153,hold,17.4
4154,hold,17.45
4155,hold,17.3
4156,hold,17.1
4157,hold,17.05
4158,hold,17.25
4159,hold,17.4
4160,hold,17.4
4161,hold,17.55
4162,buy,17.65
4163,sell,17.8
4164,buy,17.95
4165,hold,18.05
4166,hold,17.95
4167,hold,17.9
4168,sell,18.0
4169,hold,18.0
4170,hold,18.05
4171,hold,17.95
4172,hold,17.8
4173,hold,17.95
4174,hold,17.8
4175,hold,17.9
4176,hold,17.95
4177,buy,17.8
4178,sell,17.8
4179,hold,17.75
4180,buy,17.6
4181,sell,17.65
4182,hold,17.75
4183,hold,17.7
4184,hold,17.3
4185,hold,17.1
4186,hold,17.25
4187,hold,17.35
4188,buy,17.2
4189,hold,17.0
4190,sell,17.35
4191,buy,17.3
4192,hold,17.15
4193,sell,17.4
4194,buy,17.15
4195,hold,17.15
4196,sell,17.3
4197,buy,17.35
4198,hold,17.6
4199,hold,17.55
4200,hold,17.95
4201,sell,17.95
