0,hold,27.6
1,hold,28.1
2,hold,28.0
3,hold,28.0
4,hold,27.85
5,hold,27.9
6,hold,28.2
7,hold,28.1
8,hold,28.25
9,hold,28.05
10,hold,27.8
11,hold,27.5
12,hold,28.0
13,hold,27.35
14,hold,27.0
15,hold,27.2
16,hold,27.2
17,buy,27.4
18,hold,27.3
19,hold,27.5
20,hold,27.6
21,hold,27.85
22,hold,27.75
23,hold,27.9
24,hold,27.8
25,hold,27.6
26,sell,27.85
27,hold,27.7
28,hold,27.85
29,hold,27.85
30,hold,27.95
31,hold,27.9
32,hold,27.45
33,hold,27.4
34,hold,27.2
35,hold,27.65
36,buy,27.4
37,hold,27.4
38,sell,27.65
39,hold,27.55
40,hold,27.45
41,hold,27.4
42,hold,27.25
43,hold,27.1
44,hold,27.0
45,hold,27.15
46,hold,26.8
47,hold,26.7
48,hold,26.5
49,hold,26.5
50,hold,26.5
51,hold,26.35
52,hold,26.1
53,hold,26.15
54,hold,25.95
55,hold,26.05
56,hold,25.85
57,hold,26.15
58,hold,26.1
59,hold,25.6
60,hold,25.75
61,hold,25.5
62,hold,25.65
63,hold,25.6
64,buy,25.5
65,sell,25.55
66,hold,25.5
67,hold,25.35
68,hold,25.35
69,hold,25.85
70,buy,25.8
71,hold,25.95
72,hold,26.15
73,hold,26.1
74,hold,26.15
75,sell,26.0
76,hold,25.8
77,hold,25.75
78,hold,25.5
79,hold,25.75
80,hold,25.95
81,buy,25.95
82,hold,25.95
83,hold,25.9
84,sell,25.95
85,hold,26.05
86,buy,26.15
87,hold,26.2
88,hold,26.05
89,sell,26.15
90,hold,26.25
91,hold,25.95
92,hold,25.85
93,hold,25.7
94,hold,25.55
95,hold,25.75
96,hold,25.45
97,hold,25.45
98,hold,25.2
99,hold,25.2
100,hold,25.15
101,hold,24.8
102,hold,24.8
103,hold,24.95
104,hold,24.7
105,hold,24.25
106,hold,24.25
107,hold,24.45
108,hold,24.2
109,hold,24.1
110,hold,23.9
111,hold,23.2
112,hold,23.45
113,buy,23.1
114,hold,23.8
115,hold,23.8
116,hold,24.55
117,hold,24.0
118,hold,23.75
119,sell,23.3
120,hold,23.45
121,hold,23.65
122,buy,23.35
123,hold,23.7
124,hold,24.05
125,hold,25.0
126,hold,25.15
127,hold,25.35
128,hold,25.6
129,hold,25.6
130,sell,25.95
131,hold,25.7
132,hold,25.85
133,hold,26.0
134,buy,25.55
135,sell,25.6
136,hold,25.15
137,hold,24.95
138,hold,25.5
139,hold,24.8
140,hold,24.85
141,hold,25.4
142,hold,25.4
143,hold,25.05
144,hold,25.3
145,hold,25.0
146,hold,24.7
147,hold,25.05
148,hold,25.45
149,buy,25.2
150,hold,24.9
151,sell,25.2
152,hold,25.4
153,hold,25.3
154,hold,25.1
155,hold,25.2
156,hold,25.4
157,buy,25.2
158,hold,25.4
159,sell,25.4
160,buy,25.3
161,hold,25.45
162,hold,25.6
163,hold,25.75
164,hold,26.0
165,hold,25.75
166,sell,25.95
167,hold,26.0
168,hold,26.0
169,hold,26.0
170,hold,25.95
171,hold,25.7
172,hold,25.95
173,hold,26.0
174,buy,25.8
175,sell,26.1
176,hold,26.0
177,hold,26.0
178,hold,25.7
179,hold,26.0
180,hold,25.95
181,hold,25.7
182,hold,25.65
183,hold,25.9
184,hold,26.0
185,hold,25.9
186,hold,25.8
187,hold,25.85
188,hold,25.85
189,hold,25.85
190,hold,25.95
191,hold,25.95
192,hold,25.95
193,hold,26.0
194,hold,25.8
195,hold,25.7
196,hold,25.8
197,hold,25.85
198,buy,25.6
199,sell,25.85
200,hold,25.9
201,hold,25.95
202,hold,25.55
203,hold,25.7
204,hold,25.45
205,hold,25.3
206,hold,25.5
207,hold,25.55
208,hold,25.4
209,hold,25.25
210,hold,25.4
211,hold,25.0
212,hold,24.85
213,hold,25.0
214,hold,25.0
215,hold,25.25
216,hold,25.05
217,hold,24.9
218,hold,25.0
219,hold,25.1
220,buy,25.35
221,hold,25.1
222,hold,25.2
223,sell,25.45
224,hold,25.5
225,hold,25.3
226,hold,25.45
227,hold,25.4
228,buy,25.15
229,sell,25.4
230,hold,25.5
231,buy,25.55
232,hold,25.35
233,sell,25.8
234,hold,25.85
235,buy,25.8
236,sell,26.0
237,hold,26.1
238,hold,26.1
239,hold,26.0
240,hold,25.95
241,hold,26.0
242,hold,26.4
243,hold,26.9
244,hold,27.1
245,hold,27.0
246,hold,26.55
247,hold,26.35
248,hold,26.25
249,hold,26.05
250,hold,26.05
251,hold,26.0
252,hold,26.0
253,hold,26.25
254,buy,26.65
255,hold,26.75
256,hold,26.75
257,hold,26.5
258,sell,26.7
259,hold,26.7
260,hold,26.7
261,hold,26.7
262,hold,26.8
263,hold,26.05
264,hold,25.2
265,hold,25.45
266,hold,25.65
267,buy,25.8
268,hold,25.95
269,hold,26.0
270,hold,25.7
271,sell,26.05
272,hold,25.85
273,hold,26.15
274,hold,26.1
275,hold,25.65
276,hold,25.85
277,hold,25.75
278,buy,25.65
279,hold,25.55
280,sell,25.7
281,hold,25.6
282,buy,25.4
283,hold,25.35
284,sell,25.55
285,hold,25.75
286,hold,25.45
287,hold,25.75
288,hold,25.55
289,hold,25.65
290,hold,25.3
291,hold,25.2
292,hold,25.6
293,buy,25.35
294,hold,25.55
295,hold,25.15
296,sell,25.45
297,hold,25.55
298,buy,25.4
299,hold,25.7
300,hold,25.7
301,hold,25.65
302,hold,25.7
303,hold,25.8
304,hold,25.8
305,hold,25.8
306,sell,25.7
307,hold,25.8
308,hold,25.9
309,buy,25.8
310,sell,25.75
311,hold,26.0
312,buy,25.75
313,sell,25.75
314,hold,25.8
315,hold,25.6
316,hold,25.55
317,hold,25.6
318,hold,25.75
319,hold,25.35
320,hold,25.2
321,hold,25.15
322,hold,25.35
323,hold,25.4
324,hold,25.25
325,hold,25.35
326,hold,25.2
327,hold,25.2
328,hold,25.4
329,hold,25.35
330,hold,25.5
331,hold,25.4
332,hold,25.25
333,hold,25.15
334,hold,25.1
335,hold,24.9
336,hold,24.9
337,hold,25.15
338,hold,25.25
339,hold,25.05
340,hold,25.0
341,hold,25.15
342,hold,25.0
343,buy,24.6
344,sell,25.0
345,hold,24.8
346,buy,24.85
347,hold,24.9
348,hold,24.8
349,hold,24.9
350,sell,24.9
351,buy,24.85
352,sell,25.0
353,buy,24.85
354,hold,24.85
355,sell,25.3
356,hold,25.5
357,hold,25.5
358,hold,25.35
359,hold,25.4
360,hold,25.1
361,hold,25.25
362,hold,25.05
363,hold,25.1
364,hold,25.15
365,hold,25.15
366,hold,25.1
367,hold,25.0
368,hold,25.1
369,hold,25.2
370,hold,25.15
371,hold,25.1
372,hold,25.0
373,hold,24.95
374,hold,24.95
375,hold,25.0
376,buy,25.1
377,hold,25.0
378,hold,25.4
379,hold,25.45
380,hold,25.5
381,hold,25.6
382,sell,25.85
383,hold,26.1
384,hold,26.25
385,hold,25.95
386,hold,25.95
387,hold,26.05
388,hold,25.75
389,hold,25.65
390,hold,25.85
391,hold,25.65
392,buy,25.8
393,sell,26.0
394,hold,26.15
395,hold,25.1
396,hold,25.2
397,hold,25.2
398,hold,25.5
399,buy,25.75
400,hold,25.7
401,hold,25.9
402,hold,25.9
403,hold,25.9
404,hold,26.0
405,hold,26.0
406,hold,25.8
407,sell,25.95
408,hold,25.95
409,buy,26.0
410,hold,26.0
411,hold,26.05
412,hold,26.15
413,sell,26.05
414,hold,26.2
415,hold,26.1
416,hold,26.1
417,hold,25.85
418,hold,26.2
419,hold,26.6
420,hold,26.5
421,hold,26.4
422,hold,26.05
423,hold,26.35
424,hold,26.15
425,hold,26.0
426,hold,25.6
427,hold,26.0
428,hold,25.8
429,hold,25.4
430,hold,25.5
431,hold,25.45
432,hold,25.75
433,buy,25.65
434,hold,25.9
435,hold,25.5
436,hold,25.6
437,sell,25.75
438,hold,25.75
439,hold,25.2
440,hold,25.4
441,hold,25.75
442,buy,25.85
443,hold,25.8
444,hold,25.75
445,sell,25.9
446,buy,25.9
447,hold,26.0
448,sell,26.05
449,hold,26.2
450,hold,26.15
451,hold,25.95
452,hold,26.1
453,hold,26.1
454,buy,25.85
455,sell,26.15
456,hold,26.0
457,buy,25.85
458,sell,25.8
459,hold,25.85
460,hold,25.8
461,hold,25.85
462,hold,25.95
463,buy,26.0
464,hold,25.75
465,sell,26.0
466,hold,25.85
467,hold,26.0
468,hold,26.1
469,hold,26.1
470,hold,25.75
471,hold,25.9
472,hold,26.2
473,buy,26.2
474,hold,26.3
475,hold,26.3
476,sell,26.3
477,hold,25.85
478,hold,25.85
479,hold,25.85
480,hold,25.8
481,hold,25.85
482,hold,25.55
483,hold,25.85
484,hold,26.2
485,buy,26.1
486,hold,26.1
487,hold,26.5
488,hold,26.45
489,hold,26.65
490,hold,26.6
491,sell,26.65
492,hold,26.5
493,hold,26.3
494,hold,26.5
495,hold,26.05
496,hold,26.3
497,hold,26.55
498,buy,26.55
499,hold,26.45
500,sell,26.5
501,hold,26.6
502,hold,26.3
503,hold,26.1
504,hold,26.15
505,hold,26.6
506,buy,26.7
507,hold,26.65
508,hold,26.7
509,hold,26.55
510,sell,26.65
511,hold,26.7
512,buy,26.4
513,sell,26.7
514,hold,26.4
515,hold,26.35
516,hold,26.25
517,hold,26.45
518,hold,26.3
519,hold,26.05
520,hold,26.05
521,hold,26.2
522,hold,26.45
523,hold,26.45
524,hold,26.6
525,hold,26.35
526,hold,26.1
527,hold,26.0
528,hold,26.0
529,hold,26.0
530,buy,25.9
531,sell,25.9
532,hold,25.7
533,hold,25.65
534,hold,25.5
535,hold,25.7
536,buy,25.4
537,hold,25.25
538,sell,25.4
539,hold,25.6
540,hold,25.7
541,hold,25.75
542,hold,25.75
543,hold,25.6
544,hold,25.5
545,hold,25.75
546,buy,25.5
547,hold,25.65
548,hold,26.0
549,hold,25.55
550,sell,25.65
551,hold,25.75
552,hold,25.55
553,hold,25.9
554,hold,25.8
555,hold,25.75
556,hold,25.65
557,hold,25.4
558,hold,25.8
559,hold,25.6
560,buy,25.6
561,sell,25.65
562,hold,25.8
563,buy,25.8
564,hold,26.0
565,hold,26.2
566,hold,26.2
567,hold,26.05
568,sell,25.75
569,hold,25.6
570,hold,25.6
571,hold,25.7
572,hold,25.5
573,hold,25.5
574,hold,25.5
575,hold,25.65
576,buy,25.7
577,hold,25.75
578,hold,25.65
579,sell,25.8
580,hold,25.9
581,hold,25.6
582,hold,25.45
583,hold,25.5
584,hold,25.6
585,hold,25.65
586,hold,25.55
587,hold,25.45
588,hold,25.4
589,hold,25.3
590,hold,25.25
591,hold,25.0
592,hold,24.85
593,hold,24.55
594,hold,24.9
595,hold,24.6
596,hold,24.6
597,hold,24.7
598,hold,24.5
599,hold,24.3
600,hold,24.4
601,buy,24.0
602,hold,24.3
603,hold,24.5
604,hold,24.25
605,hold,24.5
606,hold,24.75
607,hold,24.6
608,hold,24.2
609,sell,24.65
610,hold,24.3
611,hold,24.7
612,hold,24.4
613,hold,24.3
614,hold,24.25
615,hold,24.0
616,hold,23.75
617,hold,23.9
618,buy,24.0
619,hold,24.2
620,hold,24.1
621,hold,24.1
622,hold,23.8
623,sell,24.0
624,hold,23.8
625,hold,23.9
626,hold,22.95
627,hold,22.7
628,hold,22.4
629,hold,22.25
630,hold,22.45
631,hold,22.6
632,hold,22.35
633,hold,22.5
634,hold,22.2
635,hold,22.05
636,hold,21.8
637,hold,21.85
638,hold,21.55
639,hold,20.9
640,hold,20.45
641,hold,20.25
642,hold,20.2
643,hold,19.9
644,hold,19.4
645,hold,19.3
646,hold,18.85
647,hold,18.0
648,buy,19.15
649,hold,19.0
650,hold,19.0
651,hold,19.3
652,hold,19.5
653,hold,19.0
654,hold,19.1
655,hold,19.1
656,hold,19.0
657,hold,19.0
658,hold,19.0
659,hold,19.45
660,hold,19.3
661,hold,19.2
662,sell,19.45
663,hold,19.5
664,buy,19.45
665,hold,19.7
666,sell,20.25
667,buy,19.95
668,sell,20.0
669,hold,20.0
670,hold,19.55
671,hold,19.3
672,hold,19.2
673,hold,19.35
674,hold,19.45
675,buy,19.4
676,hold,19.8
677,hold,20.0
678,hold,20.25
679,hold,21.45
680,hold,21.3
681,sell,21.0
682,hold,21.4
683,hold,20.95
684,hold,21.1
685,hold,21.2
686,hold,20.75
687,hold,20.4
688,hold,20.6
689,hold,21.0
690,hold,20.7
691,hold,20.4
692,hold,20.15
693,hold,19.65
694,hold,19.9
695,hold,20.0
696,hold,20.5
697,hold,20.5
698,hold,20.0
699,hold,19.85
700,hold,19.75
701,hold,19.65
702,hold,19.4
703,hold,19.1
704,hold,18.8
705,hold,18.9
706,hold,18.75
707,hold,19.35
708,hold,18.85
709,hold,18.7
710,hold,18.45
711,hold,18.1
712,hold,18.15
713,hold,18.0
714,hold,18.15
715,hold,18.2
716,hold,18.0
717,hold,17.75
718,hold,17.65
719,hold,17.7
720,hold,17.5
721,hold,17.3
722,hold,17.0
723,hold,17.0
724,hold,16.75
725,hold,16.8
726,buy,16.95
727,hold,17.5
728,hold,17.25
729,hold,17.15
730,sell,17.2
731,hold,17.65
732,hold,18.2
733,hold,18.25
734,hold,18.35
735,hold,17.85
736,hold,17.85
737,hold,17.95
738,hold,17.5
739,hold,17.35
740,hold,17.3
741,hold,17.45
742,hold,17.4
743,hold,17.35
744,hold,17.2
745,hold,17.45
746,hold,17.4
747,buy,17.45
748,hold,17.25
749,sell,17.5
750,buy,17.1
751,sell,17.1
752,hold,17.5
753,hold,17.85
754,hold,17.8
755,hold,17.65
756,hold,17.6
757,hold,17.75
758,hold,17.7
759,buy,18.0
760,hold,18.35
761,hold,18.0
762,sell,18.4
763,hold,18.9
764,buy,18.95
765,sell,19.05
766,buy,19.05
767,hold,19.35
768,sell,20.2
769,hold,20.15
770,hold,20.2
771,hold,20.6
772,buy,20.6
773,hold,20.9
774,hold,21.75
775,hold,22.0
776,hold,22.6
777,hold,22.7
778,sell,21.8
779,hold,21.85
780,hold,22.2
781,hold,22.15
782,buy,21.9
783,sell,22.2
784,hold,22.4
785,buy,22.55
786,hold,22.5
787,hold,22.65
788,sell,22.65
789,hold,22.65
790,hold,22.5
791,hold,22.15
792,hold,22.1
793,hold,22.2
794,hold,22.4
795,hold,21.95
796,hold,21.4
797,hold,20.75
798,hold,21.2
799,buy,21.15
800,hold,21.6
801,hold,22.35
802,hold,22.75
803,hold,22.7
804,hold,22.45
805,sell,22.7
806,hold,22.35
807,hold,22.85
808,buy,22.85
809,hold,23.0
810,hold,23.25
811,sell,23.5
812,hold,23.2
813,hold,22.65
814,hold,22.4
815,hold,21.05
816,hold,20.8
817,hold,20.9
818,hold,20.8
819,hold,20.4
820,hold,20.4
821,hold,20.5
822,hold,20.05
823,hold,19.85
824,hold,20.0
825,hold,19.95
826,hold,19.6
827,hold,19.8
828,buy,20.3
829,hold,19.85
830,hold,20.15
831,hold,20.4
832,hold,20.4
833,hold,20.4
834,hold,20.25
835,sell,20.95
836,buy,20.65
837,hold,20.9
838,hold,20.9
839,hold,21.0
840,hold,21.25
841,hold,21.5
842,hold,20.75
843,sell,20.85
844,hold,20.8
845,hold,20.5
846,hold,20.7
847,hold,20.9
848,hold,21.05
849,hold,21.0
850,hold,21.0
851,hold,20.5
852,hold,20.45
853,hold,20.4
854,hold,20.9
855,hold,20.9
856,hold,20.65
857,hold,20.95
858,hold,20.85
859,hold,20.5
860,hold,20.65
861,hold,20.95
862,buy,20.95
863,hold,21.55
864,hold,22.7
865,hold,22.7
866,hold,22.7
867,sell,22.7
868,hold,22.35
869,hold,22.85
870,hold,22.8
871,hold,22.85
872,hold,22.4
873,hold,22.45
874,hold,22.45
875,hold,22.05
876,hold,22.35
877,hold,22.7
878,buy,22.4
879,sell,22.4
880,hold,22.6
881,hold,22.7
882,hold,22.9
883,hold,22.95
884,hold,22.8
885,hold,22.8
886,hold,22.55
887,hold,22.75
888,hold,22.7
889,hold,22.9
890,hold,22.65
891,hold,22.6
892,hold,22.8
893,hold,22.6
894,buy,22.4
895,sell,22.5
896,hold,22.25
897,hold,22.4
898,hold,22.0
899,hold,21.75
900,hold,22.0
901,hold,22.35
902,hold,22.55
903,hold,22.75
904,hold,22.7
905,hold,22.35
906,hold,22.1
907,hold,21.8
908,hold,21.65
909,hold,21.3
910,hold,21.5
911,buy,21.9
912,hold,22.0
913,hold,22.2
914,hold,22.2
915,hold,21.9
916,sell,22.35
917,hold,22.1
918,hold,22.3
919,hold,22.3
920,hold,22.0
921,hold,22.05
922,hold,22.0
923,hold,22.0
924,hold,21.8
925,hold,21.7
926,hold,21.8
927,hold,21.75
928,buy,22.0
929,hold,22.25
930,hold,22.3
931,hold,22.2
932,hold,22.3
933,sell,22.45
934,hold,22.75
935,hold,22.7
936,hold,22.6
937,hold,22.8
938,hold,22.75
939,buy,22.4
940,sell,22.45
941,hold,22.6
942,hold,22.95
943,buy,23.7
944,hold,23.4
945,sell,24.6
946,hold,24.5
947,buy,24.4
948,sell,24.4
949,hold,24.05
950,hold,24.3
951,hold,24.05
952,hold,24.5
953,buy,24.5
954,hold,24.6
955,hold,24.7
956,hold,25.1
957,hold,25.55
958,hold,25.45
959,sell,25.0
960,hold,24.9
961,hold,25.0
962,hold,24.95
963,buy,25.25
964,hold,25.25
965,hold,25.7
966,hold,25.55
967,hold,25.65
968,sell,25.7
969,hold,25.65
970,hold,25.55
971,hold,25.25
972,hold,24.95
973,hold,25.55
974,hold,25.2
975,hold,24.9
976,hold,24.6
977,hold,24.4
978,hold,24.25
979,hold,24.75
980,hold,24.5
981,hold,24.65
982,hold,24.45
983,hold,24.7
984,hold,24.85
985,hold,24.7
986,hold,24.55
987,hold,24.55
988,hold,25.05
989,hold,25.1
990,hold,25.15
991,hold,24.9
992,hold,24.9
993,hold,25.1
994,buy,25.1
995,hold,25.1
996,hold,25.25
997,hold,25.3
998,hold,25.4
999,sell,25.55
1000,hold,25.55
1001,hold,25.5
1002,hold,25.05
1003,hold,25.25
1004,hold,25.6
1005,buy,25.6
1006,hold,25.7
1007,hold,26.3
1008,hold,25.9
1009,sell,25.9
1010,hold,25.9
1011,hold,25.95
1012,hold,26.1
1013,hold,26.1
1014,hold,26.1
1015,hold,25.8
1016,hold,25.7
1017,hold,25.85
1018,hold,25.55
1019,hold,25.7
1020,hold,25.9
1021,hold,25.65
1022,hold,25.35
1023,hold,25.35
1024,hold,25.45
1025,buy,25.5
1026,hold,25.6
1027,hold,25.75
1028,hold,25.85
1029,hold,25.85
1030,hold,25.9
1031,hold,25.75
1032,hold,25.7
1033,sell,25.5
1034,hold,25.55
1035,hold,25.5
1036,hold,25.45
1037,hold,25.5
1038,hold,25.3
1039,hold,25.95
1040,buy,25.7
1041,hold,25.4
1042,sell,25.75
1043,hold,25.7
1044,hold,25.7
1045,hold,25.25
1046,hold,25.1
1047,hold,25.0
1048,hold,25.0
1049,hold,24.2
1050,hold,23.85
1051,hold,24.3
1052,hold,24.3
1053,hold,24.8
1054,hold,24.9
1055,hold,24.55
1056,hold,24.2
1057,hold,24.25
1058,hold,24.5
1059,hold,24.3
1060,hold,24.05
1061,hold,23.9
1062,hold,23.9
1063,hold,23.9
1064,buy,23.8
1065,sell,23.9
1066,hold,24.15
1067,hold,24.65
1068,hold,24.75
1069,hold,24.6
1070,hold,24.6
1071,hold,24.35
1072,hold,24.5
1073,hold,24.45
1074,hold,24.6
1075,hold,24.7
1076,hold,24.75
1077,hold,24.4
1078,hold,24.5
1079,hold,24.5
1080,hold,24.5
1081,hold,24.5
1082,hold,24.45
1083,hold,24.35
1084,hold,24.35
1085,hold,24.2
1086,hold,24.35
1087,hold,24.45
1088,hold,24.25
1089,hold,24.1
1090,hold,24.2
1091,hold,24.1
1092,buy,24.5
1093,hold,24.5
1094,hold,24.5
1095,hold,24.75
1096,hold,24.75
1097,hold,24.95
1098,hold,24.95
1099,sell,24.75
1100,hold,25.4
1101,hold,25.5
1102,hold,25.7
1103,hold,25.85
1104,hold,25.55
1105,hold,25.3
1106,hold,25.55
1107,hold,25.55
1108,buy,25.55
1109,hold,25.6
1110,sell,25.8
1111,buy,25.85
1112,hold,25.7
1113,sell,25.8
1114,hold,25.4
1115,hold,25.5
1116,hold,25.4
1117,hold,24.6
1118,hold,24.85
1119,hold,24.6
1120,hold,24.8
1121,buy,25.15
1122,hold,25.35
1123,hold,25.4
1124,hold,25.5
1125,hold,25.4
1126,hold,25.3
1127,sell,25.25
1128,hold,24.85
1129,hold,24.85
1130,hold,24.8
1131,hold,24.85
1132,hold,24.65
1133,hold,24.7
1134,hold,24.7
1135,hold,24.65
1136,hold,25.4
1137,buy,25.3
1138,hold,25.4
1139,hold,25.45
1140,hold,25.4
1141,hold,25.3
1142,sell,25.4
1143,hold,25.3
1144,hold,25.15
1145,hold,25.2
1146,hold,25.3
1147,buy,25.05
1148,sell,25.15
1149,hold,25.2
1150,hold,25.3
1151,hold,25.3
1152,hold,25.05
1153,hold,25.0
1154,hold,24.75
1155,hold,25.05
1156,hold,24.85
1157,hold,24.55
1158,hold,24.6
1159,hold,24.4
1160,buy,24.25
1161,sell,24.25
1162,hold,24.25
1163,buy,24.35
1164,hold,24.35
1165,hold,24.45
1166,hold,24.5
1167,hold,24.45
1168,hold,24.65
1169,hold,24.6
1170,hold,24.45
1171,hold,24.7
1172,hold,24.7
1173,hold,24.85
1174,hold,24.8
1175,sell,24.85
1176,hold,24.85
1177,buy,24.75
1178,sell,24.8
1179,hold,24.75
1180,hold,24.75
1181,hold,24.7
1182,hold,24.65
1183,hold,24.65
1184,hold,24.55
1185,hold,24.5
1186,hold,24.6
1187,hold,24.7
1188,buy,24.7
1189,hold,24.7
1190,hold,24.55
1191,sell,24.7
1192,hold,24.6
1193,hold,24.65
1194,hold,24.6
1195,hold,24.4
1196,hold,24.3
1197,hold,24.4
1198,buy,24.35
1199,hold,24.3
1200,sell,24.6
1201,hold,24.65
1202,hold,24.4
1203,hold,24.4
1204,hold,24.35
1205,hold,24.45
1206,hold,24.5
1207,hold,24.45
1208,hold,24.7
1209,hold,24.65
1210,hold,24.5
1211,hold,24.45
1212,hold,24.4
1213,hold,24.35
1214,hold,24.3
1215,hold,24.3
1216,buy,24.25
1217,hold,24.25
1218,sell,24.25
1219,hold,24.15
1220,hold,24.2
1221,hold,24.25
1222,buy,24.45
1223,hold,24.35
1224,hold,24.4
1225,hold,24.55
1226,hold,24.7
1227,hold,24.75
1228,hold,24.7
1229,sell,24.9
1230,hold,24.8
1231,hold,24.95
1232,hold,25.25
1233,buy,25.25
1234,sell,25.3
1235,hold,25.3
1236,hold,25.35
1237,hold,25.1
1238,hold,25.2
1239,hold,25.15
1240,hold,25.15
1241,hold,25.1
1242,hold,25.05
1243,hold,25.0
1244,hold,25.0
1245,hold,25.1
1246,hold,25.1
1247,hold,25.15
1248,hold,24.9
1249,hold,24.9
1250,hold,24.85
1251,hold,24.8
1252,hold,24.5
1253,hold,23.6
1254,hold,23.6
1255,hold,23.75
1256,buy,23.75
1257,hold,23.65
1258,hold,24.5
1259,hold,24.3
1260,hold,24.5
1261,hold,24.2
1262,sell,24.1
1263,hold,24.4
1264,hold,23.95
1265,hold,23.6
1266,hold,23.7
1267,hold,23.5
1268,hold,23.5
1269,hold,23.6
1270,hold,23.7
1271,hold,23.85
1272,hold,23.85
1273,hold,23.75
1274,hold,23.7
1275,hold,23.9
1276,hold,23.75
1277,hold,23.75
1278,hold,23.85
1279,hold,23.5
1280,hold,23.45
1281,hold,23.55
1282,hold,23.4
1283,buy,23.2
1284,sell,23.5
1285,buy,23.45
1286,hold,23.5
1287,hold,23.35
1288,sell,23.8
1289,hold,23.75
1290,hold,23.6
1291,hold,23.6
1292,hold,23.45
1293,hold,23.45
1294,hold,23.3
1295,hold,23.4
1296,hold,23.7
1297,hold,23.65
1298,hold,23.6
1299,hold,23.3
1300,hold,23.4
1301,hold,23.35
1302,hold,23.4
1303,hold,23.5
1304,hold,23.65
1305,hold,23.25
1306,hold,23.25
1307,hold,23.25
1308,hold,23.4
1309,buy,23.45
1310,hold,23.45
1311,hold,23.55
1312,hold,23.5
1313,hold,23.35
1314,sell,23.5
1315,hold,23.35
1316,hold,23.4
1317,hold,23.4
1318,hold,23.3
1319,buy,23.2
1320,sell,23.25
1321,hold,23.35
1322,buy,23.4
1323,hold,23.4
1324,hold,23.2
1325,sell,23.6
1326,buy,23.75
1327,hold,24.2
1328,hold,24.3
1329,hold,24.25
1330,sell,24.4
1331,hold,24.4
1332,buy,24.1
1333,sell,24.15
1334,hold,24.05
1335,hold,23.7
1336,hold,23.65
1337,hold,23.4
1338,hold,23.8
1339,hold,23.65
1340,hold,23.7
1341,hold,23.4
1342,hold,23.4
1343,hold,23.25
1344,hold,23.25
1345,hold,23.7
1346,hold,23.25
1347,hold,23.25
1348,hold,23.5
1349,buy,23.45
1350,hold,23.5
1351,hold,23.6
1352,hold,23.65
1353,hold,23.7
1354,hold,23.8
1355,hold,23.9
1356,hold,23.9
1357,sell,24.0
1358,hold,24.1
1359,buy,24.2
1360,hold,24.25
1361,sell,24.25
1362,hold,24.75
1363,hold,24.8
1364,hold,24.65
1365,hold,24.65
1366,hold,24.8
1367,hold,25.0
1368,hold,24.95
1369,hold,24.65
1370,hold,24.75
1371,hold,24.9
1372,hold,24.9
1373,hold,24.95
1374,hold,24.85
1375,hold,24.55
1376,hold,24.35
1377,hold,24.95
1378,hold,24.75
1379,hold,24.9
1380,hold,24.65
1381,hold,24.95
1382,hold,25.0
1383,buy,25.3
1384,hold,25.5
1385,hold,25.25
1386,sell,25.3
1387,hold,25.5
1388,hold,25.45
1389,hold,25.25
1390,hold,25.15
1391,hold,24.85
1392,hold,24.95
1393,hold,24.65
1394,hold,24.8
1395,hold,24.7
1396,hold,24.6
1397,hold,24.55
1398,hold,24.3
1399,hold,24.45
1400,hold,24.45
1401,buy,24.5
1402,hold,25.0
1403,hold,25.1
1404,hold,25.0
1405,hold,25.25
1406,hold,25.35
1407,hold,25.45
1408,sell,25.45
1409,hold,25.5
1410,hold,25.5
1411,hold,25.2
1412,hold,25.45
1413,hold,25.4
1414,buy,25.1
1415,sell,25.25
1416,hold,25.35
1417,buy,24.2
1418,sell,24.5
1419,hold,24.05
1420,hold,24.45
1421,hold,24.15
1422,buy,24.25
1423,sell,24.3
1424,buy,24.15
1425,sell,24.15
1426,hold,23.7
1427,hold,23.75
1428,hold,23.65
1429,hold,23.75
1430,hold,24.15
1431,hold,24.4
1432,hold,24.05
1433,hold,24.15
1434,hold,24.35
1435,hold,24.35
1436,hold,24.5
1437,hold,24.7
1438,hold,24.25
1439,hold,24.25
1440,hold,24.25
1441,hold,24.1
1442,hold,24.1
1443,hold,24.45
1444,hold,24.5
1445,hold,24.25
1446,hold,24.05
1447,hold,24.05
1448,hold,23.85
1449,hold,23.95
1450,hold,23.65
1451,buy,23.85
1452,hold,23.85
1453,hold,24.0
1454,hold,24.25
1455,hold,24.45
1456,hold,24.25
1457,hold,23.95
1458,sell,23.9
1459,hold,23.8
1460,hold,23.95
1461,hold,24.35
1462,hold,24.3
1463,hold,24.15
1464,hold,24.05
1465,hold,24.05
1466,hold,24.3
1467,hold,24.3
1468,hold,24.2
1469,hold,24.05
1470,hold,24.15
1471,hold,23.8
1472,hold,23.8
1473,hold,23.95
1474,hold,24.25
1475,buy,24.0
1476,hold,24.15
1477,hold,24.2
1478,hold,24.45
1479,hold,24.5
1480,hold,24.95
1481,hold,24.9
1482,sell,24.9
1483,hold,24.9
1484,hold,25.0
1485,buy,24.95
1486,hold,25.0
1487,hold,25.0
1488,hold,25.05
1489,sell,25.05
1490,hold,25.05
1491,hold,25.1
1492,buy,25.35
1493,hold,25.35
1494,sell,25.35
1495,hold,25.45
1496,buy,25.25
1497,sell,25.45
1498,hold,25.5
1499,buy,25.2
1500,sell,25.2
1501,hold,25.15
1502,hold,25.0
1503,hold,25.2
1504,hold,25.25
1505,buy,25.25
1506,hold,25.3
1507,hold,25.5
1508,hold,25.5
1509,hold,25.35
1510,sell,25.4
1511,hold,25.15
1512,hold,24.95
1513,hold,24.75
1514,hold,24.7
1515,hold,25.1
1516,buy,25.0
1517,hold,24.75
1518,sell,25.05
1519,hold,25.05
1520,buy,24.85
1521,sell,25.05
1522,hold,25.0
1523,buy,25.0
1524,hold,24.85
1525,sell,25.0
1526,hold,25.05
1527,hold,25.0
1528,hold,25.3
1529,hold,25.0
1530,hold,24.9
1531,hold,25.0
1532,hold,25.1
1533,hold,25.1
1534,hold,25.25
1535,hold,25.05
1536,hold,25.2
1537,hold,25.05
1538,hold,25.2
1539,hold,25.25
1540,buy,25.1
1541,sell,25.2
1542,hold,25.1
1543,hold,25.15
1544,hold,25.1
1545,hold,25.0
1546,hold,25.1
1547,hold,25.1
1548,hold,24.95
1549,hold,24.9
1550,hold,25.1
1551,hold,25.0
1552,hold,25.1
1553,hold,25.05
1554,hold,24.7
1555,hold,24.55
1556,hold,24.45
1557,hold,24.1
1558,buy,24.0
1559,sell,24.0
1560,buy,24.0
1561,hold,24.2
1562,hold,24.65
1563,hold,24.45
1564,hold,24.45
1565,sell,24.4
1566,hold,24.3
1567,hold,24.3
1568,hold,24.1
1569,hold,24.1
1570,hold,24.3
1571,buy,24.15
1572,hold,24.2
1573,sell,24.2
1574,hold,24.35
1575,buy,24.5
1576,hold,24.4
1577,hold,24.55
1578,hold,24.45
1579,hold,24.5
1580,sell,24.55
1581,hold,24.6
1582,buy,24.95
1583,hold,24.8
1584,sell,25.0
1585,hold,25.0
1586,hold,25.0
1587,hold,24.9
1588,hold,24.9
1589,hold,24.95
1590,hold,24.85
1591,hold,24.6
1592,hold,24.7
1593,hold,24.65
1594,hold,24.7
1595,hold,24.8
1596,buy,24.65
1597,sell,24.85
1598,hold,24.8
1599,buy,24.8
1600,hold,24.7
1601,sell,24.85
1602,hold,24.85
1603,buy,24.7
1604,sell,24.9
1605,hold,24.9
1606,hold,24.9
1607,hold,25.0
1608,hold,24.1
1609,hold,24.2
1610,hold,24.15
1611,hold,24.1
1612,hold,24.0
1613,hold,23.8
1614,hold,23.65
1615,hold,23.5
1616,hold,23.5
1617,hold,23.3
1618,hold,23.4
1619,hold,23.3
1620,hold,23.25
1621,hold,23.2
1622,hold,23.05
1623,hold,23.1
1624,buy,23.05
1625,hold,23.05
1626,sell,23.05
1627,hold,23.15
1628,hold,23.15
1629,hold,22.95
1630,hold,22.85
1631,hold,23.1
1632,buy,22.95
1633,hold,23.15
1634,hold,23.2
1635,hold,23.0
1636,hold,23.0
1637,sell,23.15
1638,buy,23.15
1639,hold,23.2
1640,hold,23.35
1641,hold,23.5
1642,hold,23.5
1643,sell,23.55
1644,hold,23.2
1645,hold,23.2
1646,hold,23.2
1647,hold,23.45
1648,hold,23.15
1649,hold,23.2
1650,hold,23.1
1651,hold,23.1
1652,hold,23.0
1653,hold,23.05
1654,hold,22.95
1655,buy,22.85
1656,sell,22.85
1657,hold,22.95
1658,buy,23.05
1659,hold,22.9
1660,hold,23.15
1661,hold,23.2
1662,hold,23.2
1663,hold,23.25
1664,hold,23.25
1665,hold,23.3
1666,hold,23.4
1667,hold,23.4
1668,hold,23.5
1669,sell,23.45
1670,hold,23.35
1671,hold,23.4
1672,hold,23.5
1673,buy,23.45
1674,hold,23.55
1675,sell,23.6
1676,hold,23.8
1677,hold,23.65
1678,hold,23.75
1679,hold,23.8
1680,hold,23.8
1681,hold,23.8
1682,hold,23.35
1683,hold,23.2
1684,hold,23.2
1685,hold,23.45
1686,hold,23.5
1687,hold,23.5
1688,hold,23.4
1689,hold,23.45
1690,hold,23.45
1691,hold,23.55
1692,hold,23.65
1693,hold,23.7
1694,hold,23.4
1695,hold,23.4
1696,hold,23.55
1697,hold,23.6
1698,hold,23.45
1699,hold,23.4
1700,hold,23.4
1701,hold,23.45
1702,buy,23.5
1703,hold,23.45
1704,sell,23.7
1705,buy,23.5
1706,hold,23.8
1707,hold,23.9
1708,hold,23.7
1709,sell,23.65
1710,hold,23.9
1711,buy,23.85
1712,hold,23.8
1713,sell,23.9
1714,hold,23.95
1715,buy,24.0
1716,hold,23.9
1717,sell,24.0
1718,hold,24.1
1719,hold,23.8
1720,hold,23.7
1721,hold,23.55
1722,hold,23.75
1723,hold,23.85
1724,buy,24.0
1725,hold,24.05
1726,hold,24.05
1727,hold,24.0
1728,sell,24.05
1729,hold,24.05
1730,buy,23.0
1731,sell,23.1
1732,hold,23.0
1733,hold,23.2
1734,buy,23.25
1735,hold,23.35
1736,hold,23.3
1737,hold,23.45
1738,hold,23.45
1739,hold,23.45
1740,hold,23.4
1741,sell,23.45
1742,hold,23.35
1743,hold,23.45
1744,hold,23.5
1745,hold,23.3
1746,hold,23.2
1747,hold,23.0
1748,hold,22.95
1749,hold,22.85
1750,hold,23.0
1751,hold,22.9
1752,hold,23.0
1753,hold,23.2
1754,hold,23.3
1755,hold,22.9
1756,hold,22.4
1757,hold,22.35
1758,hold,22.35
1759,hold,21.4
1760,hold,20.2
1761,hold,20.0
1762,hold,19.5
1763,hold,19.3
1764,hold,18.6
1765,hold,19.8
1766,buy,18.9
1767,hold,19.05
1768,sell,19.4
1769,hold,19.55
1770,hold,19.4
1771,hold,19.0
1772,hold,18.95
1773,hold,18.8
1774,buy,19.25
1775,hold,19.3
1776,hold,19.55
1777,hold,19.5
1778,hold,19.7
1779,hold,19.55
1780,hold,19.75
1781,hold,20.0
1782,hold,19.75
1783,sell,19.75
1784,hold,19.6
1785,hold,19.1
1786,hold,19.15
1787,hold,19.15
1788,hold,19.15
1789,hold,19.5
1790,buy,19.55
1791,hold,19.85
1792,hold,20.0
1793,hold,19.55
1794,sell,19.8
1795,hold,19.55
1796,hold,19.55
1797,hold,19.65
1798,hold,19.85
1799,hold,19.6
1800,hold,19.85
1801,hold,19.55
1802,hold,19.55
1803,hold,19.65
1804,hold,19.8
1805,hold,19.9
1806,hold,19.9
1807,hold,19.6
1808,hold,19.65
1809,hold,19.9
1810,buy,19.9
1811,hold,19.95
1812,hold,19.8
1813,sell,20.1
1814,hold,20.4
1815,buy,20.9
1816,hold,20.95
1817,sell,21.0
1818,hold,21.2
1819,hold,21.3
1820,hold,21.2
1821,hold,20.9
1822,hold,20.65
1823,hold,20.35
1824,hold,20.8
1825,hold,20.95
1826,buy,20.55
1827,hold,20.5
1828,sell,20.55
1829,hold,20.75
1830,hold,20.85
1831,buy,20.55
1832,sell,20.7
1833,hold,20.6
1834,hold,20.55
1835,hold,20.75
1836,hold,21.0
1837,hold,20.75
1838,hold,20.85
1839,hold,20.85
1840,hold,20.7
1841,hold,20.7
1842,hold,20.6
1843,hold,20.9
1844,hold,20.9
1845,hold,20.9
1846,hold,20.8
1847,hold,20.6
1848,hold,20.7
1849,hold,20.7
1850,hold,20.15
1851,hold,20.0
1852,hold,19.9
1853,hold,19.9
1854,hold,19.9
1855,hold,19.8
1856,hold,19.6
1857,hold,19.85
1858,hold,20.0
1859,hold,20.1
1860,hold,19.95
1861,hold,20.1
1862,hold,20.2
1863,hold,20.2
1864,hold,20.2
1865,hold,20.2
1866,hold,20.4
1867,hold,20.5
1868,hold,20.25
1869,hold,19.8
1870,hold,20.0
1871,hold,20.0
1872,hold,20.0
1873,hold,20.1
1874,hold,20.05
1875,hold,20.0
1876,hold,19.9
1877,hold,20.0
1878,hold,20.1
1879,buy,20.15
1880,hold,20.0
1881,sell,21.0
1882,buy,20.9
1883,hold,21.0
1884,hold,20.9
1885,sell,20.95
1886,hold,20.95
1887,hold,20.95
1888,hold,21.0
1889,hold,20.9
1890,hold,20.7
1891,hold,20.7
1892,hold,20.6
1893,hold,20.55
1894,hold,20.0
1895,hold,20.15
1896,hold,20.45
1897,hold,20.6
1898,hold,20.45
1899,hold,20.6
1900,hold,20.75
1901,hold,20.65
1902,hold,20.65
1903,hold,20.5
1904,hold,20.55
1905,hold,20.7
1906,buy,20.4
1907,hold,20.45
1908,sell,20.6
1909,hold,20.7
1910,hold,20.55
1911,hold,20.55
1912,hold,20.5
1913,hold,20.7
1914,hold,20.7
1915,hold,20.55
1916,hold,20.4
1917,hold,20.3
1918,hold,20.5
1919,buy,20.6
1920,hold,20.65
1921,hold,20.7
1922,hold,20.7
1923,hold,20.7
1924,hold,20.8
1925,hold,21.75
1926,hold,21.6
1927,sell,21.6
1928,hold,21.6
1929,hold,21.95
1930,buy,22.0
1931,hold,22.0
1932,hold,22.0
1933,hold,22.65
1934,sell,22.65
1935,hold,23.05
1936,hold,23.1
1937,hold,23.15
1938,hold,22.8
1939,hold,23.1
1940,hold,23.3
1941,buy,23.3
1942,hold,23.4
1943,hold,23.45
1944,hold,23.35
1945,sell,23.35
1946,hold,23.65
1947,hold,23.95
1948,hold,24.65
1949,hold,24.35
1950,hold,24.4
1951,hold,24.4
1952,hold,24.45
1953,hold,24.95
1954,hold,24.5
1955,hold,24.4
1956,hold,24.35
1957,hold,24.2
1958,hold,24.3
1959,hold,24.65
1960,hold,25.0
1961,hold,24.75
