0,buy,35.1
1,hold,35.3
2,hold,35.0
3,hold,35.35
4,hold,35.1
5,hold,36.0
6,hold,37.2
7,sell,36.7
8,buy,36.8
9,hold,35.8
10,hold,35.5
11,hold,35.2
12,hold,36.3
13,hold,36.4
14,hold,36.95
15,hold,36.8
16,hold,36.5
17,hold,36.4
18,hold,36.8
19,hold,36.85
20,hold,37.2
21,hold,37.75
22,sell,37.95
23,hold,39.3
24,hold,39.6
25,hold,39.8
26,hold,39.95
27,hold,39.7
28,hold,40.0
29,hold,39.0
30,hold,39.3
31,hold,39.95
32,hold,39.6
33,hold,39.25
34,hold,40.0
35,hold,40.4
36,hold,39.65
37,hold,40.35
38,hold,40.4
39,hold,41.0
40,hold,43.0
41,hold,44.0
42,hold,42.1
43,hold,42.35
44,hold,42.85
45,hold,42.85
46,hold,41.4
47,hold,41.7
48,hold,41.85
49,hold,42.2
50,hold,41.75
51,hold,42.15
52,hold,41.85
53,hold,43.0
54,hold,42.75
55,hold,42.8
56,hold,41.95
57,hold,40.85
58,hold,40.9
59,hold,39.9
60,hold,40.0
61,hold,40.9
62,hold,41.0
63,hold,41.1
64,hold,40.45
65,hold,40.4
66,hold,40.5
67,hold,40.4
68,hold,41.2
69,hold,41.8
70,hold,41.75
71,hold,42.2
72,hold,42.0
73,hold,42.3
74,hold,41.9
75,hold,42.15
76,hold,42.1
77,hold,42.35
78,hold,40.9
79,hold,40.4
80,hold,40.85
81,hold,41.0
82,hold,41.4
83,hold,41.1
84,hold,41.25
85,hold,42.15
86,hold,43.15
87,hold,42.75
88,hold,42.85
89,hold,42.0
90,hold,41.7
91,hold,40.35
92,hold,40.35
93,hold,40.45
94,hold,40.25
95,hold,40.65
96,hold,40.1
97,hold,39.7
98,hold,39.2
99,hold,39.45
100,hold,39.7
101,hold,39.5
102,hold,39.65
103,hold,39.85
104,hold,40.05
105,hold,39.45
106,hold,39.65
107,hold,39.95
108,hold,39.8
109,hold,39.6
110,hold,39.3
111,hold,38.9
112,hold,39.0
113,hold,37.9
114,hold,38.65
115,hold,40.0
116,hold,40.85
117,hold,39.75
118,buy,39.05
119,hold,37.05
120,hold,37.15
121,hold,37.7
122,hold,37.4
123,hold,38.3
124,hold,38.95
125,hold,39.95
126,hold,41.2
127,sell,40.15
128,buy,40.0
129,hold,40.3
130,hold,40.55
131,hold,40.35
132,hold,40.8
133,hold,41.3
134,hold,40.75
135,hold,40.75
136,hold,40.75
137,hold,40.8
138,hold,41.45
139,hold,42.1
140,sell,41.55
141,hold,42.15
142,hold,42.45
143,hold,41.8
144,hold,40.5
145,hold,41.0
146,hold,40.55
147,hold,40.65
148,hold,41.5
149,hold,41.2
150,hold,40.85
151,hold,40.9
152,hold,40.9
153,hold,41.2
154,hold,40.75
155,hold,40.5
156,hold,40.4
157,hold,39.9
158,hold,39.6
159,hold,40.25
160,hold,41.0
161,hold,40.85
162,hold,41.15
163,hold,41.0
164,hold,41.3
165,hold,40.85
166,hold,41.0
167,hold,40.35
168,hold,40.85
169,hold,40.7
170,hold,40.7
171,hold,40.55
172,hold,41.3
173,hold,41.35
174,hold,41.35
175,hold,41.9
176,hold,41.75
177,hold,41.85
178,hold,41.35
179,hold,41.45
180,hold,40.9
181,hold,40.9
182,hold,40.7
183,hold,42.0
184,hold,42.15
185,buy,42.15
186,hold,42.95
187,sell,43.25
188,hold,43.25
189,hold,43.5
190,hold,43.55
191,hold,43.25
192,hold,43.3
193,hold,42.6
194,hold,42.9
195,hold,42.75
196,hold,41.75
197,hold,41.45
198,hold,41.25
199,hold,42.05
200,hold,42.25
201,hold,42.95
202,hold,43.0
203,hold,42.2
204,hold,41.5
205,hold,41.0
206,hold,41.25
207,hold,40.85
208,hold,41.0
209,hold,40.85
210,hold,41.2
211,hold,40.65
212,hold,40.75
213,hold,40.85
214,hold,41.7
215,hold,41.9
216,hold,41.8
217,hold,40.9
218,hold,41.2
219,hold,42.0
220,hold,41.8
221,hold,41.95
222,hold,41.95
223,hold,42.3
224,hold,42.25
225,hold,42.0
226,hold,42.0
227,hold,41.85
228,hold,41.7
229,hold,42.1
230,hold,42.45
231,hold,42.5
232,hold,41.95
233,hold,41.85
234,hold,41.3
235,hold,41.5
236,hold,41.35
237,hold,42.1
238,hold,42.15
239,hold,42.65
240,hold,42.6
241,hold,42.75
242,hold,42.55
243,hold,42.95
244,hold,43.7
245,hold,43.6
246,hold,43.55
247,hold,43.0
248,hold,42.25
249,hold,42.6
250,hold,42.5
251,hold,43.0
252,hold,42.7
253,hold,43.35
254,hold,43.3
255,hold,43.05
256,hold,43.0
257,hold,43.05
258,hold,43.6
259,hold,43.7
260,hold,43.9
261,hold,43.4
262,hold,43.3
263,hold,42.8
264,hold,41.3
265,hold,41.5
266,hold,41.75
267,hold,41.6
268,hold,42.1
269,hold,42.6
270,hold,42.4
271,hold,42.8
272,hold,42.45
273,hold,43.0
274,hold,43.2
275,hold,43.05
276,hold,43.4
277,hold,42.3
278,hold,42.2
279,hold,42.0
280,hold,42.35
281,hold,41.95
282,hold,41.6
283,hold,41.75
284,hold,42.0
285,hold,42.3
286,hold,41.5
287,hold,41.5
288,hold,41.5
289,hold,41.5
290,hold,41.35
291,hold,41.7
292,hold,41.8
293,hold,41.35
294,hold,40.5
295,hold,40.55
296,hold,40.55
297,hold,41.0
298,hold,41.1
299,hold,41.1
300,hold,41.3
301,hold,41.3
302,hold,41.4
303,hold,41.8
304,hold,41.6
305,hold,41.5
306,hold,41.2
307,hold,41.3
308,hold,41.8
309,hold,41.85
310,hold,41.65
311,hold,41.55
312,hold,41.6
313,hold,41.6
314,hold,41.55
315,hold,41.1
316,hold,41.3
317,hold,40.75
318,hold,40.65
319,hold,39.75
320,hold,39.15
321,hold,39.15
322,hold,39.0
323,hold,39.6
324,hold,39.15
325,hold,40.15
326,hold,39.7
327,hold,40.0
328,hold,40.0
329,hold,39.85
330,hold,39.45
331,hold,40.05
332,hold,39.85
333,hold,40.2
334,hold,41.0
335,hold,40.8
336,buy,40.2
337,hold,40.85
338,hold,41.5
339,sell,42.0
340,hold,42.1
341,buy,42.75
342,hold,43.1
343,hold,43.15
344,hold,43.1
345,hold,42.85
346,hold,43.1
347,hold,43.0
348,hold,42.85
349,hold,43.35
350,hold,43.3
351,hold,43.3
352,hold,43.0
353,hold,43.15
354,hold,43.25
355,hold,43.3
356,hold,43.55
357,hold,43.3
358,hold,42.05
359,hold,42.25
360,hold,42.85
361,hold,42.8
362,hold,42.55
363,hold,43.15
364,hold,43.0
365,hold,43.1
366,hold,42.75
367,hold,43.0
368,hold,43.0
369,hold,43.45
370,hold,44.65
371,hold,45.7
372,sell,45.6
373,buy,47.0
374,hold,48.55
375,hold,47.0
376,hold,47.4
377,hold,47.45
378,hold,47.7
379,hold,48.2
380,hold,48.7
381,hold,49.3
382,hold,49.5
383,hold,47.5
384,hold,48.6
385,hold,47.5
386,hold,46.4
387,hold,46.4
388,hold,44.55
389,hold,45.25
390,hold,45.55
391,hold,45.45
392,hold,46.4
393,hold,46.35
394,hold,46.7
395,hold,47.45
396,hold,46.8
397,hold,46.0
398,hold,46.6
399,hold,48.5
400,sell,48.5
401,buy,49.0
402,hold,48.75
403,hold,48.6
404,hold,49.55
405,hold,49.6
406,hold,48.8
407,hold,49.4
408,hold,48.95
409,hold,50.0
410,sell,49.9
411,buy,49.85
412,hold,50.2
413,hold,50.0
414,hold,49.6
415,hold,49.0
416,hold,48.5
417,hold,48.3
418,hold,48.45
419,hold,49.0
420,hold,49.15
421,hold,49.05
422,hold,48.2
423,hold,48.15
424,hold,47.45
425,hold,46.5
426,hold,46.7
427,hold,46.7
428,hold,46.5
429,hold,46.6
430,hold,48.05
431,hold,47.8
432,hold,48.2
433,hold,48.0
434,hold,49.35
435,hold,48.4
436,hold,49.3
437,hold,48.75
438,hold,48.0
439,hold,46.4
440,hold,47.3
441,hold,47.45
442,hold,47.75
443,hold,48.3
444,hold,48.05
445,hold,48.6
446,hold,50.8
447,sell,51.2
448,hold,50.9
449,hold,51.4
450,hold,51.3
451,hold,51.0
452,hold,50.8
453,hold,50.3
454,hold,50.4
455,hold,51.4
456,hold,51.3
457,hold,50.1
458,hold,50.8
459,hold,50.8
460,hold,49.85
461,hold,49.8
462,hold,50.2
463,hold,50.8
464,hold,50.4
465,hold,50.9
466,hold,50.4
467,hold,50.5
468,hold,50.2
469,hold,50.7
470,hold,49.35
471,hold,48.25
472,hold,49.75
473,hold,50.3
474,hold,50.5
475,hold,51.2
476,hold,50.4
477,buy,49.95
478,hold,49.85
479,hold,49.75
480,hold,49.2
481,hold,48.7
482,hold,47.7
483,hold,47.75
484,hold,48.5
485,hold,49.45
486,hold,49.95
487,hold,50.2
488,hold,49.95
489,hold,50.3
490,hold,50.4
491,hold,50.7
492,hold,50.9
493,hold,50.7
494,hold,50.4
495,hold,48.5
496,hold,49.0
497,hold,49.9
498,hold,49.65
499,hold,49.15
500,hold,50.3
501,hold,49.85
502,hold,49.6
503,hold,49.3
504,hold,49.25
505,hold,49.65
506,hold,50.2
507,hold,50.9
508,sell,50.8
509,buy,50.7
510,hold,51.5
511,hold,51.3
512,hold,51.1
513,hold,50.3
514,hold,50.3
515,hold,50.3
516,hold,51.5
517,hold,51.7
518,hold,51.4
519,hold,51.3
520,hold,52.8
521,hold,52.7
522,hold,52.9
523,hold,53.5
524,sell,55.5
525,buy,55.5
526,hold,56.0
527,hold,55.9
528,hold,55.2
529,hold,55.0
530,hold,54.4
531,hold,55.4
532,hold,55.0
533,hold,56.6
534,hold,58.8
535,hold,58.5
536,hold,56.8
537,hold,56.6
538,hold,56.5
539,hold,58.0
540,hold,58.0
541,hold,57.7
542,hold,57.0
543,hold,57.5
544,hold,56.7
545,hold,57.2
546,hold,55.4
547,hold,55.8
548,hold,56.2
549,hold,55.5
550,hold,57.3
551,hold,57.2
552,hold,56.5
553,hold,57.2
554,hold,57.7
555,hold,57.4
556,hold,57.1
557,hold,56.1
558,hold,57.0
559,hold,56.8
560,hold,57.5
561,hold,57.3
562,hold,57.7
563,hold,61.7
564,sell,61.2
565,hold,63.7
566,hold,65.5
567,hold,65.7
568,hold,66.1
569,hold,68.2
570,hold,67.5
571,hold,66.3
572,hold,64.4
573,hold,66.4
574,hold,65.8
575,hold,66.0
576,hold,66.4
577,hold,63.1
578,hold,63.7
579,hold,62.9
580,hold,65.0
581,hold,64.4
582,hold,62.3
583,hold,62.8
584,hold,63.2
585,hold,63.4
586,hold,64.7
587,hold,64.0
588,hold,63.2
589,hold,62.7
590,hold,63.1
591,hold,62.5
592,hold,61.5
593,hold,62.7
594,hold,63.8
595,hold,62.4
596,hold,62.6
597,hold,62.6
598,hold,63.0
599,hold,63.6
600,hold,62.8
601,hold,61.8
602,hold,61.9
603,hold,63.6
604,hold,64.8
605,hold,64.5
606,hold,64.7
607,hold,64.5
608,hold,62.7
609,hold,61.4
610,hold,61.2
611,hold,61.8
612,hold,62.2
613,hold,61.5
614,hold,62.0
615,hold,60.0
616,hold,58.2
617,hold,60.1
618,hold,60.1
619,hold,60.8
620,hold,60.8
621,hold,60.9
622,hold,60.3
623,hold,61.1
624,hold,60.5
625,hold,60.3
626,hold,60.4
627,hold,58.7
628,hold,56.6
629,hold,55.3
630,hold,57.3
631,hold,57.6
632,hold,56.3
633,hold,57.3
634,hold,58.0
635,hold,57.3
636,hold,57.0
637,hold,58.2
638,hold,56.8
639,hold,52.9
640,hold,53.1
641,hold,53.5
642,hold,53.2
643,hold,51.4
644,hold,50.1
645,hold,51.4
646,hold,49.85
647,hold,50.3
648,hold,51.9
649,hold,53.4
650,hold,53.9
651,hold,54.3
652,hold,55.9
653,hold,52.8
654,hold,52.3
655,hold,52.6
656,hold,52.2
657,hold,52.1
658,hold,51.9
659,hold,53.1
660,hold,52.9
661,hold,53.2
662,hold,52.9
663,hold,52.6
664,hold,53.3
665,hold,55.3
666,hold,55.1
667,hold,53.4
668,hold,54.5
669,hold,53.2
670,hold,52.7
671,hold,52.3
672,hold,51.3
673,hold,52.5
674,hold,52.1
675,hold,52.5
676,hold,52.3
677,hold,53.3
678,hold,52.1
679,hold,52.3
680,hold,52.3
681,hold,52.3
682,hold,52.2
683,hold,52.7
684,hold,53.5
685,hold,53.6
686,hold,53.2
687,hold,52.8
688,hold,53.9
689,hold,53.9
690,hold,53.6
691,hold,53.6
692,hold,52.5
693,hold,52.7
694,hold,53.1
695,hold,54.4
696,hold,55.4
697,hold,55.9
698,hold,54.4
699,hold,54.9
700,hold,53.6
701,hold,53.2
702,hold,52.8
703,hold,52.3
704,hold,53.1
705,hold,53.4
706,hold,52.7
707,hold,53.7
708,hold,53.3
709,hold,53.3
710,hold,53.5
711,hold,52.7
712,hold,53.2
713,hold,52.7
714,hold,52.0
715,hold,51.9
716,hold,51.6
717,hold,51.6
718,hold,50.9
719,hold,50.3
720,hold,49.35
721,hold,48.55
722,hold,48.8
723,hold,48.0
724,hold,46.9
725,hold,45.95
726,hold,45.95
727,hold,47.65
728,hold,46.5
729,hold,46.2
730,hold,46.15
731,hold,46.3
732,hold,46.95
733,hold,47.1
734,hold,47.05
735,hold,46.7
736,hold,46.4
737,hold,45.0
738,hold,43.55
739,hold,42.45
740,hold,41.0
741,hold,39.65
742,hold,39.65
743,hold,39.0
744,hold,39.6
745,hold,39.1
746,hold,38.0
747,hold,36.8
748,hold,37.35
749,hold,37.15
750,hold,35.7
751,hold,35.0
752,hold,35.0
753,hold,36.2
754,hold,35.35
755,hold,35.4
756,hold,35.75
757,hold,36.45
758,hold,38.2
759,hold,38.4
760,hold,38.5
761,hold,37.85
762,hold,36.4
763,hold,38.35
764,hold,37.7
765,hold,38.3
766,hold,38.3
767,hold,38.35
768,hold,38.65
769,hold,38.35
770,hold,39.1
771,hold,39.45
772,hold,39.4
773,hold,40.15
774,hold,41.15
775,hold,41.45
776,hold,41.0
777,hold,41.25
778,hold,40.7
779,hold,40.15
780,hold,40.45
781,hold,40.8
782,hold,39.8
783,hold,40.2
784,hold,40.7
785,hold,40.6
786,hold,40.4
787,hold,40.35
788,hold,40.0
789,hold,39.8
790,hold,39.95
791,hold,39.95
792,hold,39.45
793,hold,39.75
794,hold,41.0
795,hold,40.4
796,hold,39.05
797,hold,39.3
798,hold,39.6
799,hold,39.25
800,hold,39.45
801,hold,40.0
802,hold,40.4
803,hold,40.75
804,hold,40.0
805,hold,40.05
806,hold,39.65
807,hold,39.4
808,hold,39.85
809,hold,39.8
810,hold,40.25
811,hold,39.5
812,hold,38.85
813,hold,39.25
814,hold,38.95
815,hold,38.0
816,hold,37.8
817,hold,37.0
818,hold,36.9
819,hold,36.9
820,hold,36.65
821,hold,36.2
822,hold,35.7
823,hold,36.0
824,hold,36.35
825,hold,36.6
826,hold,36.3
827,hold,36.45
828,hold,37.85
829,hold,37.0
830,hold,37.7
831,hold,37.4
832,hold,37.8
833,hold,38.5
834,hold,38.5
835,hold,39.0
836,hold,38.8
837,hold,38.85
838,hold,38.5
839,hold,39.0
840,hold,39.15
841,hold,38.95
842,hold,38.45
843,hold,39.5
844,hold,39.8
845,hold,38.9
846,hold,39.25
847,hold,39.65
848,hold,39.75
849,hold,40.0
850,hold,39.8
851,buy,38.2
852,hold,36.7
853,hold,36.8
854,hold,37.25
855,hold,37.65
856,hold,37.6
857,hold,37.35
858,hold,37.0
859,hold,36.1
860,hold,36.05
861,hold,36.5
862,hold,37.15
863,hold,37.9
864,hold,38.1
865,hold,39.0
866,hold,39.45
867,hold,40.25
868,sell,40.0
869,buy,40.05
870,hold,40.05
871,hold,39.85
872,hold,40.0
873,hold,39.9
874,hold,40.1
875,hold,39.65
876,hold,40.0
877,hold,39.8
878,hold,39.65
879,hold,39.75
880,hold,40.45
881,hold,41.65
882,sell,41.65
883,buy,42.0
884,hold,41.55
885,hold,41.7
886,hold,41.5
887,hold,41.6
888,hold,41.7
889,hold,41.85
890,hold,41.2
891,hold,40.7
892,hold,41.8
893,hold,41.55
894,hold,42.0
895,hold,42.0
896,hold,43.0
897,hold,44.55
898,hold,44.9
899,hold,44.15
900,hold,44.55
901,hold,45.0
902,hold,46.0
903,hold,46.05
904,hold,46.75
905,hold,45.95
906,hold,44.85
907,hold,44.9
908,hold,44.8
909,hold,44.5
910,hold,45.7
911,hold,46.2
912,hold,46.5
913,hold,46.5
914,hold,46.5
915,hold,45.5
916,hold,46.8
917,hold,46.3
918,hold,46.05
919,hold,46.45
920,hold,46.3
921,hold,45.85
922,hold,45.3
923,hold,45.0
924,hold,45.8
925,hold,45.45
926,hold,45.7
927,hold,45.05
928,hold,45.6
929,hold,45.5
930,hold,45.15
931,hold,44.9
932,hold,44.85
933,hold,45.3
934,hold,45.35
935,hold,45.45
936,hold,44.9
937,hold,44.8
938,hold,44.75
939,hold,44.5
940,hold,43.5
941,hold,43.9
942,hold,44.3
943,hold,44.5
944,hold,42.8
945,hold,45.3
946,hold,45.75
947,hold,48.5
948,hold,47.5
949,hold,47.6
950,hold,47.6
951,hold,47.1
952,hold,48.1
953,hold,48.05
954,hold,47.75
955,hold,48.45
956,hold,49.35
957,hold,49.35
958,hold,49.45
959,hold,49.45
960,hold,50.3
961,hold,50.8
962,hold,51.0
963,hold,51.0
964,hold,51.0
965,hold,51.2
966,hold,51.5
967,sell,51.4
968,hold,52.3
969,hold,51.5
970,hold,53.0
971,hold,52.9
972,hold,52.9
973,hold,52.9
974,hold,52.5
975,hold,50.2
976,hold,49.8
977,hold,50.8
978,hold,50.1
979,hold,50.9
980,hold,50.2
981,hold,51.0
982,hold,51.4
983,hold,51.1
984,hold,51.4
985,hold,51.6
986,hold,51.7
987,hold,52.0
988,hold,51.7
989,hold,52.2
990,hold,51.3
991,hold,50.4
992,hold,51.3
993,hold,50.5
994,hold,50.2
995,hold,50.5
996,hold,50.7
997,hold,50.6
998,hold,50.1
999,hold,49.4
1000,hold,50.5
1001,hold,50.7
1002,hold,50.4
1003,hold,50.7
1004,hold,51.0
1005,hold,50.7
1006,hold,51.3
1007,hold,51.2
1008,hold,51.3
1009,hold,50.8
1010,hold,50.6
1011,hold,50.2
1012,hold,50.5
1013,hold,50.2
1014,hold,49.85
1015,hold,49.75
1016,hold,49.6
1017,hold,49.8
1018,hold,49.8
1019,hold,50.5
1020,hold,50.6
1021,hold,51.5
1022,hold,51.1
1023,hold,51.9
1024,hold,52.3
1025,hold,52.1
1026,hold,52.2
1027,hold,52.2
1028,hold,52.7
1029,hold,52.5
1030,hold,52.5
1031,hold,52.4
1032,hold,53.1
1033,hold,52.7
1034,hold,51.8
1035,hold,51.0
1036,hold,50.5
1037,hold,49.95
1038,hold,49.5
1039,hold,49.0
1040,hold,48.8
1041,hold,48.15
1042,hold,48.35
1043,hold,48.0
1044,hold,47.8
1045,hold,47.9
1046,hold,47.3
1047,hold,47.25
1048,hold,46.5
1049,hold,46.5
1050,hold,47.05
1051,hold,46.95
1052,hold,47.0
1053,hold,47.75
1054,hold,47.0
1055,hold,47.25
1056,hold,47.3
1057,hold,47.55
1058,hold,47.6
1059,hold,47.7
1060,hold,47.6
1061,hold,47.65
1062,hold,47.7
1063,hold,47.5
1064,hold,47.8
1065,hold,47.6
1066,hold,47.95
1067,hold,48.3
1068,hold,48.2
1069,hold,47.6
1070,hold,47.25
1071,hold,47.45
1072,hold,47.35
1073,hold,47.35
1074,hold,47.5
1075,hold,47.1
1076,hold,45.85
1077,hold,45.95
1078,hold,46.15
1079,hold,46.45
1080,hold,46.05
1081,hold,45.9
1082,hold,45.85
1083,hold,45.85
1084,hold,45.8
1085,hold,46.0
1086,hold,46.25
1087,hold,46.25
1088,hold,46.3
1089,hold,46.35
1090,hold,46.8
1091,hold,47.45
1092,hold,47.4
1093,buy,47.25
1094,hold,47.4
1095,hold,48.4
1096,sell,48.4
1097,hold,47.85
1098,hold,48.35
1099,hold,48.45
1100,hold,46.85
1101,hold,47.0
1102,hold,47.0
1103,hold,46.9
1104,hold,46.8
1105,hold,46.45
1106,hold,46.7
1107,hold,47.1
1108,hold,47.55
1109,hold,47.25
1110,hold,47.65
1111,hold,47.65
1112,hold,47.5
1113,hold,47.5
1114,hold,47.15
1115,hold,46.9
1116,hold,46.85
1117,hold,47.0
1118,hold,47.2
1119,hold,46.75
1120,hold,46.9
1121,hold,46.8
1122,hold,47.1
1123,hold,47.25
1124,hold,47.35
1125,hold,47.85
1126,hold,48.2
1127,hold,48.1
1128,hold,47.2
1129,hold,47.3
1130,hold,47.0
1131,hold,47.45
1132,hold,46.95
1133,hold,47.9
1134,hold,47.6
1135,hold,47.3
1136,hold,47.35
1137,hold,47.45
1138,hold,47.25
1139,hold,47.5
1140,hold,48.25
1141,hold,48.15
1142,hold,48.25
1143,hold,48.5
1144,hold,48.25
1145,hold,47.95
1146,hold,48.1
1147,hold,47.6
1148,hold,47.45
1149,hold,47.65
1150,hold,47.35
1151,hold,47.5
1152,hold,47.1
1153,hold,47.1
1154,hold,46.8
1155,hold,47.1
1156,hold,46.95
1157,hold,46.6
1158,hold,46.8
1159,hold,46.75
1160,hold,46.55
1161,hold,46.9
1162,hold,47.0
1163,hold,47.0
1164,hold,47.3
1165,hold,47.2
1166,hold,47.45
1167,hold,47.2
1168,hold,47.1
1169,hold,47.3
1170,hold,47.4
1171,hold,47.45
1172,hold,47.65
1173,hold,47.8
1174,hold,47.8
1175,buy,47.3
1176,hold,47.2
1177,hold,47.25
1178,hold,47.3
1179,hold,47.2
1180,hold,47.5
1181,hold,47.4
1182,hold,47.8
1183,hold,48.0
1184,hold,48.05
1185,hold,48.15
1186,hold,48.35
1187,hold,48.5
1188,sell,48.4
1189,buy,48.45
1190,hold,48.3
1191,hold,48.05
1192,hold,48.1
1193,hold,48.05
1194,hold,48.1
1195,hold,47.9
1196,hold,47.8
1197,hold,47.55
1198,hold,48.0
1199,hold,50.3
1200,hold,50.8
1201,hold,51.2
1202,hold,50.6
1203,hold,49.85
1204,hold,49.35
1205,hold,49.65
1206,hold,49.05
1207,hold,50.9
1208,hold,51.3
1209,hold,51.5
1210,hold,50.6
1211,hold,49.75
1212,hold,50.2
1213,hold,50.2
1214,hold,49.6
1215,hold,50.4
1216,hold,50.7
1217,hold,50.2
1218,hold,50.6
1219,hold,50.7
1220,hold,50.6
1221,hold,50.6
1222,hold,51.0
1223,hold,50.8
1224,hold,50.2
1225,hold,50.4
1226,hold,50.8
1227,hold,50.7
1228,hold,51.0
1229,hold,51.5
1230,hold,51.9
1231,sell,52.2
1232,hold,52.5
1233,hold,52.5
1234,hold,53.0
1235,hold,53.0
1236,hold,53.2
1237,hold,54.1
1238,hold,54.8
1239,hold,54.2
1240,hold,53.8
1241,hold,53.9
1242,hold,54.1
1243,hold,54.0
1244,hold,52.8
1245,hold,53.4
1246,hold,53.2
1247,hold,54.0
1248,hold,53.1
1249,hold,54.2
1250,hold,54.0
1251,hold,53.4
1252,hold,52.1
1253,hold,49.2
1254,hold,50.2
1255,hold,50.6
1256,hold,50.2
1257,hold,51.0
1258,hold,51.9
1259,hold,51.8
1260,hold,52.3
1261,hold,52.2
1262,hold,52.2
1263,hold,52.2
1264,hold,50.8
1265,hold,50.1
1266,hold,50.3
1267,hold,50.3
1268,hold,50.4
1269,hold,50.5
1270,hold,51.8
1271,hold,51.6
1272,hold,51.6
1273,hold,51.2
1274,hold,51.7
1275,hold,51.6
1276,hold,51.7
1277,hold,51.5
1278,hold,51.8
1279,hold,50.3
1280,hold,50.4
1281,hold,50.7
1282,hold,50.3
1283,hold,50.1
1284,hold,50.1
1285,hold,50.2
1286,hold,50.1
1287,hold,49.9
1288,hold,50.3
1289,hold,51.0
1290,hold,51.0
1291,hold,51.0
1292,hold,51.2
1293,hold,50.6
1294,hold,49.95
1295,hold,50.0
1296,hold,50.6
1297,hold,50.4
1298,hold,50.2
1299,hold,50.2
1300,hold,50.3
1301,hold,50.5
1302,hold,50.8
1303,hold,51.0
1304,hold,51.3
1305,hold,50.4
1306,hold,50.1
1307,hold,50.3
1308,hold,50.7
1309,hold,50.7
1310,hold,51.0
1311,hold,51.8
1312,hold,51.8
1313,buy,51.2
1314,hold,52.2
1315,hold,52.5
1316,hold,52.9
1317,hold,53.2
1318,hold,53.7
1319,sell,53.3
1320,hold,53.5
1321,hold,53.1
1322,hold,53.3
1323,hold,52.8
1324,hold,51.2
1325,hold,52.1
1326,hold,51.8
1327,hold,52.8
1328,hold,53.0
1329,hold,53.3
1330,hold,54.0
1331,hold,53.8
1332,hold,53.7
1333,hold,53.5
1334,hold,54.0
1335,hold,52.9
1336,hold,53.7
1337,hold,53.0
1338,hold,53.7
1339,hold,53.9
1340,hold,53.7
1341,hold,53.2
1342,hold,50.9
1343,hold,50.5
1344,hold,50.5
1345,hold,51.1
1346,hold,50.3
1347,hold,50.0
1348,hold,50.0
1349,hold,49.8
1350,hold,49.45
1351,hold,50.1
1352,hold,50.5
1353,hold,50.3
1354,hold,50.7
1355,hold,51.0
1356,hold,50.7
1357,hold,50.8
1358,hold,50.8
1359,hold,50.8
1360,hold,51.0
1361,hold,51.0
1362,hold,50.3
1363,hold,50.2
1364,hold,50.3
1365,hold,50.2
1366,hold,50.4
1367,hold,50.7
1368,hold,51.0
1369,hold,50.2
1370,hold,50.8
1371,hold,50.4
1372,hold,50.5
1373,hold,50.7
1374,hold,50.4
1375,hold,50.9
1376,hold,50.1
1377,hold,50.3
1378,hold,50.1
1379,hold,49.7
1380,hold,49.9
1381,hold,49.9
1382,hold,50.0
1383,hold,50.1
1384,hold,50.1
1385,hold,49.85
1386,hold,50.7
1387,hold,50.8
1388,hold,50.9
1389,hold,50.5
1390,hold,50.9
1391,hold,50.6
1392,hold,50.9
1393,hold,50.2
1394,hold,50.1
1395,hold,49.5
1396,hold,49.4
1397,hold,49.8
1398,hold,49.7
1399,hold,49.9
1400,hold,50.1
1401,hold,50.0
1402,hold,50.0
1403,hold,50.3
1404,hold,50.4
1405,hold,51.1
1406,hold,51.1
1407,hold,51.0
1408,hold,51.9
1409,hold,51.8
1410,hold,52.5
1411,hold,52.1
1412,hold,51.8
1413,hold,51.6
1414,hold,50.9
1415,hold,51.6
1416,hold,51.5
1417,hold,49.65
1418,hold,50.1
1419,hold,49.95
1420,hold,49.7
1421,hold,49.75
1422,hold,49.6
1423,hold,50.2
1424,hold,50.0
1425,hold,49.55
1426,hold,49.15
1427,hold,48.0
1428,hold,47.1
1429,hold,46.9
1430,hold,47.5
1431,hold,48.45
1432,hold,48.3
1433,hold,48.9
1434,hold,49.2
1435,hold,49.8
1436,hold,50.3
1437,hold,50.9
1438,hold,51.1
1439,hold,50.9
1440,hold,51.0
1441,hold,51.2
1442,hold,51.1
1443,hold,51.1
1444,hold,51.5
1445,hold,50.5
1446,hold,50.7
1447,hold,50.8
1448,hold,50.1
1449,hold,49.9
1450,hold,49.1
1451,hold,48.85
1452,hold,48.6
1453,hold,48.8
1454,hold,49.15
1455,hold,48.75
1456,hold,48.35
1457,hold,48.0
1458,hold,48.0
1459,hold,47.5
1460,hold,47.25
1461,hold,47.55
1462,hold,48.05
1463,hold,47.45
1464,hold,47.75
1465,hold,47.05
1466,hold,47.3
1467,hold,47.05
1468,hold,47.3
1469,hold,47.05
1470,hold,46.85
1471,hold,46.5
1472,hold,46.5
1473,hold,46.95
1474,hold,47.05
1475,hold,46.1
1476,hold,45.8
1477,hold,45.3
1478,hold,45.95
1479,hold,45.7
1480,hold,47.05
1481,hold,46.9
1482,hold,45.95
1483,hold,45.0
1484,hold,44.6
1485,hold,44.0
1486,hold,44.05
1487,hold,44.15
1488,hold,44.3
1489,hold,44.25
1490,hold,44.3
1491,hold,44.05
1492,hold,44.0
1493,hold,44.6
1494,hold,44.75
1495,hold,44.55
1496,hold,44.15
1497,hold,44.3
1498,hold,44.6
1499,hold,44.5
1500,hold,44.4
1501,hold,44.75
1502,hold,44.85
1503,hold,45.05
1504,hold,45.1
1505,hold,45.0
1506,hold,45.3
1507,hold,45.45
1508,buy,45.5
1509,hold,45.15
1510,hold,45.1
1511,hold,45.15
1512,hold,45.1
1513,hold,44.7
1514,hold,44.5
1515,hold,45.0
1516,hold,45.25
1517,hold,45.25
1518,hold,45.25
1519,hold,46.0
1520,sell,46.95
1521,hold,47.15
1522,hold,46.9
1523,hold,46.4
1524,hold,45.55
1525,hold,45.5
1526,hold,44.95
1527,hold,45.1
1528,hold,46.0
1529,hold,45.6
1530,hold,46.0
1531,hold,46.0
1532,hold,45.35
1533,hold,45.75
1534,hold,45.5
1535,hold,45.55
1536,hold,45.7
1537,hold,45.7
1538,hold,45.3
1539,hold,45.2
1540,hold,45.0
1541,hold,45.2
1542,hold,45.25
1543,hold,45.35
1544,hold,45.4
1545,hold,45.2
1546,hold,45.5
1547,hold,45.7
1548,hold,45.6
1549,hold,46.4
1550,hold,46.15
1551,hold,45.6
1552,hold,45.4
1553,hold,45.05
1554,hold,44.6
1555,hold,44.6
1556,hold,43.8
1557,hold,43.15
1558,hold,43.25
1559,hold,42.0
1560,hold,41.9
1561,hold,41.9
1562,hold,43.05
1563,hold,42.5
1564,hold,42.5
1565,hold,42.0
1566,hold,42.3
1567,hold,42.3
1568,hold,42.45
1569,hold,42.6
1570,hold,43.25
1571,hold,43.65
1572,hold,43.9
1573,hold,43.1
1574,buy,43.15
1575,hold,44.15
1576,hold,44.45
1577,sell,44.35
1578,buy,43.65
1579,hold,43.55
1580,hold,44.1
1581,hold,44.5
1582,sell,44.8
1583,hold,44.65
1584,hold,44.45
1585,hold,44.9
1586,hold,44.9
1587,hold,45.4
1588,hold,45.8
1589,hold,45.85
1590,hold,46.25
1591,hold,46.25
1592,hold,46.1
1593,hold,44.35
1594,hold,44.3
1595,hold,44.2
1596,hold,44.05
1597,hold,44.3
1598,hold,44.2
1599,hold,43.95
1600,hold,43.85
1601,hold,44.0
1602,hold,43.5
1603,hold,43.45
1604,hold,43.5
1605,hold,43.6
1606,hold,43.55
1607,hold,43.45
1608,hold,43.9
1609,hold,43.5
1610,hold,43.55
1611,hold,43.5
1612,hold,43.2
1613,hold,42.9
1614,hold,42.35
1615,hold,42.0
1616,hold,41.7
1617,hold,41.65
1618,hold,41.9
1619,hold,41.9
1620,hold,42.3
1621,hold,42.05
1622,hold,41.9
1623,hold,43.15
1624,hold,43.35
1625,hold,42.9
1626,hold,42.9
1627,hold,43.1
1628,hold,43.1
1629,hold,43.0
1630,hold,43.5
1631,hold,43.7
1632,hold,43.15
1633,buy,43.65
1634,hold,43.5
1635,hold,43.25
1636,hold,43.45
1637,hold,43.95
1638,hold,44.0
1639,hold,44.55
1640,sell,44.9
1641,buy,44.95
1642,hold,45.0
1643,hold,45.3
1644,hold,45.55
1645,sell,45.6
1646,hold,45.2
1647,hold,45.15
1648,hold,44.85
1649,hold,45.0
1650,hold,44.4
1651,hold,44.6
1652,hold,44.55
1653,hold,45.0
1654,hold,44.75
1655,hold,44.1
1656,hold,44.0
1657,hold,44.0
1658,hold,44.3
1659,hold,43.9
1660,hold,44.8
1661,hold,44.95
1662,hold,45.25
1663,hold,45.3
1664,hold,45.25
1665,hold,45.4
1666,hold,45.5
1667,hold,45.2
1668,hold,45.55
1669,hold,45.5
1670,buy,45.3
1671,hold,45.45
1672,hold,45.45
1673,hold,44.55
1674,hold,44.55
1675,hold,44.95
1676,hold,44.95
1677,hold,45.85
1678,hold,45.5
1679,hold,45.6
1680,hold,45.2
1681,hold,45.55
1682,hold,45.3
1683,hold,45.1
1684,hold,45.3
1685,hold,45.6
1686,hold,45.55
1687,hold,45.45
1688,hold,45.05
1689,hold,45.3
1690,hold,46.1
1691,hold,46.0
1692,hold,45.85
1693,hold,45.4
1694,hold,44.8
1695,hold,44.8
1696,hold,44.9
1697,hold,44.8
1698,hold,45.5
1699,hold,45.45
1700,hold,45.45
1701,hold,45.55
1702,hold,45.95
1703,hold,46.05
1704,hold,47.15
1705,sell,46.6
1706,buy,46.5
1707,hold,46.75
1708,hold,46.75
1709,hold,46.75
1710,hold,46.65
1711,hold,46.5
1712,hold,46.45
1713,hold,46.5
1714,hold,46.75
1715,hold,46.7
1716,hold,46.4
1717,hold,46.45
1718,hold,46.75
1719,hold,46.4
1720,hold,46.3
1721,hold,45.8
1722,hold,46.0
1723,hold,46.4
1724,hold,46.8
1725,hold,47.0
1726,hold,46.8
1727,hold,46.9
1728,hold,47.15
1729,sell,47.1
1730,hold,45.0
1731,hold,45.05
1732,hold,44.15
1733,hold,45.05
1734,hold,45.4
1735,hold,46.0
1736,hold,45.4
1737,hold,45.15
1738,hold,46.0
1739,hold,46.35
1740,hold,46.05
1741,hold,46.15
1742,hold,45.95
1743,hold,46.0
1744,hold,46.35
1745,hold,46.1
1746,hold,45.7
1747,hold,45.0
1748,hold,44.95
1749,hold,44.7
1750,hold,44.45
1751,hold,43.95
1752,hold,44.15
1753,hold,44.45
1754,hold,45.15
1755,hold,44.2
1756,hold,42.35
1757,hold,42.35
1758,hold,42.15
1759,hold,40.5
1760,hold,39.65
1761,hold,38.05
1762,hold,37.35
1763,hold,36.85
1764,hold,34.85
1765,hold,37.5
1766,hold,36.0
1767,hold,36.25
1768,hold,37.1
1769,hold,37.3
1770,hold,38.3
1771,hold,37.9
1772,hold,37.55
1773,hold,37.4
1774,hold,37.3
1775,hold,37.25
1776,hold,37.95
1777,hold,38.2
1778,hold,39.2
1779,hold,39.5
1780,hold,40.65
1781,hold,41.05
1782,hold,40.2
1783,hold,40.6
1784,hold,40.1
1785,hold,39.0
1786,hold,39.45
1787,hold,39.6
1788,hold,39.2
1789,hold,40.1
1790,hold,40.3
1791,hold,41.05
1792,hold,42.3
1793,hold,40.75
1794,hold,40.65
1795,hold,40.55
1796,hold,40.5
1797,hold,40.65
1798,hold,41.2
1799,hold,41.2
1800,hold,40.95
1801,hold,40.55
1802,hold,41.15
1803,hold,41.2
1804,hold,42.0
1805,hold,42.25
1806,hold,42.7
1807,hold,41.7
1808,hold,41.7
1809,hold,42.45
1810,hold,42.65
1811,hold,42.05
1812,hold,42.4
1813,hold,42.5
1814,hold,42.95
1815,hold,43.55
1816,hold,43.55
1817,hold,43.5
1818,hold,43.85
1819,hold,44.0
1820,hold,44.6
1821,hold,43.6
1822,hold,43.25
1823,hold,43.1
1824,hold,44.1
1825,hold,44.3
1826,hold,43.85
1827,hold,43.6
1828,hold,43.6
1829,hold,44.0
1830,hold,44.15
1831,hold,43.8
1832,hold,43.9
1833,hold,42.3
1834,hold,42.1
1835,hold,42.8
1836,hold,43.3
1837,hold,43.3
1838,hold,43.1
1839,hold,42.8
1840,hold,42.4
1841,hold,43.0
1842,hold,42.7
1843,hold,42.8
1844,hold,42.85
1845,hold,42.8
1846,hold,42.65
1847,hold,42.5
1848,hold,43.1
1849,hold,42.7
1850,hold,42.0
1851,hold,41.8
1852,hold,41.7
1853,hold,41.8
1854,hold,42.2
1855,hold,41.75
1856,hold,41.25
1857,hold,41.3
1858,hold,41.4
1859,hold,41.55
1860,hold,41.15
1861,hold,41.75
1862,hold,41.75
1863,hold,41.85
1864,hold,42.0
1865,hold,41.85
1866,hold,42.5
1867,hold,42.55
1868,hold,42.75
1869,hold,41.4
1870,hold,41.8
1871,hold,41.7
1872,hold,43.4
1873,hold,43.4
1874,hold,43.1
1875,hold,43.3
1876,hold,42.8
1877,hold,42.8
1878,hold,42.2
1879,hold,42.75
1880,hold,42.45
1881,hold,42.45
1882,hold,42.5
1883,hold,42.25
1884,hold,43.05
1885,hold,43.45
1886,hold,43.65
1887,hold,43.75
1888,hold,43.75
1889,hold,43.25
1890,hold,42.85
1891,hold,42.4
1892,hold,41.9
1893,hold,41.75
1894,hold,40.6
1895,hold,40.8
1896,hold,41.3
1897,hold,41.65
1898,hold,41.9
1899,hold,41.2
1900,hold,41.5
1901,hold,41.15
1902,hold,41.05
1903,hold,41.45
1904,hold,41.45
1905,hold,41.8
1906,hold,41.3
1907,hold,41.35
1908,hold,41.45
1909,hold,41.4
1910,hold,41.4
1911,hold,41.5
1912,hold,41.4
1913,hold,41.7
1914,hold,41.3
1915,hold,41.35
1916,hold,40.75
1917,hold,40.7
1918,hold,41.45
1919,hold,41.6
1920,hold,41.65
1921,hold,41.65
1922,hold,41.95
1923,hold,42.7
1924,buy,43.6
1925,hold,45.55
1926,hold,45.2
1927,hold,45.3
1928,hold,45.55
1929,hold,45.55
1930,hold,45.5
1931,hold,45.25
1932,hold,44.9
1933,hold,45.5
1934,hold,44.95
1935,hold,45.15
1936,hold,45.6
1937,hold,45.65
1938,hold,44.3
1939,hold,44.8
1940,hold,44.55
1941,hold,44.45
1942,hold,45.15
1943,hold,45.6
1944,hold,45.4
1945,hold,45.1
1946,hold,45.65
1947,hold,47.2
1948,hold,47.3
1949,hold,45.85
1950,hold,46.35
1951,hold,46.2
1952,hold,46.0
1953,hold,45.5
1954,hold,44.9
1955,hold,44.8
1956,hold,45.55
1957,hold,45.5
1958,hold,45.55
1959,hold,45.5
1960,hold,46.9
1961,sell,46.75
